{"type":"FeatureCollection","features":[{"type":"Feature","properties":{"id":"lake-0","name":"Mapped lake/tank"},"geometry":{"type":"MultiPolygon","coordinates":[[[[77.39044,13.02203],[77.39073,13.02188],[77.39077,13.02173],[77.39055,13.02123],[77.38996,13.02078],[77.38981,13.02057],[77.38925,13.0194],[77.38906,13.01926],[77.38887,13.01921],[77.38873,13.019],[77.38838,13.01869],[77.3881,13.01788],[77.38793,13.01689],[77.388,13.01632],[77.3881,13.01599],[77.38821,13.01568],[77.38834,13.01549],[77.38914,13.01489],[77.38816,13.0149],[77.38792,13.01502],[77.38766,13.01529],[77.38752,13.01552],[77.38727,13.01615],[77.38716,13.01664],[77.38707,13.01684],[77.38683,13.01704],[77.38648,13.01711],[77.38551,13.01689],[77.38532,13.01681],[77.38502,13.01657],[77.38468,13.01647],[77.38453,13.01628],[77.38439,13.01587],[77.38412,13.01573],[77.38387,13.01527],[77.38382,13.01511],[77.38385,13.01494],[77.3835,13.01495],[77.3837,13.01558],[77.38411,13.01732],[77.38419,13.01796],[77.3844,13.01812],[77.38461,13.01852],[77.38497,13.0188],[77.38516,13.01908],[77.38513,13.0197],[77.38496,13.01992],[77.38494,13.02001],[77.38498,13.02007],[77.38508,13.0201],[77.38539,13.02015],[77.3855,13.02064],[77.38559,13.02081],[77.38566,13.02088],[77.38599,13.02091],[77.38617,13.02087],[77.38665,13.02061],[77.38698,13.0205],[77.3874,13.02044],[77.38792,13.02045],[77.38812,13.02049],[77.38828,13.02063],[77.38882,13.02131],[77.38953,13.02203],[77.3896,13.02241],[77.38984,13.02312],[77.38976,13.02325],[77.38957,13.02341],[77.38998,13.02335],[77.39037,13.02342],[77.39046,13.02314],[77.39038,13.0223],[77.39038,13.02211],[77.39044,13.02203]]]]}},{"type":"Feature","properties":{"id":"lake-1","name":"Mapped lake/tank"},"geometry":{"type":"MultiPolygon","coordinates":[[[[77.43665,13.16278],[77.43692,13.1618],[77.4369,13.16158],[77.43676,13.16149],[77.43635,13.1615],[77.43612,13.16159],[77.43601,13.16169],[77.43586,13.16196],[77.43597,13.16272],[77.43613,13.16289],[77.43627,13.16291],[77.43641,13.16291],[77.43665,13.16278]]]]}},{"type":"Feature","properties":{"id":"lake-2","name":"Mapped lake/tank"},"geometry":{"type":"MultiPolygon","coordinates":[[[[77.39334,13.03935],[77.39344,13.03931],[77.39345,13.03919],[77.39322,13.03916],[77.3932,13.03929],[77.39334,13.03935]]]]}},{"type":"Feature","properties":{"id":"lake-3","name":"Mapped lake/tank"},"geometry":{"type":"MultiPolygon","coordinates":[[[[77.39296,13.03757],[77.39296,13.03725],[77.39283,13.03713],[77.39266,13.03711],[77.39254,13.03714],[77.39235,13.0373],[77.39228,13.03744],[77.39226,13.03765],[77.39226,13.0377],[77.39259,13.03791],[77.39281,13.03776],[77.39296,13.03757]]]]}},{"type":"Feature","properties":{"id":"lake-4","name":"Mapped lake/tank"},"geometry":{"type":"MultiPolygon","coordinates":[[[[77.44381,13.16259],[77.44354,13.16216],[77.44338,13.16162],[77.44347,13.16045],[77.44347,13.16022],[77.44339,13.16017],[77.44326,13.16025],[77.44316,13.16066],[77.44305,13.16137],[77.44304,13.16211],[77.44318,13.16277],[77.44365,13.16281],[77.44364,13.16296],[77.44378,13.16286],[77.44386,13.1627],[77.44381,13.16259]]]]}},{"type":"Feature","properties":{"id":"lake-5","name":"Mapped lake/tank"},"geometry":{"type":"MultiPolygon","coordinates":[[[[77.40778,13.0733],[77.40846,13.07208],[77.4089,13.07139],[77.40914,13.07114],[77.4093,13.07107],[77.40932,13.07101],[77.40923,13.0709],[77.40912,13.07085],[77.40922,13.07065],[77.4092,13.07058],[77.40795,13.07039],[77.40727,13.07033],[77.40693,13.06969],[77.40687,13.06966],[77.40683,13.06971],[77.40685,13.07018],[77.4068,13.07041],[77.40675,13.07125],[77.40645,13.07203],[77.40633,13.07251],[77.40638,13.07258],[77.40761,13.07332],[77.4077,13.07336],[77.40778,13.0733]]]]}},{"type":"Feature","properties":{"id":"lake-6","name":"Mapped lake/tank"},"geometry":{"type":"MultiPolygon","coordinates":[[[[77.43433,13.08252],[77.43373,13.08202],[77.43369,13.08163],[77.43364,13.08151],[77.43311,13.08129],[77.43299,13.08116],[77.43289,13.08094],[77.43282,13.08055],[77.43282,13.07972],[77.43291,13.0796],[77.43319,13.07947],[77.4333,13.07937],[77.43348,13.07891],[77.43346,13.07879],[77.43286,13.07901],[77.43198,13.07909],[77.43159,13.07903],[77.43143,13.07894],[77.43108,13.07892],[77.42989,13.07904],[77.4296,13.07914],[77.42958,13.07921],[77.42962,13.07938],[77.42958,13.07946],[77.42888,13.07975],[77.42869,13.07985],[77.42852,13.08],[77.42846,13.08032],[77.42862,13.08107],[77.42852,13.08123],[77.42836,13.08129],[77.42824,13.08139],[77.42817,13.0816],[77.42834,13.08193],[77.42871,13.08224],[77.4289,13.08226],[77.42903,13.0822],[77.42939,13.0817],[77.42954,13.08162],[77.43085,13.0814],[77.43111,13.08139],[77.43232,13.08174],[77.4326,13.08185],[77.43279,13.08199],[77.43331,13.08217],[77.43348,13.08235],[77.43362,13.08271],[77.43392,13.08296],[77.43412,13.08297],[77.43431,13.08287],[77.43439,13.08271],[77.43433,13.08252]]]]}},{"type":"Feature","properties":{"id":"lake-7","name":"Mapped lake/tank"},"geometry":{"type":"MultiPolygon","coordinates":[[[[77.41651,13.09861],[77.41628,13.09791],[77.41627,13.09705],[77.4162,13.09704],[77.41605,13.09723],[77.41583,13.09728],[77.41542,13.09765],[77.41492,13.09782],[77.41463,13.09781],[77.41438,13.09771],[77.41396,13.09728],[77.41369,13.09722],[77.41355,13.09731],[77.41354,13.09748],[77.4137,13.09797],[77.41393,13.09819],[77.41443,13.09824],[77.41456,13.09831],[77.41473,13.09851],[77.41493,13.09901],[77.41524,13.09945],[77.4154,13.09945],[77.41636,13.09884],[77.41646,13.09874],[77.41651,13.09861]]]]}},{"type":"Feature","properties":{"id":"lake-8","name":"Mapped lake/tank"},"geometry":{"type":"MultiPolygon","coordinates":[[[[77.42418,13.10418],[77.42412,13.1039],[77.42396,13.10372],[77.42368,13.10376],[77.42354,13.10385],[77.42348,13.10394],[77.42331,13.10451],[77.42329,13.10493],[77.42399,13.10492],[77.42418,13.10418]]]]}},{"type":"Feature","properties":{"id":"lake-9","name":"Mapped lake/tank"},"geometry":{"type":"MultiPolygon","coordinates":[[[[77.43419,13.10208],[77.43451,13.10194],[77.43516,13.1019],[77.43553,13.10191],[77.43554,13.10194],[77.43571,13.10191],[77.43562,13.10153],[77.43635,13.10128],[77.43742,13.10105],[77.43712,13.10084],[77.43713,13.10065],[77.4372,13.1005],[77.43711,13.10037],[77.43738,13.09988],[77.43748,13.09983],[77.43773,13.09989],[77.43775,13.09945],[77.43807,13.09947],[77.4379,13.09872],[77.43784,13.09794],[77.43816,13.09787],[77.4388,13.09716],[77.43956,13.09724],[77.43973,13.09719],[77.43983,13.09709],[77.4399,13.09686],[77.43975,13.09615],[77.43974,13.09569],[77.43982,13.09539],[77.44016,13.095],[77.44019,13.09473],[77.44014,13.09465],[77.44005,13.09464],[77.4396,13.09486],[77.4389,13.09492],[77.43866,13.09474],[77.43838,13.0947],[77.43638,13.09385],[77.4357,13.09344],[77.43538,13.09333],[77.43511,13.0934],[77.43509,13.09345],[77.43521,13.09493],[77.43563,13.09541],[77.43572,13.09565],[77.4357,13.09587],[77.43548,13.09677],[77.4353,13.09731],[77.43523,13.09774],[77.43523,13.09818],[77.43532,13.09882],[77.43538,13.09918],[77.43557,13.09976],[77.43557,13.09993],[77.4355,13.1001],[77.43493,13.10065],[77.43435,13.1011],[77.43416,13.10107],[77.43424,13.10123],[77.4336,13.10167],[77.43361,13.10192],[77.43365,13.10197],[77.43373,13.10201],[77.43395,13.10192],[77.43407,13.10214],[77.43419,13.10208]]]]}},{"type":"Feature","properties":{"id":"lake-10","name":"Mapped lake/tank"},"geometry":{"type":"MultiPolygon","coordinates":[[[[77.44144,13.16367],[77.44262,13.16327],[77.44339,13.1631],[77.44364,13.16296],[77.44365,13.16281],[77.44318,13.16277],[77.44304,13.16211],[77.44305,13.16137],[77.44326,13.16025],[77.44231,13.16084],[77.44218,13.16097],[77.44113,13.1616],[77.44069,13.16195],[77.44052,13.16216],[77.44043,13.16243],[77.44041,13.16289],[77.44029,13.16333],[77.44031,13.16355],[77.4404,13.16371],[77.44085,13.16389],[77.44109,13.16388],[77.44144,13.16367]]]]}},{"type":"Feature","properties":{"id":"lake-11","name":"Hesarghatta Tank"},"geometry":{"type":"MultiPolygon","coordinates":[[[[77.49069,13.15686],[77.49028,13.1567],[77.49004,13.15647],[77.4894,13.1564],[77.48914,13.15657],[77.48899,13.15686],[77.48891,13.15724],[77.48841,13.15858],[77.48829,13.15937],[77.48838,13.15992],[77.48773,13.16009],[77.4876,13.16016],[77.48686,13.16027],[77.48678,13.15989],[77.48656,13.15958],[77.48637,13.15793],[77.48618,13.15691],[77.48561,13.15518],[77.48547,13.15438],[77.48472,13.1534],[77.48452,13.1529],[77.48395,13.15239],[77.48335,13.15241],[77.48243,13.15265],[77.48232,13.15253],[77.48215,13.15244],[77.48202,13.15241],[77.48176,13.15244],[77.48161,13.15194],[77.48154,13.15128],[77.48206,13.15112],[77.48222,13.15103],[77.48234,13.15088],[77.4822,13.14987],[77.48223,13.14954],[77.47999,13.14957],[77.47957,13.14964],[77.47923,13.14976],[77.47742,13.15078],[77.47757,13.15079],[77.47792,13.15069],[77.47848,13.15074],[77.4787,13.15064],[77.47895,13.15046],[77.47985,13.15033],[77.48178,13.14968],[77.48215,13.14965],[77.48179,13.14971],[77.48124,13.14987],[77.47986,13.15035],[77.47896,13.15049],[77.47871,13.15067],[77.47849,13.15076],[77.47781,13.15072],[77.47757,13.15081],[77.47732,13.15081],[77.47705,13.15086],[77.47755,13.15341],[77.47765,13.1541],[77.47767,13.15502],[77.47773,13.15511],[77.4786,13.15514],[77.47874,13.1552],[77.479,13.15517],[77.47918,13.1551],[77.47934,13.15549],[77.47951,13.15508],[77.4802,13.15496],[77.48019,13.15514],[77.4803,13.15515],[77.48089,13.15502],[77.48133,13.15512],[77.48182,13.15502],[77.48192,13.15509],[77.4824,13.15482],[77.48303,13.15456],[77.48354,13.15452],[77.48419,13.15524],[77.48441,13.15587],[77.48466,13.15691],[77.48474,13.15797],[77.48496,13.15948],[77.48477,13.15953],[77.48471,13.1596],[77.48484,13.16001],[77.48488,13.16039],[77.48474,13.1604],[77.48484,13.16125],[77.48531,13.16316],[77.48543,13.16349],[77.48415,13.16497],[77.48289,13.16591],[77.4831,13.1665],[77.48359,13.16687],[77.48441,13.1671],[77.48501,13.16749],[77.48575,13.17116],[77.48576,13.17151],[77.48554,13.17209],[77.4853,13.17242],[77.48496,13.1726],[77.48475,13.17265],[77.48481,13.17303],[77.48482,13.17343],[77.48475,13.17377],[77.48465,13.17398],[77.48428,13.17436],[77.4842,13.1745],[77.48422,13.17477],[77.48446,13.17547],[77.48457,13.17604],[77.48471,13.17634],[77.48484,13.17651],[77.48515,13.17676],[77.48558,13.17748],[77.48606,13.17817],[77.48633,13.17823],[77.48697,13.17804],[77.4882,13.17794],[77.48892,13.17779],[77.48925,13.17762],[77.48935,13.17762],[77.48949,13.17778],[77.48958,13.1781],[77.48963,13.1784],[77.48962,13.17854],[77.48953,13.17867],[77.48958,13.17875],[77.48963,13.17871],[77.49091,13.17886],[77.49069,13.15686]]]]}},{"type":"Feature","properties":{"id":"lake-12","name":"Mapped lake/tank"},"geometry":{"type":"MultiPolygon","coordinates":[[[[77.48486,13.17658],[77.48467,13.17637],[77.48457,13.17615],[77.48442,13.17548],[77.4842,13.17483],[77.48392,13.17464],[77.48385,13.17481],[77.48373,13.17573],[77.48407,13.17631],[77.48408,13.17654],[77.48424,13.17653],[77.4845,13.17691],[77.48431,13.17704],[77.48436,13.17719],[77.48449,13.17734],[77.48491,13.17759],[77.48542,13.17832],[77.48571,13.17828],[77.48572,13.17808],[77.48486,13.17658]]]]}},{"type":"Feature","properties":{"id":"lake-13","name":"Hesarghatta Tank"},"geometry":{"type":"MultiPolygon","coordinates":[[[[77.49069,13.15686],[77.49062,13.14946],[77.48223,13.14954],[77.4822,13.14987],[77.48234,13.15088],[77.48222,13.15103],[77.48206,13.15112],[77.48154,13.15128],[77.48161,13.15194],[77.48176,13.15244],[77.48202,13.15241],[77.48215,13.15244],[77.48232,13.15253],[77.48243,13.15265],[77.48335,13.15241],[77.48395,13.15239],[77.48452,13.1529],[77.48472,13.1534],[77.48547,13.15438],[77.48561,13.15518],[77.48618,13.15691],[77.48637,13.15793],[77.48656,13.15958],[77.48678,13.15989],[77.48686,13.16027],[77.4876,13.16016],[77.48773,13.16009],[77.48838,13.15992],[77.48829,13.15937],[77.48841,13.15858],[77.48891,13.15724],[77.48899,13.15686],[77.48914,13.15657],[77.4894,13.1564],[77.49004,13.15647],[77.49028,13.1567],[77.49069,13.15686]]]]}},{"type":"Feature","properties":{"id":"lake-14","name":"Mapped lake/tank"},"geometry":{"type":"MultiPolygon","coordinates":[[[[77.47724,13.18486],[77.47796,13.18449],[77.47835,13.18417],[77.47864,13.1839],[77.47877,13.18367],[77.47895,13.18346],[77.47913,13.18348],[77.47923,13.1841],[77.47933,13.18425],[77.47966,13.18426],[77.48033,13.18418],[77.48019,13.18336],[77.48022,13.18325],[77.48104,13.18272],[77.48197,13.18199],[77.48237,13.18192],[77.4824,13.18183],[77.48234,13.18136],[77.4824,13.1811],[77.4825,13.18082],[77.48273,13.1805],[77.48295,13.18029],[77.48359,13.18001],[77.4845,13.17934],[77.48478,13.17903],[77.48501,13.17889],[77.48561,13.17893],[77.48582,13.17898],[77.48601,13.17908],[77.48637,13.17914],[77.48677,13.17893],[77.48714,13.17848],[77.48731,13.17841],[77.48853,13.17845],[77.48873,13.17849],[77.48883,13.17859],[77.48888,13.17897],[77.48954,13.1786],[77.48958,13.1784],[77.48953,13.17811],[77.48945,13.1778],[77.48934,13.17766],[77.48926,13.17766],[77.48893,13.17783],[77.4882,13.17799],[77.48698,13.17808],[77.48645,13.17825],[77.48622,13.17827],[77.48603,13.17821],[77.48591,13.17808],[77.48518,13.17688],[77.48486,13.17658],[77.48572,13.17808],[77.48571,13.17828],[77.48542,13.17832],[77.48491,13.17759],[77.48449,13.17734],[77.48436,13.17719],[77.48431,13.17704],[77.4845,13.17691],[77.48424,13.17653],[77.48408,13.17654],[77.48407,13.17631],[77.48373,13.17573],[77.48385,13.17481],[77.48392,13.17464],[77.4842,13.17483],[77.48415,13.17458],[77.48419,13.17443],[77.48462,13.17396],[77.4847,13.17376],[77.48477,13.17343],[77.48477,13.17303],[77.48464,13.1725],[77.48472,13.17305],[77.48444,13.1733],[77.48412,13.17372],[77.48351,13.17477],[77.48267,13.17568],[77.48221,13.17661],[77.48194,13.17695],[77.48112,13.17757],[77.4805,13.17765],[77.48001,13.17764],[77.47941,13.1777],[77.47916,13.17824],[77.47852,13.17891],[77.47683,13.18014],[77.47648,13.18046],[77.47633,13.18043],[77.47542,13.18117],[77.4738,13.18236],[77.47397,13.18248],[77.47448,13.18258],[77.47548,13.18317],[77.47558,13.18333],[77.47556,13.18361],[77.47563,13.18389],[77.47585,13.18434],[77.47591,13.18471],[77.47625,13.18505],[77.47644,13.18516],[77.47666,13.18517],[77.47724,13.18486]]]]}},{"type":"Feature","properties":{"id":"lake-15","name":"Mapped lake/tank"},"geometry":{"type":"MultiPolygon","coordinates":[[[[77.73047,13.16523],[77.73061,13.16514],[77.73072,13.16498],[77.73132,13.16462],[77.73192,13.16432],[77.73236,13.16417],[77.73247,13.16418],[77.73257,13.16432],[77.73275,13.16443],[77.7332,13.16449],[77.73331,13.16447],[77.73338,13.16441],[77.7334,13.16422],[77.73333,13.16411],[77.73262,13.16392],[77.73222,13.16364],[77.73155,13.16283],[77.73121,13.16218],[77.73116,13.16194],[77.73117,13.16156],[77.73111,13.16115],[77.73134,13.16077],[77.73181,13.1604],[77.7318,13.16027],[77.73165,13.1601],[77.73149,13.16014],[77.73132,13.16029],[77.73119,13.16076],[77.73102,13.16095],[77.72981,13.16142],[77.72971,13.16154],[77.72954,13.16165],[77.72954,13.16174],[77.72972,13.1622],[77.72933,13.16249],[77.72923,13.16263],[77.7292,13.16276],[77.72924,13.16289],[77.72953,13.16325],[77.72959,13.16354],[77.72938,13.16362],[77.72921,13.1638],[77.72886,13.1638],[77.72874,13.1639],[77.72877,13.16406],[77.72899,13.1644],[77.72925,13.16454],[77.72933,13.16472],[77.72945,13.1648],[77.72942,13.16495],[77.72925,13.16503],[77.72925,13.16509],[77.72961,13.16512],[77.72986,13.16529],[77.72996,13.16532],[77.73047,13.16523]]]]}},{"type":"Feature","properties":{"id":"lake-16","name":"Hoskote Kere"},"geometry":{"type":"MultiPolygon","coordinates":[[[[77.76254,13.11659],[77.76227,13.11632],[77.76214,13.11606],[77.7621,13.11573],[77.76217,13.1154],[77.76245,13.115],[77.76308,13.1145],[77.76331,13.11424],[77.76357,13.11382],[77.76368,13.11352],[77.76365,13.1131],[77.76344,13.11256],[77.76337,13.11219],[77.76346,13.11144],[77.76355,13.10967],[77.76373,13.10918],[77.76392,13.1092],[77.76397,13.10891],[77.76446,13.10892],[77.76444,13.10868],[77.76448,13.10859],[77.76442,13.10848],[77.76459,13.10841],[77.76494,13.10835],[77.76595,13.10829],[77.76626,13.10819],[77.76642,13.10806],[77.76641,13.10798],[77.76592,13.10815],[77.76493,13.1082],[77.76454,13.10827],[77.76414,13.10845],[77.76379,13.1088],[77.76364,13.10903],[77.7634,13.10964],[77.76332,13.11143],[77.76322,13.11213],[77.76321,13.11243],[77.7634,13.11296],[77.7634,13.11318],[77.76323,13.11348],[77.76304,13.11344],[77.76299,13.11348],[77.76315,13.11355],[77.76315,13.11369],[77.76321,13.11376],[77.76317,13.11392],[77.76326,13.11403],[77.76303,13.11432],[77.76254,13.11468],[77.76224,13.11453],[77.76207,13.11423],[77.76193,13.11383],[77.76188,13.11397],[77.76191,13.11464],[77.76191,13.11492],[77.76186,13.11502],[77.76194,13.11518],[77.76187,13.11576],[77.762,13.11604],[77.76206,13.11639],[77.76221,13.11675],[77.76242,13.11685],[77.76256,13.11703],[77.76258,13.11717],[77.76252,13.11751],[77.76266,13.1176],[77.76284,13.11721],[77.76284,13.11705],[77.76276,13.11682],[77.76254,13.11659]]]]}},{"type":"Feature","properties":{"id":"lake-17","name":"Hoskote Kere"},"geometry":{"type":"MultiPolygon","coordinates":[[[[77.7615,13.10692],[77.7615,13.10646],[77.76262,13.10628],[77.76202,13.10589],[77.76203,13.10563],[77.76215,13.10542],[77.7623,13.10527],[77.76229,13.10443],[77.76218,13.10398],[77.76212,13.10352],[77.76215,13.10343],[77.76494,13.10306],[77.76496,13.10279],[77.76491,13.10257],[77.76477,13.10242],[77.76453,13.10236],[77.76141,13.1027],[77.76126,13.10192],[77.76147,13.10186],[77.76144,13.10153],[77.75857,13.10156],[77.75863,13.10166],[77.75905,13.10178],[77.7594,13.10252],[77.75938,13.10259],[77.75873,13.10268],[77.75879,13.10336],[77.75874,13.1034],[77.75835,13.10345],[77.75845,13.10443],[77.75863,13.10443],[77.75872,13.10485],[77.75909,13.10483],[77.75913,13.10502],[77.75912,13.10507],[77.75844,13.1051],[77.75855,13.10576],[77.75884,13.10571],[77.75887,13.10608],[77.759,13.10609],[77.75904,13.10624],[77.76005,13.1061],[77.76007,13.10641],[77.75883,13.10648],[77.75884,13.10683],[77.75938,13.1068],[77.75939,13.10702],[77.75924,13.10703],[77.75924,13.10725],[77.75931,13.10725],[77.75929,13.10791],[77.75959,13.10792],[77.75961,13.1083],[77.76006,13.1083],[77.7601,13.1089],[77.75974,13.10894],[77.75974,13.1091],[77.75967,13.10917],[77.75967,13.10981],[77.75889,13.10991],[77.75896,13.11053],[77.75876,13.11055],[77.75879,13.11079],[77.75863,13.11081],[77.75875,13.11133],[77.76097,13.11088],[77.76087,13.11031],[77.76134,13.11025],[77.76139,13.10968],[77.76134,13.10922],[77.76235,13.1092],[77.76233,13.109],[77.76228,13.10901],[77.76225,13.10875],[77.76148,13.10876],[77.76142,13.10696],[77.7615,13.10692]]]]}},{"type":"Feature","properties":{"id":"lake-18","name":"Hoskote Kere"},"geometry":{"type":"MultiPolygon","coordinates":[[[[77.76656,13.11554],[77.76661,13.11537],[77.76618,13.11532],[77.76622,13.11493],[77.76631,13.11489],[77.76633,13.11482],[77.76552,13.11479],[77.76545,13.11464],[77.76537,13.11253],[77.76564,13.10986],[77.76568,13.10901],[77.76397,13.10891],[77.76392,13.1092],[77.76373,13.10918],[77.76355,13.10967],[77.76346,13.11144],[77.76337,13.11217],[77.76339,13.11239],[77.76367,13.11318],[77.76368,13.11352],[77.76357,13.11382],[77.7634,13.1141],[77.76297,13.11459],[77.76283,13.11508],[77.76403,13.11525],[77.764,13.11562],[77.76456,13.11566],[77.76462,13.11537],[77.76656,13.11554]]]]}},{"type":"Feature","properties":{"id":"lake-19","name":"Hoskote Kere"},"geometry":{"type":"MultiPolygon","coordinates":[[[[77.75882,13.11175],[77.75885,13.11202],[77.76031,13.11169],[77.76031,13.11163],[77.76023,13.11146],[77.75882,13.11175]]]]}},{"type":"Feature","properties":{"id":"lake-20","name":"Hoskote Kere"},"geometry":{"type":"MultiPolygon","coordinates":[[[[77.75958,13.11332],[77.75953,13.11302],[77.76108,13.11281],[77.76076,13.11242],[77.76195,13.11226],[77.76194,13.11201],[77.76057,13.11216],[77.76039,13.11189],[77.75889,13.11217],[77.75916,13.11333],[77.75924,13.11335],[77.75958,13.11332]]]]}},{"type":"Feature","properties":{"id":"lake-21","name":"Mapped lake/tank"},"geometry":{"type":"MultiPolygon","coordinates":[[[[77.73102,13.12512],[77.73104,13.12502],[77.7309,13.12477],[77.73098,13.12453],[77.73096,13.12441],[77.73087,13.12436],[77.7303,13.12458],[77.73044,13.12492],[77.73046,13.12514],[77.73102,13.12512]]]]}},{"type":"Feature","properties":{"id":"lake-22","name":"Mapped lake/tank"},"geometry":{"type":"MultiPolygon","coordinates":[[[[77.75904,13.10624],[77.75908,13.10646],[77.76007,13.10641],[77.76005,13.1061],[77.75904,13.10624]]]]}},{"type":"Feature","properties":{"id":"lake-23","name":"Hoskote Kere"},"geometry":{"type":"MultiPolygon","coordinates":[[[[77.76345,13.10951],[77.76261,13.1095],[77.7626,13.10919],[77.76274,13.10922],[77.76343,13.10919],[77.76351,13.1091],[77.7638,13.10838],[77.76381,13.10823],[77.76309,13.10821],[77.76292,13.10787],[77.76289,13.1076],[77.76291,13.10751],[77.7631,13.10749],[77.76359,13.10756],[77.76389,13.10749],[77.76391,13.10682],[77.76382,13.10676],[77.7615,13.10692],[77.76142,13.10696],[77.76148,13.10876],[77.76225,13.10875],[77.76228,13.10901],[77.76233,13.109],[77.76235,13.1092],[77.76134,13.10922],[77.76139,13.10968],[77.76134,13.11025],[77.76087,13.11031],[77.76097,13.11088],[77.75875,13.11133],[77.75882,13.11175],[77.76023,13.11146],[77.76031,13.11163],[77.76031,13.11169],[77.75885,13.11202],[77.75889,13.11217],[77.76039,13.11189],[77.76057,13.11216],[77.76194,13.11201],[77.76195,13.11226],[77.76076,13.11242],[77.76108,13.11281],[77.75953,13.11302],[77.75958,13.11332],[77.75986,13.11324],[77.76161,13.11305],[77.76173,13.11312],[77.76176,13.11319],[77.76189,13.11371],[77.76207,13.11423],[77.76224,13.11453],[77.76254,13.11468],[77.76316,13.11419],[77.76326,13.11403],[77.76317,13.11392],[77.76321,13.11376],[77.76315,13.11369],[77.76315,13.11355],[77.76299,13.11348],[77.76304,13.11344],[77.76323,13.11348],[77.7634,13.11318],[77.7634,13.11296],[77.7632,13.1124],[77.76332,13.11143],[77.76336,13.11009],[77.7634,13.10964],[77.76345,13.10951]]]]}},{"type":"Feature","properties":{"id":"lake-24","name":"Mapped lake/tank"},"geometry":{"type":"MultiPolygon","coordinates":[[[[77.72443,13.15894],[77.72462,13.15885],[77.7247,13.15868],[77.72446,13.15832],[77.72411,13.15824],[77.72405,13.15856],[77.72405,13.159],[77.72443,13.15894]]]]}},{"type":"Feature","properties":{"id":"lake-25","name":"Hoskote Kere"},"geometry":{"type":"MultiPolygon","coordinates":[[[[77.7625,13.11753],[77.76255,13.11708],[77.7624,13.11687],[77.76219,13.11677],[77.76203,13.1164],[77.76197,13.11605],[77.76184,13.11577],[77.76192,13.11518],[77.76183,13.11503],[77.76188,13.11491],[77.76189,13.11464],[77.76185,13.11404],[77.7619,13.11383],[77.76171,13.11313],[77.76156,13.11308],[77.75986,13.11327],[77.75958,13.11335],[77.75919,13.11338],[77.75913,13.11334],[77.75915,13.11347],[77.75933,13.11363],[77.75952,13.1136],[77.75957,13.11413],[77.75945,13.11415],[77.75945,13.11462],[77.75865,13.11468],[77.75868,13.1149],[77.75983,13.11494],[77.75983,13.11518],[77.75942,13.11522],[77.75945,13.11586],[77.75964,13.11584],[77.75968,13.11652],[77.75947,13.11653],[77.75948,13.11692],[77.75944,13.11693],[77.75942,13.1171],[77.75925,13.1171],[77.7593,13.11756],[77.76221,13.11754],[77.76247,13.11759],[77.7625,13.11753]]]]}},{"type":"Feature","properties":{"id":"lake-26","name":"Mapped lake/tank"},"geometry":{"type":"MultiPolygon","coordinates":[[[[77.74192,13.10193],[77.74195,13.10174],[77.73842,13.10177],[77.73848,13.10204],[77.73865,13.10209],[77.73871,13.1022],[77.73876,13.10276],[77.73897,13.10288],[77.73928,13.10292],[77.73958,13.10287],[77.74044,13.10246],[77.74056,13.10235],[77.74165,13.1021],[77.74192,13.10193]]]]}},{"type":"Feature","properties":{"id":"lake-27","name":"Mapped lake/tank"},"geometry":{"type":"MultiPolygon","coordinates":[[[[77.74841,13.11204],[77.74858,13.11201],[77.74885,13.11187],[77.74914,13.11158],[77.74931,13.11121],[77.74928,13.11065],[77.74918,13.11067],[77.74905,13.11087],[77.74881,13.11094],[77.7488,13.11108],[77.74896,13.11112],[77.749,13.11116],[77.74878,13.11165],[77.74868,13.11173],[77.74825,13.11178],[77.74826,13.11202],[77.74841,13.11204]]]]}},{"type":"Feature","properties":{"id":"lake-28","name":"Mapped lake/tank"},"geometry":{"type":"MultiPolygon","coordinates":[[[[77.75121,13.10568],[77.75118,13.10521],[77.75107,13.10492],[77.75085,13.10486],[77.75066,13.10491],[77.75053,13.10509],[77.7506,13.10544],[77.75087,13.10566],[77.75103,13.1057],[77.75121,13.10568]]]]}},{"type":"Feature","properties":{"id":"lake-29","name":"Mapped lake/tank"},"geometry":{"type":"MultiPolygon","coordinates":[[[[77.72604,13.11468],[77.72639,13.11475],[77.72669,13.11495],[77.72697,13.11499],[77.72716,13.11492],[77.72741,13.11468],[77.72743,13.11456],[77.72731,13.11431],[77.72712,13.11412],[77.72705,13.11391],[77.72673,13.11381],[77.72678,13.11345],[77.72707,13.11295],[77.72714,13.1128],[77.72714,13.11268],[77.7261,13.11254],[77.726,13.11254],[77.72588,13.11262],[77.72526,13.11321],[77.72522,13.11399],[77.72508,13.11418],[77.72454,13.1147],[77.72459,13.11475],[77.72568,13.11465],[77.72604,13.11468]]]]}},{"type":"Feature","properties":{"id":"lake-30","name":"Hoskote Kere"},"geometry":{"type":"MultiPolygon","coordinates":[[[[77.76446,13.10892],[77.76574,13.10901],[77.76671,13.10913],[77.76663,13.10147],[77.76144,13.10153],[77.76147,13.10186],[77.76126,13.10192],[77.76141,13.1027],[77.76453,13.10236],[77.76477,13.10242],[77.76491,13.10257],[77.76496,13.10279],[77.76494,13.10306],[77.76215,13.10343],[77.76212,13.10352],[77.76218,13.10398],[77.76229,13.10443],[77.7623,13.10527],[77.76215,13.10542],[77.76203,13.10563],[77.76202,13.10589],[77.76262,13.10628],[77.7615,13.10646],[77.7615,13.10692],[77.76382,13.10676],[77.76391,13.10682],[77.76389,13.10749],[77.76359,13.10756],[77.7631,13.10749],[77.76291,13.10751],[77.76289,13.1076],[77.76292,13.10787],[77.76309,13.10821],[77.76381,13.10823],[77.7638,13.10838],[77.76351,13.1091],[77.76343,13.10919],[77.76274,13.10922],[77.7626,13.10919],[77.76261,13.1095],[77.76345,13.10951],[77.76364,13.10903],[77.76379,13.1088],[77.76414,13.10845],[77.76454,13.10827],[77.76493,13.1082],[77.76592,13.10815],[77.76637,13.10798],[77.76643,13.108],[77.76639,13.10809],[77.76626,13.10819],[77.76595,13.10829],[77.76494,13.10835],[77.76459,13.10841],[77.76442,13.10848],[77.76448,13.10859],[77.76444,13.10868],[77.76446,13.10892]]]]}},{"type":"Feature","properties":{"id":"lake-31","name":"Mapped lake/tank"},"geometry":{"type":"MultiPolygon","coordinates":[[[[77.72385,13.17387],[77.72447,13.17356],[77.72464,13.17336],[77.72517,13.17314],[77.7252,13.17309],[77.72515,13.17301],[77.72515,13.17287],[77.72531,13.17264],[77.72531,13.17256],[77.72518,13.17244],[77.72481,13.17244],[77.72401,13.17267],[77.72366,13.17263],[77.72238,13.17169],[77.7221,13.17133],[77.72208,13.17115],[77.72216,13.17089],[77.7225,13.17041],[77.72251,13.1703],[77.72219,13.16973],[77.72212,13.16971],[77.72204,13.1699],[77.72219,13.1703],[77.72201,13.17082],[77.72185,13.17087],[77.72181,13.17092],[77.72184,13.17144],[77.7215,13.17157],[77.72149,13.17165],[77.72158,13.1718],[77.72157,13.17195],[77.72149,13.17208],[77.72133,13.17219],[77.72137,13.17594],[77.72176,13.17583],[77.72197,13.17564],[77.72295,13.17499],[77.72328,13.17473],[77.72362,13.17464],[77.72375,13.17426],[77.7237,13.174],[77.72376,13.17391],[77.72385,13.17387]]]]}},{"type":"Feature","properties":{"id":"lake-32","name":"Mapped lake/tank"},"geometry":{"type":"MultiPolygon","coordinates":[[[[77.8241,12.92494],[77.82404,12.9246],[77.82394,12.92435],[77.82388,12.92431],[77.82372,12.92434],[77.82363,12.92454],[77.82281,12.92509],[77.82247,12.92539],[77.82224,12.92568],[77.82198,12.92582],[77.8218,12.926],[77.82106,12.92629],[77.82102,12.92645],[77.82107,12.92659],[77.82116,12.9267],[77.82129,12.92677],[77.82186,12.92677],[77.82265,12.92701],[77.82335,12.92737],[77.8239,12.92789],[77.82451,12.92749],[77.82462,12.92733],[77.82417,12.92553],[77.8241,12.92494]]]]}},{"type":"Feature","properties":{"id":"lake-33","name":"Mapped lake/tank"},"geometry":{"type":"MultiPolygon","coordinates":[[[[77.81781,12.88062],[77.81829,12.88023],[77.81899,12.88026],[77.81936,12.88036],[77.81962,12.88011],[77.81965,12.88002],[77.81959,12.87982],[77.81903,12.87866],[77.81896,12.87826],[77.81875,12.87793],[77.81864,12.87744],[77.81829,12.8768],[77.81788,12.87636],[77.8179,12.87607],[77.81811,12.87559],[77.81813,12.87531],[77.81809,12.8752],[77.81804,12.87517],[77.81775,12.87526],[77.81705,12.87512],[77.81695,12.87515],[77.81685,12.87536],[77.81666,12.87542],[77.81632,12.87536],[77.81582,12.87517],[77.81579,12.87512],[77.81385,12.87514],[77.81425,12.87566],[77.81442,12.87632],[77.81438,12.8764],[77.81429,12.87644],[77.81388,12.87651],[77.81372,12.87666],[77.81355,12.8767],[77.81355,12.87691],[77.81369,12.87713],[77.81381,12.87719],[77.81407,12.87717],[77.81422,12.87721],[77.81444,12.87859],[77.81452,12.87881],[77.81459,12.87886],[77.81512,12.8789],[77.81524,12.87908],[77.81581,12.8793],[77.81712,12.87988],[77.81717,12.87995],[77.8172,12.88028],[77.81726,12.8804],[77.81781,12.88062]]]]}},{"type":"Feature","properties":{"id":"lake-34","name":"Mapped lake/tank"},"geometry":{"type":"MultiPolygon","coordinates":[[[[77.81799,12.89462],[77.81772,12.89435],[77.81722,12.89414],[77.8169,12.89409],[77.81655,12.89414],[77.81599,12.8944],[77.81616,12.89464],[77.81621,12.89486],[77.81614,12.89498],[77.81597,12.89511],[77.8156,12.8953],[77.8147,12.89557],[77.81413,12.89582],[77.81405,12.89592],[77.81411,12.89602],[77.81457,12.89614],[77.81479,12.89624],[77.81509,12.89646],[77.81526,12.89673],[77.81532,12.89712],[77.81527,12.89733],[77.81472,12.89733],[77.81438,12.89675],[77.81422,12.89655],[77.81402,12.89643],[77.81371,12.89633],[77.8133,12.89634],[77.81298,12.89631],[77.81289,12.89638],[77.81283,12.89657],[77.81286,12.89693],[77.81281,12.89702],[77.81268,12.89698],[77.81256,12.89681],[77.81232,12.89625],[77.81222,12.89587],[77.81232,12.89565],[77.81177,12.89575],[77.81159,12.89584],[77.8114,12.89605],[77.81139,12.89631],[77.81171,12.89688],[77.81186,12.89699],[77.81295,12.89721],[77.81355,12.89725],[77.81437,12.89746],[77.81592,12.89844],[77.8161,12.89851],[77.81628,12.89845],[77.81693,12.89877],[77.81709,12.89925],[77.81724,12.89948],[77.81728,12.89995],[77.81738,12.90012],[77.8174,12.90025],[77.81752,12.90009],[77.81746,12.8998],[77.81756,12.89951],[77.81747,12.89862],[77.81709,12.89819],[77.81669,12.8975],[77.81651,12.89709],[77.8165,12.89676],[77.81664,12.89598],[77.81675,12.89584],[77.81719,12.8955],[77.8173,12.89499],[77.81756,12.89475],[77.81799,12.89462]]]]}},{"type":"Feature","properties":{"id":"lake-35","name":"Mapped lake/tank"},"geometry":{"type":"MultiPolygon","coordinates":[[[[77.81599,12.8944],[77.81519,12.89493],[77.81474,12.89515],[77.81315,12.89553],[77.81232,12.89565],[77.81222,12.89587],[77.81232,12.89625],[77.81256,12.89681],[77.81268,12.89698],[77.81281,12.89702],[77.81286,12.89693],[77.81283,12.89657],[77.81289,12.89638],[77.81298,12.89631],[77.8133,12.89634],[77.81371,12.89633],[77.81402,12.89643],[77.81422,12.89655],[77.81438,12.89675],[77.81472,12.89733],[77.81527,12.89733],[77.81532,12.89712],[77.81526,12.89673],[77.81509,12.89646],[77.81479,12.89624],[77.81457,12.89614],[77.81411,12.89602],[77.81405,12.89592],[77.81413,12.89582],[77.8147,12.89557],[77.8156,12.8953],[77.81597,12.89511],[77.81614,12.89498],[77.81621,12.89486],[77.81616,12.89464],[77.81599,12.8944]]]]}},{"type":"Feature","properties":{"id":"lake-36","name":"Mapped lake/tank"},"geometry":{"type":"MultiPolygon","coordinates":[[[[77.81077,12.91244],[77.8108,12.91234],[77.81063,12.91221],[77.81061,12.91195],[77.81057,12.91189],[77.81058,12.91247],[77.81077,12.91244]]]]}},{"type":"Feature","properties":{"id":"lake-37","name":"Mapped lake/tank"},"geometry":{"type":"MultiPolygon","coordinates":[[[[77.82652,12.92068],[77.8264,12.92017],[77.82579,12.92018],[77.82586,12.9206],[77.82614,12.92062],[77.82644,12.92074],[77.82652,12.92068]]]]}},{"type":"Feature","properties":{"id":"lake-38","name":"Mapped lake/tank"},"geometry":{"type":"MultiPolygon","coordinates":[[[[77.49072,13.21379],[77.49067,13.21347],[77.49041,13.21337],[77.49032,13.21321],[77.4903,13.21304],[77.49046,13.21294],[77.49061,13.21295],[77.49083,13.21335],[77.49116,13.2133],[77.49122,13.21349],[77.49121,13.21368],[77.49127,13.21366],[77.49124,13.21137],[77.49097,13.2113],[77.49095,13.21118],[77.4906,13.21121],[77.49033,13.21132],[77.49005,13.2113],[77.49034,13.21196],[77.48963,13.21204],[77.48992,13.21283],[77.4898,13.21296],[77.48985,13.21315],[77.48969,13.21322],[77.48988,13.21397],[77.49072,13.21379]]]]}},{"type":"Feature","properties":{"id":"lake-39","name":"Mapped lake/tank"},"geometry":{"type":"MultiPolygon","coordinates":[[[[77.48494,13.2134],[77.485,13.21317],[77.48554,13.21302],[77.48586,13.21286],[77.48588,13.21279],[77.48581,13.21264],[77.48594,13.21244],[77.48594,13.21237],[77.48562,13.21215],[77.48554,13.21201],[77.48545,13.21169],[77.4854,13.21114],[77.48533,13.21147],[77.4853,13.21212],[77.48452,13.21268],[77.48478,13.21326],[77.48484,13.21351],[77.48494,13.2134]]]]}},{"type":"Feature","properties":{"id":"lake-40","name":"Mapped lake/tank"},"geometry":{"type":"MultiPolygon","coordinates":[[[[77.48466,13.20325],[77.48423,13.20364],[77.48395,13.20405],[77.48413,13.20402],[77.48427,13.20409],[77.48459,13.20404],[77.48473,13.20358],[77.48466,13.20325]]]]}},{"type":"Feature","properties":{"id":"lake-41","name":"Mapped lake/tank"},"geometry":{"type":"MultiPolygon","coordinates":[[[[77.49122,13.20915],[77.49106,13.20917],[77.49101,13.20923],[77.49105,13.20949],[77.4912,13.20974],[77.4912,13.21002],[77.4912,13.21022],[77.49103,13.21095],[77.48993,13.21105],[77.49005,13.2113],[77.49033,13.21132],[77.4906,13.21121],[77.49095,13.21118],[77.49097,13.2113],[77.49124,13.21137],[77.49122,13.20915]]]]}},{"type":"Feature","properties":{"id":"lake-42","name":"Mapped lake/tank"},"geometry":{"type":"MultiPolygon","coordinates":[[[[77.49077,13.21377],[77.49121,13.21368],[77.49122,13.21349],[77.49119,13.21333],[77.49116,13.2133],[77.49083,13.21335],[77.49061,13.21295],[77.49046,13.21294],[77.4903,13.21304],[77.49032,13.21321],[77.49041,13.21337],[77.49067,13.21347],[77.49072,13.21379],[77.49077,13.21377]]]]}},{"type":"Feature","properties":{"id":"lake-43","name":"Mapped lake/tank"},"geometry":{"type":"MultiPolygon","coordinates":[[[[77.62211,13.19885],[77.62208,13.19872],[77.62191,13.19874],[77.62143,13.19919],[77.62132,13.19949],[77.6213,13.19978],[77.62139,13.20001],[77.62165,13.20037],[77.62182,13.20049],[77.62193,13.20035],[77.62197,13.20019],[77.62197,13.19904],[77.62211,13.19885]]]]}},{"type":"Feature","properties":{"id":"lake-44","name":"Mapped lake/tank"},"geometry":{"type":"MultiPolygon","coordinates":[[[[77.62956,13.20095],[77.62955,13.20088],[77.62945,13.20085],[77.62945,13.201],[77.62956,13.20095]]]]}},{"type":"Feature","properties":{"id":"lake-45","name":"Mapped lake/tank"},"geometry":{"type":"MultiPolygon","coordinates":[[[[77.61876,13.19358],[77.6186,13.19364],[77.61867,13.19402],[77.61862,13.19405],[77.61839,13.194],[77.6183,13.19405],[77.61812,13.19427],[77.61807,13.19424],[77.61789,13.19389],[77.61785,13.19388],[77.61762,13.19404],[77.61763,13.1943],[77.61769,13.19442],[77.61833,13.19453],[77.6188,13.19437],[77.61892,13.19423],[77.61896,13.19409],[77.61876,13.19358]]]]}},{"type":"Feature","properties":{"id":"lake-46","name":"Mapped lake/tank"},"geometry":{"type":"MultiPolygon","coordinates":[[[[77.62182,13.20049],[77.6215,13.20019],[77.62139,13.20001],[77.62129,13.19969],[77.62143,13.19919],[77.62191,13.19874],[77.62158,13.19886],[77.62103,13.19932],[77.62076,13.19947],[77.62074,13.19954],[77.62078,13.1997],[77.62127,13.2001],[77.62158,13.20055],[77.6217,13.2006],[77.62182,13.20049]]]]}},{"type":"Feature","properties":{"id":"lake-47","name":"Mapped lake/tank"},"geometry":{"type":"MultiPolygon","coordinates":[[[[77.62945,13.20085],[77.62913,13.20076],[77.62903,13.20065],[77.62884,13.20028],[77.62851,13.19913],[77.62837,13.19815],[77.62797,13.1984],[77.62779,13.19863],[77.62626,13.19901],[77.62606,13.19907],[77.62559,13.19932],[77.62485,13.19951],[77.6248,13.19985],[77.62487,13.20067],[77.62613,13.20067],[77.62653,13.20059],[77.62752,13.20064],[77.6284,13.20074],[77.62866,13.20084],[77.62945,13.201],[77.62945,13.20085]]]]}},{"type":"Feature","properties":{"id":"lake-48","name":"Mapped lake/tank"},"geometry":{"type":"MultiPolygon","coordinates":[[[[77.48137,13.19224],[77.48119,13.19152],[77.48105,13.19139],[77.48101,13.19103],[77.48104,13.19086],[77.48135,13.19039],[77.48157,13.19043],[77.48174,13.19036],[77.48132,13.19011],[77.48117,13.19012],[77.48081,13.19034],[77.47941,13.19172],[77.47894,13.19199],[77.47803,13.19219],[77.47735,13.1922],[77.47661,13.19202],[77.47607,13.19177],[77.47591,13.19161],[77.47589,13.19174],[77.47593,13.19183],[77.47602,13.19266],[77.47616,13.19275],[77.47711,13.19285],[77.47755,13.19312],[77.47789,13.19348],[77.47807,13.19374],[77.47828,13.19391],[77.47841,13.19408],[77.47848,13.19426],[77.47847,13.19461],[77.47851,13.19476],[77.47995,13.19474],[77.48067,13.19449],[77.4808,13.19435],[77.48101,13.19397],[77.48105,13.19379],[77.48102,13.19357],[77.4811,13.19333],[77.48112,13.19297],[77.48148,13.19261],[77.48151,13.19244],[77.48146,13.19231],[77.48137,13.19224]]]]}},{"type":"Feature","properties":{"id":"lake-49","name":"Mapped lake/tank"},"geometry":{"type":"MultiPolygon","coordinates":[[[[77.47916,13.19547],[77.47952,13.1955],[77.47954,13.19546],[77.47941,13.19527],[77.47944,13.19508],[77.47957,13.19493],[77.47991,13.19484],[77.47995,13.19474],[77.47851,13.19476],[77.47872,13.19555],[77.47885,13.19558],[77.47916,13.19547]]]]}},{"type":"Feature","properties":{"id":"lake-50","name":"Mapped lake/tank"},"geometry":{"type":"MultiPolygon","coordinates":[[[[77.6183,13.19405],[77.61839,13.194],[77.61862,13.19405],[77.61867,13.19402],[77.6186,13.19364],[77.61876,13.19358],[77.61873,13.19336],[77.61734,13.19337],[77.61745,13.19347],[77.61749,13.19384],[77.61785,13.1938],[77.61785,13.19388],[77.61793,13.19394],[77.61808,13.19427],[77.6183,13.19405]]]]}},{"type":"Feature","properties":{"id":"lake-51","name":"Hoskote Tank"},"geometry":{"type":"MultiPolygon","coordinates":[[[[77.767,13.09282],[77.767,13.0925],[77.76716,13.09204],[77.7671,13.09185],[77.76677,13.09148],[77.7667,13.09134],[77.76669,13.09091],[77.76684,13.09084],[77.76706,13.09082],[77.76745,13.09095],[77.76904,13.09102],[77.76914,13.09093],[77.76919,13.09029],[77.77038,13.0904],[77.77059,13.09039],[77.77067,13.09033],[77.77075,13.08924],[77.77071,13.08917],[77.77038,13.08896],[77.77036,13.08887],[77.77043,13.08869],[77.77164,13.08886],[77.77181,13.08879],[77.77193,13.08866],[77.77226,13.08872],[77.77233,13.08869],[77.77244,13.08836],[77.77253,13.08777],[77.77177,13.08759],[77.77184,13.08724],[77.77157,13.08714],[77.77155,13.08682],[77.77121,13.08667],[77.77122,13.08641],[77.77117,13.08637],[77.77055,13.08624],[77.77033,13.08616],[77.7703,13.08609],[77.77038,13.08553],[77.77043,13.08547],[77.77073,13.08555],[77.77078,13.08551],[77.77126,13.08455],[77.77138,13.08409],[77.77217,13.08432],[77.7723,13.0843],[77.77247,13.08349],[77.77253,13.08345],[77.7729,13.08346],[77.77295,13.0827],[77.77302,13.08257],[77.77319,13.08248],[77.77309,13.08205],[77.77303,13.08152],[77.77309,13.08075],[77.77405,13.08072],[77.77416,13.08065],[77.77426,13.08049],[77.77434,13.08047],[77.7755,13.08091],[77.77557,13.08091],[77.7757,13.08064],[77.77503,13.08033],[77.77492,13.08021],[77.7752,13.0796],[77.77517,13.07949],[77.77531,13.07932],[77.77558,13.07912],[77.77506,13.07836],[77.77485,13.07864],[77.77412,13.07923],[77.77362,13.07866],[77.77412,13.07828],[77.77398,13.07808],[77.77473,13.07748],[77.7751,13.07731],[77.77593,13.07719],[77.77585,13.0771],[77.77556,13.07706],[77.77461,13.07727],[77.77329,13.07777],[77.77338,13.07798],[77.77302,13.07833],[77.77214,13.07856],[77.77197,13.07832],[77.77183,13.07828],[77.77158,13.07779],[77.77093,13.07603],[77.7709,13.07508],[77.77094,13.07501],[77.77134,13.07501],[77.77129,13.07427],[77.77217,13.07423],[77.77221,13.07402],[77.77218,13.07323],[77.77228,13.07311],[77.7722,13.07262],[77.77221,13.07223],[77.77233,13.07157],[77.77271,13.07091],[77.77272,13.0704],[77.77263,13.07022],[77.77262,13.0701],[77.77322,13.06942],[77.77323,13.06927],[77.77344,13.06881],[77.77352,13.0685],[77.77406,13.0683],[77.77443,13.06804],[77.7745,13.06791],[77.77442,13.0677],[77.77457,13.06715],[77.77483,13.06678],[77.77475,13.06651],[77.77488,13.06628],[77.77578,13.0655],[77.77537,13.06501],[77.77486,13.06536],[77.77417,13.06622],[77.77394,13.06643],[77.7737,13.06647],[77.77262,13.06645],[77.77129,13.06593],[77.76997,13.06509],[77.76937,13.06454],[77.76865,13.06371],[77.7686,13.06313],[77.76847,13.06264],[77.76844,13.06178],[77.76833,13.06117],[77.76814,13.06043],[77.76813,13.06014],[77.76822,13.05911],[77.76821,13.05817],[77.76828,13.05792],[77.7686,13.05742],[77.76799,13.05693],[77.76787,13.05695],[77.76776,13.05704],[77.76767,13.05702],[77.76698,13.05668],[77.76669,13.05647],[77.76661,13.05647],[77.76646,13.0565],[77.76636,13.05667],[77.76628,13.05705],[77.76627,13.05719],[77.76631,13.05726],[77.76658,13.05745],[77.76682,13.05753],[77.76692,13.0575],[77.76718,13.05728],[77.76729,13.05731],[77.7669,13.05809],[77.76667,13.05865],[77.76684,13.05937],[77.7674,13.05954],[77.76731,13.06044],[77.76734,13.0609],[77.76762,13.06105],[77.76765,13.06145],[77.76794,13.06197],[77.76794,13.0622],[77.76783,13.06241],[77.76786,13.06261],[77.76775,13.06283],[77.76793,13.06349],[77.76791,13.06375],[77.76767,13.06476],[77.76771,13.06482],[77.76798,13.06495],[77.76798,13.06502],[77.76782,13.06531],[77.76749,13.0657],[77.76745,13.06582],[77.76715,13.06592],[77.76703,13.06603],[77.76684,13.06634],[77.76679,13.06657],[77.76683,13.06688],[77.76676,13.06704],[77.76663,13.06711],[77.76648,13.06711],[77.76624,13.06697],[77.76655,13.09414],[77.76667,13.09409],[77.76673,13.09398],[77.7668,13.09346],[77.76695,13.09309],[77.767,13.09282]]]]}},{"type":"Feature","properties":{"id":"lake-52","name":"Mapped lake/tank"},"geometry":{"type":"MultiPolygon","coordinates":[[[[77.78147,12.93864],[77.78152,12.93828],[77.78177,12.93766],[77.78178,12.93751],[77.78174,12.93742],[77.78124,12.93746],[77.77979,12.93778],[77.77964,12.93775],[77.77938,12.9374],[77.77906,12.93724],[77.77839,12.9365],[77.77743,12.93476],[77.77722,12.93476],[77.77643,12.93527],[77.7763,12.9353],[77.77598,12.93529],[77.77512,12.9349],[77.77491,12.93491],[77.77424,12.93517],[77.77421,12.93522],[77.77421,12.93583],[77.77415,12.93605],[77.77375,12.93666],[77.77369,12.93687],[77.77383,12.93861],[77.77396,12.93901],[77.77412,12.93987],[77.77418,12.9399],[77.77533,12.94161],[77.77578,12.9418],[77.77605,12.94207],[77.77634,12.94203],[77.77644,12.94207],[77.77648,12.9426],[77.77667,12.94275],[77.7768,12.94243],[77.77754,12.94161],[77.77757,12.94073],[77.77763,12.94056],[77.77848,12.9397],[77.77871,12.93956],[77.7807,12.93879],[77.78147,12.93864]]]]}},{"type":"Feature","properties":{"id":"lake-53","name":"Mapped lake/tank"},"geometry":{"type":"MultiPolygon","coordinates":[[[[77.77495,12.93001],[77.77432,12.92953],[77.77365,12.92914],[77.77332,12.92874],[77.77273,12.92834],[77.76901,12.92929],[77.76971,12.92997],[77.77031,12.92994],[77.77072,12.93031],[77.77106,12.93091],[77.77107,12.93122],[77.7714,12.93164],[77.7715,12.93226],[77.77149,12.93277],[77.77164,12.93304],[77.7718,12.93297],[77.77189,12.93286],[77.77195,12.93253],[77.77208,12.93227],[77.77232,12.93149],[77.77277,12.93097],[77.77428,12.93025],[77.77463,12.93018],[77.77495,12.93001]]]]}},{"type":"Feature","properties":{"id":"lake-54","name":"Mapped lake/tank"},"geometry":{"type":"MultiPolygon","coordinates":[[[[77.77505,12.92101],[77.77495,12.92072],[77.77404,12.92073],[77.77395,12.9209],[77.77393,12.92103],[77.77399,12.92109],[77.77409,12.9211],[77.77505,12.92101]]]]}},{"type":"Feature","properties":{"id":"lake-55","name":"Mapped lake/tank"},"geometry":{"type":"MultiPolygon","coordinates":[[[[77.77707,12.96787],[77.77653,12.9682],[77.77648,12.9683],[77.77661,12.96866],[77.77718,12.96887],[77.77715,12.96856],[77.77728,12.96829],[77.77731,12.96813],[77.77728,12.968],[77.77707,12.96787]]]]}},{"type":"Feature","properties":{"id":"lake-56","name":"Mapped lake/tank"},"geometry":{"type":"MultiPolygon","coordinates":[[[[77.7752,13.03044],[77.77537,13.03028],[77.77538,13.0302],[77.77506,13.02944],[77.77492,13.02934],[77.77468,13.02889],[77.77452,13.02884],[77.77398,13.02884],[77.77414,13.02911],[77.77409,13.0294],[77.77415,13.0299],[77.77404,13.0305],[77.77411,13.03069],[77.77471,13.03061],[77.7752,13.03044]]]]}},{"type":"Feature","properties":{"id":"lake-57","name":"Mapped lake/tank"},"geometry":{"type":"MultiPolygon","coordinates":[[[[77.77465,13.02883],[77.7747,13.02879],[77.77475,13.02861],[77.77442,13.0277],[77.77396,13.02698],[77.77366,13.02665],[77.77378,13.02683],[77.77374,13.02721],[77.77383,13.02735],[77.77383,13.02749],[77.77362,13.02795],[77.7736,13.02824],[77.77352,13.02835],[77.77378,13.02868],[77.77394,13.0288],[77.77465,13.02883]]]]}},{"type":"Feature","properties":{"id":"lake-58","name":"Mapped lake/tank"},"geometry":{"type":"MultiPolygon","coordinates":[[[[77.53306,12.78868],[77.53263,12.7887],[77.53215,12.78863],[77.53259,12.78907],[77.53271,12.78932],[77.53296,12.78954],[77.53295,12.78974],[77.53307,12.79005],[77.53306,12.78868]]]]}},{"type":"Feature","properties":{"id":"lake-59","name":"Mapped lake/tank"},"geometry":{"type":"MultiPolygon","coordinates":[[[[77.5276,12.80942],[77.52791,12.80934],[77.52806,12.80923],[77.52823,12.80927],[77.52846,12.80921],[77.52898,12.80902],[77.52912,12.80893],[77.52929,12.80875],[77.52952,12.80826],[77.52976,12.80801],[77.5298,12.80786],[77.52986,12.80779],[77.5302,12.80771],[77.53034,12.8077],[77.53076,12.80787],[77.53099,12.80789],[77.53126,12.80817],[77.53172,12.80814],[77.53181,12.80817],[77.53202,12.80802],[77.53209,12.80803],[77.5322,12.80828],[77.53239,12.80831],[77.53248,12.80839],[77.53265,12.80874],[77.53326,12.80905],[77.53326,12.80876],[77.53297,12.80858],[77.53276,12.80838],[77.53276,12.80825],[77.53315,12.80813],[77.53315,12.80796],[77.53297,12.80797],[77.53273,12.80806],[77.53233,12.80792],[77.53225,12.80784],[77.53196,12.80733],[77.53196,12.80719],[77.53204,12.80702],[77.53199,12.80685],[77.53191,12.80679],[77.5316,12.80679],[77.53143,12.80689],[77.53139,12.80702],[77.53148,12.80715],[77.53148,12.80724],[77.53111,12.8072],[77.53093,12.80725],[77.53085,12.8072],[77.53074,12.80702],[77.53075,12.80686],[77.53111,12.80635],[77.5311,12.80596],[77.53091,12.80581],[77.53057,12.80587],[77.53047,12.80584],[77.53034,12.80575],[77.53014,12.80569],[77.53007,12.80556],[77.53013,12.80519],[77.53022,12.80506],[77.53038,12.805],[77.53063,12.80519],[77.53092,12.80531],[77.53129,12.80563],[77.53142,12.80566],[77.53145,12.80572],[77.53133,12.80578],[77.53131,12.80589],[77.53136,12.80593],[77.53162,12.80593],[77.53169,12.80605],[77.53172,12.80622],[77.53191,12.80642],[77.53214,12.80649],[77.53238,12.8065],[77.53271,12.80634],[77.53323,12.80596],[77.53322,12.80538],[77.53315,12.80537],[77.53302,12.80508],[77.53286,12.80506],[77.53267,12.80513],[77.53215,12.80477],[77.53202,12.80476],[77.53178,12.80463],[77.5315,12.80439],[77.53116,12.80375],[77.531,12.80369],[77.53092,12.80374],[77.53083,12.80405],[77.53091,12.80423],[77.53091,12.80459],[77.5308,12.80463],[77.53042,12.80461],[77.52997,12.80486],[77.52925,12.80573],[77.52853,12.8061],[77.52848,12.80604],[77.52871,12.80556],[77.52869,12.80511],[77.52852,12.80444],[77.52846,12.80438],[77.52828,12.80439],[77.52686,12.80643],[77.52658,12.80754],[77.52678,12.80768],[77.5268,12.80782],[77.52675,12.80796],[77.52652,12.80817],[77.52646,12.80829],[77.52659,12.80885],[77.5269,12.8092],[77.52712,12.80936],[77.5276,12.80942]]]]}},{"type":"Feature","properties":{"id":"lake-60","name":"Mapped lake/tank"},"geometry":{"type":"MultiPolygon","coordinates":[[[[77.48887,12.833],[77.48902,12.83292],[77.48905,12.83284],[77.48902,12.83262],[77.4889,12.83247],[77.48882,12.83247],[77.48871,12.83268],[77.48746,12.83271],[77.48747,12.83327],[77.48871,12.83326],[77.48871,12.83305],[77.48887,12.833]]]]}},{"type":"Feature","properties":{"id":"lake-61","name":"Mapped lake/tank"},"geometry":{"type":"MultiPolygon","coordinates":[[[[77.50463,12.80077],[77.50473,12.80061],[77.50489,12.80016],[77.50528,12.7998],[77.50557,12.79964],[77.50563,12.79956],[77.50558,12.79946],[77.50526,12.79939],[77.5051,12.79909],[77.50511,12.79895],[77.50514,12.7989],[77.5056,12.79856],[77.50584,12.79862],[77.5061,12.79851],[77.50663,12.7985],[77.50698,12.79842],[77.50739,12.79847],[77.50753,12.79841],[77.50732,12.79816],[77.50706,12.79797],[77.50595,12.79732],[77.5054,12.79663],[77.50528,12.79629],[77.50543,12.79554],[77.50543,12.79518],[77.50527,12.79555],[77.50522,12.79562],[77.50498,12.79572],[77.50494,12.79588],[77.50475,12.79612],[77.50464,12.7962],[77.50469,12.79658],[77.50463,12.79674],[77.50423,12.79736],[77.50415,12.79775],[77.50398,12.79804],[77.50411,12.7985],[77.50408,12.79949],[77.50417,12.79995],[77.50415,12.80034],[77.50398,12.80068],[77.504,12.80075],[77.50409,12.80079],[77.50413,12.80076],[77.50463,12.80077]]]]}},{"type":"Feature","properties":{"id":"lake-62","name":"Mapped lake/tank"},"geometry":{"type":"MultiPolygon","coordinates":[[[[77.48822,12.81118],[77.48873,12.81082],[77.48883,12.81069],[77.48896,12.81001],[77.48863,12.80987],[77.48804,12.80948],[77.48796,12.80961],[77.48793,12.80992],[77.48774,12.81052],[77.48764,12.81109],[77.48757,12.81117],[77.48742,12.8112],[77.48741,12.81125],[77.48748,12.81132],[77.48768,12.81134],[77.48822,12.81118]]]]}},{"type":"Feature","properties":{"id":"lake-63","name":"Mapped lake/tank"},"geometry":{"type":"MultiPolygon","coordinates":[[[[77.50079,12.83258],[77.50076,12.83221],[77.50066,12.832],[77.50054,12.83198],[77.50028,12.83159],[77.50017,12.83155],[77.50001,12.83171],[77.49987,12.83207],[77.49984,12.8325],[77.49975,12.8327],[77.49984,12.83272],[77.50049,12.83258],[77.50079,12.83258]]]]}},{"type":"Feature","properties":{"id":"lake-64","name":"Mapped lake/tank"},"geometry":{"type":"MultiPolygon","coordinates":[[[[77.50458,12.82858],[77.50454,12.82848],[77.50456,12.82813],[77.50475,12.82771],[77.50513,12.82739],[77.50579,12.82709],[77.50597,12.82694],[77.50606,12.82681],[77.50529,12.82555],[77.50517,12.82545],[77.50507,12.82546],[77.505,12.82558],[77.50497,12.82595],[77.5047,12.82596],[77.5045,12.82623],[77.50428,12.82642],[77.50366,12.82675],[77.50338,12.82673],[77.50327,12.82683],[77.50332,12.82734],[77.50371,12.82774],[77.50393,12.82806],[77.50404,12.82841],[77.50443,12.8287],[77.50458,12.82858]]]]}},{"type":"Feature","properties":{"id":"lake-65","name":"Mapped lake/tank"},"geometry":{"type":"MultiPolygon","coordinates":[[[[77.52481,12.79513],[77.525,12.795],[77.52555,12.79426],[77.52553,12.79368],[77.52557,12.79343],[77.52568,12.7932],[77.5258,12.79306],[77.5258,12.79265],[77.52563,12.79274],[77.52509,12.7929],[77.52394,12.79301],[77.52375,12.79312],[77.52372,12.7932],[77.52393,12.79371],[77.52417,12.79457],[77.52443,12.79514],[77.52454,12.79521],[77.52481,12.79513]]]]}},{"type":"Feature","properties":{"id":"lake-66","name":"Mapped lake/tank"},"geometry":{"type":"MultiPolygon","coordinates":[[[[77.52428,12.78824],[77.52431,12.78818],[77.52429,12.78805],[77.5241,12.78778],[77.52411,12.78774],[77.5228,12.78776],[77.52322,12.78827],[77.52352,12.7885],[77.52389,12.78869],[77.52399,12.78868],[77.52406,12.78861],[77.52428,12.78824]]]]}},{"type":"Feature","properties":{"id":"lake-67","name":"Mapped lake/tank"},"geometry":{"type":"MultiPolygon","coordinates":[[[[77.5331,12.79715],[77.53299,12.79681],[77.53303,12.79648],[77.533,12.79639],[77.53259,12.79644],[77.5323,12.79635],[77.53218,12.79638],[77.53229,12.79712],[77.53273,12.79724],[77.53293,12.79723],[77.5331,12.79715]]]]}},{"type":"Feature","properties":{"id":"lake-68","name":"Mapped lake/tank"},"geometry":{"type":"MultiPolygon","coordinates":[[[[77.36329,12.9244],[77.36309,12.92411],[77.36308,12.92365],[77.36279,12.92305],[77.36274,12.9227],[77.36215,12.92264],[77.36195,12.92269],[77.36143,12.92422],[77.36115,12.92479],[77.36158,12.92479],[77.36183,12.92473],[77.36253,12.92474],[77.36309,12.92453],[77.36324,12.92453],[77.36329,12.9244]]]]}},{"type":"Feature","properties":{"id":"lake-69","name":"Mapped lake/tank"},"geometry":{"type":"MultiPolygon","coordinates":[[[[77.3682,12.91897],[77.36733,12.91837],[77.36715,12.91923],[77.36719,12.91928],[77.36729,12.9193],[77.36804,12.91921],[77.36822,12.91912],[77.3682,12.91897]]]]}},{"type":"Feature","properties":{"id":"lake-70","name":"Mapped lake/tank"},"geometry":{"type":"MultiPolygon","coordinates":[[[[77.37095,12.92153],[77.37085,12.92156],[77.3708,12.9217],[77.37076,12.92211],[77.37088,12.92223],[77.37125,12.92224],[77.3713,12.92219],[77.37135,12.92162],[77.37095,12.92153]]]]}},{"type":"Feature","properties":{"id":"lake-71","name":"Mapped lake/tank"},"geometry":{"type":"MultiPolygon","coordinates":[[[[77.37122,12.91434],[77.37119,12.91427],[77.3711,12.91426],[77.37082,12.91441],[77.3707,12.91455],[77.37072,12.91469],[77.3713,12.91483],[77.37122,12.91434]]]]}},{"type":"Feature","properties":{"id":"lake-72","name":"Mapped lake/tank"},"geometry":{"type":"MultiPolygon","coordinates":[[[[77.37441,12.91306],[77.37427,12.91297],[77.37415,12.913],[77.37409,12.91344],[77.37415,12.91357],[77.37445,12.91355],[77.37463,12.91345],[77.37469,12.91323],[77.37441,12.91306]]]]}},{"type":"Feature","properties":{"id":"lake-73","name":"Mapped lake/tank"},"geometry":{"type":"MultiPolygon","coordinates":[[[[77.37927,12.91744],[77.37926,12.91727],[77.3792,12.91726],[77.37857,12.91738],[77.37816,12.91738],[77.37804,12.91748],[77.37795,12.91893],[77.37802,12.91906],[77.37815,12.91911],[77.37882,12.9191],[77.37894,12.91879],[77.37913,12.91789],[77.37927,12.91744]]]]}},{"type":"Feature","properties":{"id":"lake-74","name":"Mapped lake/tank"},"geometry":{"type":"MultiPolygon","coordinates":[[[[77.37896,12.91927],[77.3779,12.91924],[77.37812,12.9197],[77.37838,12.91979],[77.37889,12.91964],[77.379,12.91943],[77.37896,12.91927]]]]}},{"type":"Feature","properties":{"id":"lake-75","name":"Mapped lake/tank"},"geometry":{"type":"MultiPolygon","coordinates":[[[[77.38503,12.9239],[77.38452,12.92398],[77.38452,12.92412],[77.38471,12.92443],[77.38501,12.92451],[77.38508,12.92457],[77.38636,12.92456],[77.38622,12.92376],[77.38595,12.92374],[77.38503,12.9239]]]]}},{"type":"Feature","properties":{"id":"lake-76","name":"Mapped lake/tank"},"geometry":{"type":"MultiPolygon","coordinates":[[[[77.39068,12.91682],[77.39079,12.91671],[77.39083,12.91654],[77.39079,12.91582],[77.39077,12.91556],[77.39057,12.91502],[77.39056,12.91445],[77.39053,12.91436],[77.39022,12.91436],[77.38961,12.91448],[77.3895,12.91454],[77.38945,12.91465],[77.38961,12.91488],[77.38953,12.916],[77.38965,12.9161],[77.39021,12.91628],[77.39027,12.91674],[77.39037,12.91685],[77.39068,12.91682]]]]}},{"type":"Feature","properties":{"id":"lake-77","name":"Mapped lake/tank"},"geometry":{"type":"MultiPolygon","coordinates":[[[[77.3914,12.90477],[77.3913,12.90483],[77.39106,12.90548],[77.39075,12.90588],[77.39079,12.906],[77.39105,12.90633],[77.39119,12.90641],[77.39135,12.90644],[77.39163,12.90635],[77.39171,12.90614],[77.39158,12.90593],[77.39162,12.90529],[77.39154,12.90485],[77.39148,12.90478],[77.3914,12.90477]]]]}},{"type":"Feature","properties":{"id":"lake-78","name":"Mapped lake/tank"},"geometry":{"type":"MultiPolygon","coordinates":[[[[77.38082,12.9128],[77.38083,12.91268],[77.381,12.91234],[77.38099,12.91213],[77.38104,12.91187],[77.38098,12.91178],[77.38035,12.91156],[77.38029,12.91158],[77.37994,12.9121],[77.37992,12.9123],[77.38034,12.91292],[77.38045,12.91303],[77.38057,12.91306],[77.38074,12.91302],[77.38082,12.9128]]]]}},{"type":"Feature","properties":{"id":"lake-79","name":"Mapped lake/tank"},"geometry":{"type":"MultiPolygon","coordinates":[[[[77.37453,12.90225],[77.37479,12.90211],[77.37485,12.902],[77.37482,12.90191],[77.37443,12.90187],[77.37377,12.90162],[77.37374,12.90166],[77.37376,12.90187],[77.37371,12.90222],[77.37354,12.90248],[77.37358,12.90267],[77.37381,12.90284],[77.37401,12.90284],[77.37453,12.90225]]]]}},{"type":"Feature","properties":{"id":"lake-80","name":"Mapped lake/tank"},"geometry":{"type":"MultiPolygon","coordinates":[[[[77.36089,12.90806],[77.36017,12.90848],[77.35984,12.90858],[77.35809,12.90853],[77.35796,12.90854],[77.35794,12.90858],[77.35819,12.90903],[77.35837,12.90951],[77.35861,12.9098],[77.35892,12.91038],[77.35923,12.91072],[77.36002,12.91132],[77.36006,12.91123],[77.36003,12.9103],[77.36006,12.90991],[77.3601,12.90985],[77.36037,12.9097],[77.3604,12.90955],[77.36049,12.90941],[77.36082,12.90926],[77.36086,12.9092],[77.36087,12.90867],[77.36099,12.90824],[77.36097,12.90809],[77.36089,12.90806]]]]}},{"type":"Feature","properties":{"id":"lake-81","name":"Mapped lake/tank"},"geometry":{"type":"MultiPolygon","coordinates":[[[[77.3513,12.90137],[77.35145,12.90124],[77.3515,12.90044],[77.35141,12.90002],[77.3513,12.89991],[77.35122,12.8999],[77.35117,12.89991],[77.35112,12.90001],[77.35115,12.90055],[77.35104,12.90097],[77.35104,12.90123],[77.35109,12.90135],[77.3513,12.90137]]]]}},{"type":"Feature","properties":{"id":"lake-82","name":"Mapped lake/tank"},"geometry":{"type":"MultiPolygon","coordinates":[[[[77.36224,12.90005],[77.36217,12.89992],[77.36133,12.89972],[77.36109,12.89958],[77.36056,12.899],[77.36041,12.89891],[77.36035,12.89908],[77.36031,12.89995],[77.36022,12.90026],[77.36023,12.90038],[77.36029,12.90042],[77.36099,12.90035],[77.36158,12.90036],[77.36203,12.90056],[77.36224,12.90005]]]]}},{"type":"Feature","properties":{"id":"lake-83","name":"Mapped lake/tank"},"geometry":{"type":"MultiPolygon","coordinates":[[[[77.38109,12.89368],[77.38098,12.89366],[77.3808,12.89351],[77.37997,12.89355],[77.37944,12.89343],[77.3794,12.89366],[77.37942,12.89415],[77.3793,12.89463],[77.37916,12.89477],[77.37871,12.89503],[77.37907,12.89548],[77.37916,12.89547],[77.37946,12.89487],[77.38047,12.89418],[77.38066,12.8941],[77.3811,12.89375],[77.38109,12.89368]]]]}},{"type":"Feature","properties":{"id":"lake-84","name":"Mapped lake/tank"},"geometry":{"type":"MultiPolygon","coordinates":[[[[77.38595,12.89637],[77.38598,12.89608],[77.38594,12.89591],[77.38569,12.89555],[77.3856,12.89531],[77.38522,12.8952],[77.38498,12.89531],[77.38487,12.89543],[77.38481,12.8956],[77.38479,12.89627],[77.38487,12.89668],[77.38498,12.89671],[77.38525,12.89655],[77.38581,12.89644],[77.38595,12.89637]]]]}},{"type":"Feature","properties":{"id":"lake-85","name":"Mapped lake/tank"},"geometry":{"type":"MultiPolygon","coordinates":[[[[77.37727,12.8806],[77.37741,12.87973],[77.37626,12.87967],[77.37602,12.87968],[77.37589,12.87977],[77.37585,12.87994],[77.37595,12.88014],[77.37615,12.88022],[77.3766,12.88025],[77.37718,12.8806],[77.37727,12.8806]]]]}},{"type":"Feature","properties":{"id":"lake-86","name":"Mapped lake/tank"},"geometry":{"type":"MultiPolygon","coordinates":[[[[77.37453,12.88686],[77.37475,12.8865],[77.3748,12.88613],[77.37466,12.88601],[77.37413,12.88593],[77.37399,12.88606],[77.37399,12.88618],[77.37434,12.88686],[77.37443,12.88691],[77.37453,12.88686]]]]}},{"type":"Feature","properties":{"id":"lake-87","name":"Mapped lake/tank"},"geometry":{"type":"MultiPolygon","coordinates":[[[[77.37371,12.88098],[77.3736,12.8808],[77.37336,12.88081],[77.37328,12.88086],[77.3733,12.88125],[77.37338,12.88149],[77.37354,12.88149],[77.37365,12.88138],[77.37371,12.88119],[77.37371,12.88098]]]]}},{"type":"Feature","properties":{"id":"lake-88","name":"Mapped lake/tank"},"geometry":{"type":"MultiPolygon","coordinates":[[[[77.37222,12.88511],[77.3713,12.88526],[77.37123,12.88536],[77.37127,12.88562],[77.37139,12.88573],[77.37171,12.88583],[77.37223,12.88611],[77.37226,12.88521],[77.37222,12.88511]]]]}},{"type":"Feature","properties":{"id":"lake-89","name":"Mapped lake/tank"},"geometry":{"type":"MultiPolygon","coordinates":[[[[77.3577,12.88069],[77.35761,12.88065],[77.35753,12.8807],[77.35747,12.88094],[77.35725,12.88116],[77.35699,12.88119],[77.35664,12.88107],[77.35657,12.88115],[77.35703,12.88241],[77.35724,12.88243],[77.35746,12.8824],[77.35768,12.88255],[77.35777,12.88251],[77.35778,12.88246],[77.35763,12.88175],[77.35764,12.88152],[77.35777,12.88107],[77.3577,12.88069]]]]}},{"type":"Feature","properties":{"id":"lake-90","name":"Mapped lake/tank"},"geometry":{"type":"MultiPolygon","coordinates":[[[[77.35719,12.89176],[77.35765,12.89167],[77.35774,12.89154],[77.3578,12.89026],[77.35774,12.88977],[77.35781,12.88941],[77.35777,12.88903],[77.35784,12.88881],[77.35787,12.88848],[77.35781,12.88841],[77.35739,12.88848],[77.35721,12.88845],[77.35695,12.88831],[77.35687,12.88822],[77.35634,12.88687],[77.35621,12.88584],[77.35626,12.88541],[77.35611,12.88526],[77.35602,12.88526],[77.35595,12.88534],[77.35591,12.88552],[77.35588,12.88638],[77.35593,12.88676],[77.35624,12.88791],[77.35649,12.88862],[77.35669,12.89021],[77.35679,12.89171],[77.35693,12.89181],[77.35719,12.89176]]]]}},{"type":"Feature","properties":{"id":"lake-91","name":"Mapped lake/tank"},"geometry":{"type":"MultiPolygon","coordinates":[[[[77.35272,12.88767],[77.35288,12.88726],[77.35288,12.88712],[77.35281,12.88705],[77.35193,12.88691],[77.35164,12.88693],[77.35155,12.88696],[77.3515,12.88703],[77.35143,12.8873],[77.35147,12.88749],[77.35154,12.88754],[77.35183,12.88759],[77.35201,12.88782],[77.35228,12.88784],[77.35257,12.88776],[77.35272,12.88767]]]]}},{"type":"Feature","properties":{"id":"lake-92","name":"Mapped lake/tank"},"geometry":{"type":"MultiPolygon","coordinates":[[[[77.37921,12.92452],[77.37909,12.92445],[77.37875,12.92445],[77.37849,12.92452],[77.37847,12.92459],[77.37849,12.92463],[77.37923,12.92463],[77.37921,12.92452]]]]}},{"type":"Feature","properties":{"id":"lake-93","name":"Mapped lake/tank"},"geometry":{"type":"MultiPolygon","coordinates":[[[[77.37061,12.89232],[77.37037,12.8923],[77.37023,12.89216],[77.37005,12.89182],[77.36979,12.89113],[77.36972,12.89117],[77.36967,12.89125],[77.3698,12.89192],[77.36976,12.89228],[77.36982,12.89246],[77.36996,12.8925],[77.37046,12.89241],[77.37061,12.89232]]]]}},{"type":"Feature","properties":{"id":"lake-94","name":"Mapped lake/tank"},"geometry":{"type":"MultiPolygon","coordinates":[[[[77.37171,12.892],[77.37139,12.89112],[77.37131,12.89069],[77.37129,12.89018],[77.37125,12.89013],[77.37103,12.89017],[77.3704,12.89065],[77.37021,12.89095],[77.36982,12.89113],[77.37016,12.89199],[77.37038,12.89227],[77.37079,12.89231],[77.37094,12.89239],[77.37106,12.89237],[77.37171,12.892]]]]}},{"type":"Feature","properties":{"id":"lake-95","name":"Mapped lake/tank"},"geometry":{"type":"MultiPolygon","coordinates":[[[[77.37334,12.94468],[77.37352,12.94422],[77.37424,12.94395],[77.37416,12.94382],[77.37409,12.94342],[77.37387,12.94312],[77.37386,12.94291],[77.37364,12.94295],[77.37355,12.94317],[77.37346,12.94326],[77.37293,12.94352],[77.3726,12.94392],[77.37213,12.94424],[77.37222,12.9444],[77.37245,12.94452],[77.37284,12.94496],[77.37304,12.9451],[77.37319,12.94515],[77.37327,12.94511],[77.37334,12.94468]]]]}},{"type":"Feature","properties":{"id":"lake-96","name":"Mapped lake/tank"},"geometry":{"type":"MultiPolygon","coordinates":[[[[77.37433,12.94372],[77.37426,12.94344],[77.37406,12.94304],[77.37389,12.94291],[77.3739,12.94311],[77.37412,12.9434],[77.37415,12.94366],[77.37426,12.94394],[77.37433,12.94372]]]]}},{"type":"Feature","properties":{"id":"lake-97","name":"Mapped lake/tank"},"geometry":{"type":"MultiPolygon","coordinates":[[[[77.3534,12.94715],[77.35346,12.94709],[77.35341,12.94688],[77.35343,12.94682],[77.35383,12.94666],[77.35389,12.94657],[77.35371,12.94631],[77.35349,12.94607],[77.35337,12.94604],[77.35328,12.94607],[77.35321,12.94616],[77.35321,12.94645],[77.35305,12.94691],[77.35316,12.94718],[77.35327,12.9472],[77.3534,12.94715]]]]}},{"type":"Feature","properties":{"id":"lake-98","name":"Mapped lake/tank"},"geometry":{"type":"MultiPolygon","coordinates":[[[[77.35179,12.94378],[77.35165,12.94324],[77.35176,12.9429],[77.35171,12.94256],[77.35166,12.94251],[77.3514,12.94249],[77.35113,12.94299],[77.35113,12.94309],[77.35119,12.94317],[77.35154,12.94334],[77.35165,12.94373],[77.35173,12.94383],[77.35179,12.94378]]]]}},{"type":"Feature","properties":{"id":"lake-99","name":"Mapped lake/tank"},"geometry":{"type":"MultiPolygon","coordinates":[[[[77.36818,12.93162],[77.3681,12.93151],[77.36786,12.93174],[77.36773,12.9318],[77.36669,12.93205],[77.36667,12.93209],[77.36706,12.9322],[77.36726,12.93244],[77.36755,12.93247],[77.3677,12.93239],[77.36775,12.9324],[77.3678,12.93249],[77.36774,12.93269],[77.36779,12.93281],[77.36787,12.93284],[77.36811,12.93281],[77.36837,12.93304],[77.36851,12.93306],[77.36841,12.93292],[77.36842,12.93273],[77.36818,12.93162]]]]}},{"type":"Feature","properties":{"id":"lake-100","name":"Mapped lake/tank"},"geometry":{"type":"MultiPolygon","coordinates":[[[[77.38007,12.93339],[77.38033,12.93304],[77.38042,12.93253],[77.38059,12.93233],[77.38078,12.93221],[77.38084,12.932],[77.3805,12.93194],[77.37961,12.93161],[77.37956,12.93165],[77.37956,12.93176],[77.37975,12.93209],[77.37984,12.93259],[77.3798,12.93339],[77.37986,12.93347],[77.37994,12.93349],[77.38007,12.93339]]]]}},{"type":"Feature","properties":{"id":"lake-101","name":"Mapped lake/tank"},"geometry":{"type":"MultiPolygon","coordinates":[[[[77.3575,12.92981],[77.35758,12.92975],[77.35789,12.92972],[77.35795,12.92966],[77.358,12.92949],[77.35805,12.929],[77.35813,12.92881],[77.35838,12.92844],[77.35841,12.9283],[77.35841,12.9278],[77.35836,12.92776],[77.35807,12.92777],[77.35697,12.928],[77.35687,12.92797],[77.35669,12.92777],[77.35656,12.92778],[77.35647,12.92787],[77.35646,12.92803],[77.35658,12.92848],[77.35662,12.92852],[77.35679,12.92854],[77.35704,12.92908],[77.35704,12.92987],[77.3571,12.92993],[77.35733,12.92994],[77.3575,12.92981]]]]}},{"type":"Feature","properties":{"id":"lake-102","name":"Mapped lake/tank"},"geometry":{"type":"MultiPolygon","coordinates":[[[[77.38173,12.92891],[77.38138,12.92883],[77.38096,12.92863],[77.38093,12.92867],[77.38091,12.92928],[77.38075,12.92941],[77.38073,12.92949],[77.38111,12.92992],[77.38118,12.92995],[77.38126,12.9299],[77.3815,12.92938],[77.38176,12.92899],[77.38173,12.92891]]]]}},{"type":"Feature","properties":{"id":"lake-103","name":"Mapped lake/tank"},"geometry":{"type":"MultiPolygon","coordinates":[[[[77.37956,12.92523],[77.37935,12.92501],[77.37923,12.92463],[77.37849,12.92463],[77.37857,12.92478],[77.37915,12.92543],[77.3792,12.92543],[77.37956,12.92523]]]]}},{"type":"Feature","properties":{"id":"lake-104","name":"Mapped lake/tank"},"geometry":{"type":"MultiPolygon","coordinates":[[[[77.36158,12.92479],[77.36115,12.92479],[77.36113,12.92485],[77.36145,12.92485],[77.36158,12.92479]]]]}},{"type":"Feature","properties":{"id":"lake-105","name":"Mapped lake/tank"},"geometry":{"type":"MultiPolygon","coordinates":[[[[77.38572,12.92997],[77.38577,12.92972],[77.38538,12.92881],[77.38513,12.92804],[77.38527,12.92789],[77.38565,12.92771],[77.38572,12.92727],[77.38587,12.92715],[77.38591,12.92706],[77.3859,12.92678],[77.38597,12.92664],[77.38606,12.92658],[77.3863,12.92655],[77.38641,12.92644],[77.38655,12.92637],[77.38662,12.92626],[77.38662,12.92607],[77.38686,12.92597],[77.3866,12.9257],[77.38636,12.92456],[77.38508,12.92457],[77.38515,12.92472],[77.38508,12.92486],[77.38514,12.92492],[77.3853,12.9249],[77.38536,12.92507],[77.38521,12.92537],[77.38525,12.92583],[77.38517,12.92593],[77.38515,12.92612],[77.38499,12.92618],[77.38496,12.92634],[77.38474,12.92639],[77.38481,12.92712],[77.38478,12.92721],[77.3847,12.92727],[77.38451,12.92724],[77.38465,12.92754],[77.38456,12.92788],[77.38455,12.92813],[77.38469,12.92834],[77.38508,12.9292],[77.38518,12.92927],[77.38527,12.92926],[77.38537,12.92936],[77.38552,12.93001],[77.38572,12.92997]]]]}},{"type":"Feature","properties":{"id":"lake-106","name":"Mapped lake/tank"},"geometry":{"type":"MultiPolygon","coordinates":[[[[77.38581,12.93024],[77.38571,12.93004],[77.38554,12.93008],[77.38556,12.93021],[77.38566,12.93031],[77.38578,12.93031],[77.38581,12.93024]]]]}},{"type":"Feature","properties":{"id":"lake-107","name":"Mapped lake/tank"},"geometry":{"type":"MultiPolygon","coordinates":[[[[77.39751,12.90633],[77.3977,12.90609],[77.39778,12.90585],[77.39757,12.90551],[77.39744,12.90547],[77.39723,12.90547],[77.39714,12.9055],[77.39707,12.90576],[77.39715,12.90643],[77.39722,12.9065],[77.39751,12.90633]]]]}},{"type":"Feature","properties":{"id":"lake-108","name":"Mapped lake/tank"},"geometry":{"type":"MultiPolygon","coordinates":[[[[77.40086,12.91875],[77.40081,12.9177],[77.40084,12.91744],[77.40095,12.91727],[77.40097,12.91695],[77.4008,12.9173],[77.40069,12.9181],[77.40047,12.9188],[77.40086,12.91875]]]]}},{"type":"Feature","properties":{"id":"lake-109","name":"Mapped lake/tank"},"geometry":{"type":"MultiPolygon","coordinates":[[[[77.41176,12.92718],[77.4117,12.92709],[77.41152,12.92714],[77.4114,12.92724],[77.41116,12.92728],[77.41111,12.92711],[77.41102,12.92708],[77.41089,12.92714],[77.41062,12.92717],[77.41019,12.92715],[77.41017,12.92721],[77.41033,12.92756],[77.41033,12.92774],[77.4102,12.92782],[77.40995,12.92814],[77.41002,12.92841],[77.4103,12.92821],[77.41048,12.92817],[77.41061,12.92825],[77.41067,12.92843],[77.41061,12.92852],[77.41041,12.92866],[77.41039,12.92887],[77.41021,12.929],[77.41016,12.92901],[77.41013,12.92894],[77.41026,12.92878],[77.41022,12.92859],[77.41014,12.92861],[77.41007,12.9287],[77.40997,12.92872],[77.40993,12.92879],[77.40994,12.92921],[77.41042,12.92917],[77.41074,12.92925],[77.41087,12.92919],[77.41151,12.92756],[77.41167,12.92723],[77.41176,12.92718]]]]}},{"type":"Feature","properties":{"id":"lake-110","name":"Mapped lake/tank"},"geometry":{"type":"MultiPolygon","coordinates":[[[[77.43456,12.91566],[77.43485,12.91539],[77.43586,12.91498],[77.4359,12.91492],[77.43593,12.91403],[77.43603,12.91394],[77.43631,12.91382],[77.43632,12.91313],[77.43636,12.91289],[77.43645,12.91281],[77.43681,12.91266],[77.43695,12.91252],[77.43734,12.91242],[77.43712,12.91228],[77.43704,12.91215],[77.43632,12.91016],[77.436,12.90943],[77.43587,12.90939],[77.43556,12.90952],[77.43538,12.90952],[77.43489,12.90922],[77.43472,12.90898],[77.43463,12.90903],[77.43484,12.90935],[77.43482,12.90948],[77.43476,12.90958],[77.43465,12.90964],[77.43457,12.90964],[77.43436,12.90938],[77.4343,12.90935],[77.43412,12.90942],[77.43396,12.90931],[77.43369,12.90905],[77.43349,12.90877],[77.43327,12.90869],[77.4331,12.90883],[77.43306,12.90921],[77.43314,12.90968],[77.4334,12.91054],[77.43339,12.91097],[77.43327,12.9113],[77.433,12.91165],[77.43214,12.91224],[77.4319,12.91246],[77.43057,12.91425],[77.4305,12.91448],[77.43056,12.91457],[77.43068,12.91464],[77.43097,12.91463],[77.43162,12.91472],[77.43218,12.91492],[77.43257,12.91535],[77.43289,12.91615],[77.43304,12.91623],[77.43354,12.91624],[77.43373,12.91618],[77.43377,12.9161],[77.43405,12.91612],[77.43418,12.91639],[77.43448,12.91642],[77.43451,12.9166],[77.43455,12.9166],[77.43451,12.91605],[77.43456,12.91566]]]]}},{"type":"Feature","properties":{"id":"lake-111","name":"Mapped lake/tank"},"geometry":{"type":"MultiPolygon","coordinates":[[[[77.41897,12.916],[77.41904,12.91586],[77.41897,12.91571],[77.41855,12.91554],[77.4181,12.91502],[77.41767,12.91509],[77.41744,12.91506],[77.41739,12.91513],[77.41681,12.91541],[77.4172,12.91573],[77.41745,12.91603],[77.41769,12.91665],[77.41843,12.91613],[77.41881,12.91599],[77.41897,12.916]]]]}},{"type":"Feature","properties":{"id":"lake-112","name":"Mapped lake/tank"},"geometry":{"type":"MultiPolygon","coordinates":[[[[77.39986,12.91913],[77.40029,12.91898],[77.4005,12.91883],[77.40037,12.91881],[77.40009,12.91884],[77.39933,12.9187],[77.39925,12.91864],[77.39921,12.91853],[77.39911,12.91852],[77.39906,12.91886],[77.39909,12.91908],[77.39954,12.91917],[77.39986,12.91913]]]]}},{"type":"Feature","properties":{"id":"lake-113","name":"Mapped lake/tank"},"geometry":{"type":"MultiPolygon","coordinates":[[[[77.39891,12.91758],[77.39908,12.91801],[77.39906,12.91849],[77.39921,12.9185],[77.39929,12.91805],[77.39916,12.91782],[77.39891,12.91758]]]]}},{"type":"Feature","properties":{"id":"lake-114","name":"Mapped lake/tank"},"geometry":{"type":"MultiPolygon","coordinates":[[[[77.40045,12.91879],[77.40067,12.9181],[77.40077,12.91729],[77.40101,12.91675],[77.40062,12.91702],[77.4004,12.9171],[77.39915,12.91715],[77.39843,12.91728],[77.39881,12.91733],[77.39895,12.9176],[77.39924,12.91788],[77.39932,12.91808],[77.39923,12.91846],[77.3993,12.91865],[77.4001,12.91881],[77.40045,12.91879]]]]}},{"type":"Feature","properties":{"id":"lake-115","name":"Mapped lake/tank"},"geometry":{"type":"MultiPolygon","coordinates":[[[[77.40113,12.9152],[77.40134,12.91515],[77.40177,12.91519],[77.40202,12.91529],[77.40212,12.91524],[77.40203,12.9148],[77.40176,12.91424],[77.40164,12.91352],[77.40136,12.91369],[77.401,12.91404],[77.40057,12.91429],[77.40032,12.91463],[77.40033,12.91479],[77.40068,12.91539],[77.40077,12.9154],[77.40113,12.9152]]]]}},{"type":"Feature","properties":{"id":"lake-116","name":"Mapped lake/tank"},"geometry":{"type":"MultiPolygon","coordinates":[[[[77.40958,12.91233],[77.4095,12.91203],[77.40883,12.91104],[77.40871,12.91067],[77.40866,12.91023],[77.40861,12.91017],[77.40836,12.91017],[77.40762,12.91033],[77.40703,12.91029],[77.40679,12.91035],[77.40664,12.91047],[77.40658,12.91061],[77.40657,12.91085],[77.40669,12.91103],[77.40665,12.91125],[77.40671,12.91171],[77.40684,12.91214],[77.40761,12.91198],[77.40808,12.91249],[77.40887,12.91302],[77.40883,12.91285],[77.40886,12.91278],[77.4093,12.91257],[77.40958,12.91233]]]]}},{"type":"Feature","properties":{"id":"lake-117","name":"Mapped lake/tank"},"geometry":{"type":"MultiPolygon","coordinates":[[[[77.43328,12.90599],[77.43331,12.90596],[77.4332,12.90591],[77.43281,12.90551],[77.4325,12.90488],[77.43222,12.90364],[77.43219,12.90358],[77.43205,12.90351],[77.43203,12.9033],[77.43192,12.90314],[77.43164,12.90312],[77.43091,12.90418],[77.43048,12.90594],[77.43043,12.90644],[77.43157,12.9064],[77.43167,12.90635],[77.43191,12.90605],[77.43226,12.90593],[77.43255,12.90592],[77.43328,12.90599]]]]}},{"type":"Feature","properties":{"id":"lake-118","name":"Mapped lake/tank"},"geometry":{"type":"MultiPolygon","coordinates":[[[[77.42067,12.90564],[77.42122,12.90515],[77.42108,12.90488],[77.42068,12.90512],[77.42017,12.90527],[77.41997,12.90524],[77.41972,12.90506],[77.41951,12.90511],[77.41972,12.90551],[77.41984,12.90561],[77.41996,12.90617],[77.42035,12.90619],[77.42054,12.90613],[77.42064,12.906],[77.42067,12.90564]]]]}},{"type":"Feature","properties":{"id":"lake-119","name":"Mapped lake/tank"},"geometry":{"type":"MultiPolygon","coordinates":[[[[77.41409,12.90777],[77.41437,12.9077],[77.41485,12.90745],[77.41508,12.90739],[77.41513,12.9073],[77.41507,12.90697],[77.41515,12.9068],[77.41567,12.90652],[77.41653,12.90629],[77.4166,12.90619],[77.41657,12.90601],[77.41662,12.90587],[77.41734,12.90545],[77.41737,12.9053],[77.41771,12.90513],[77.41778,12.90504],[77.41776,12.90491],[77.41685,12.90357],[77.41614,12.90219],[77.41606,12.90181],[77.41615,12.90136],[77.41597,12.90113],[77.41487,12.90248],[77.41468,12.90261],[77.41394,12.90286],[77.41399,12.90397],[77.41414,12.90452],[77.41412,12.90477],[77.4136,12.90578],[77.41317,12.90596],[77.41274,12.90622],[77.41236,12.90631],[77.41232,12.90645],[77.41247,12.90699],[77.41249,12.90723],[77.41219,12.90815],[77.41211,12.90874],[77.41228,12.90877],[77.41326,12.90818],[77.41409,12.90777]]]]}},{"type":"Feature","properties":{"id":"lake-120","name":"Mapped lake/tank"},"geometry":{"type":"MultiPolygon","coordinates":[[[[77.3997,12.89816],[77.39973,12.89803],[77.3997,12.89797],[77.39947,12.89793],[77.39939,12.89783],[77.39921,12.89776],[77.3991,12.89763],[77.39903,12.89716],[77.39909,12.89696],[77.39924,12.8968],[77.39923,12.89658],[77.39907,12.8967],[77.39771,12.897],[77.39768,12.89731],[77.39772,12.89739],[77.3978,12.89744],[77.39796,12.89738],[77.39805,12.89746],[77.39811,12.89761],[77.39825,12.89805],[77.39832,12.89864],[77.3984,12.89875],[77.3984,12.89896],[77.39846,12.89908],[77.39857,12.89912],[77.39867,12.89909],[77.39919,12.89857],[77.39959,12.89832],[77.3997,12.89816]]]]}},{"type":"Feature","properties":{"id":"lake-121","name":"Mapped lake/tank"},"geometry":{"type":"MultiPolygon","coordinates":[[[[77.42762,12.89551],[77.42826,12.89557],[77.42853,12.89524],[77.42849,12.89509],[77.42827,12.89498],[77.42815,12.89487],[77.42805,12.89451],[77.42808,12.89412],[77.42824,12.8934],[77.42836,12.8932],[77.42834,12.89312],[77.42829,12.8931],[77.42826,12.8932],[77.42803,12.89321],[77.42774,12.89347],[77.42749,12.89356],[77.42689,12.89354],[77.42609,12.89339],[77.42572,12.89347],[77.42556,12.89356],[77.42542,12.89383],[77.4256,12.8939],[77.42619,12.89389],[77.42637,12.89393],[77.42649,12.89398],[77.42689,12.89435],[77.42699,12.89454],[77.42703,12.89475],[77.42695,12.89533],[77.427,12.89547],[77.42714,12.89563],[77.42723,12.89566],[77.42762,12.89551]]]]}},{"type":"Feature","properties":{"id":"lake-122","name":"Mapped lake/tank"},"geometry":{"type":"MultiPolygon","coordinates":[[[[77.40709,12.89206],[77.40719,12.89194],[77.40724,12.89147],[77.40743,12.89139],[77.40751,12.89122],[77.40778,12.89116],[77.40771,12.89089],[77.40801,12.89049],[77.40718,12.89052],[77.40661,12.89045],[77.40629,12.89035],[77.40581,12.89007],[77.40555,12.88998],[77.4056,12.89017],[77.40569,12.89019],[77.40599,12.89082],[77.40618,12.89235],[77.40624,12.89237],[77.4065,12.89219],[77.40709,12.89206]]]]}},{"type":"Feature","properties":{"id":"lake-123","name":"Mapped lake/tank"},"geometry":{"type":"MultiPolygon","coordinates":[[[[77.41073,12.88634],[77.41068,12.88607],[77.40998,12.88638],[77.40949,12.88665],[77.40936,12.88667],[77.40862,12.88639],[77.40825,12.88638],[77.40766,12.8866],[77.40703,12.88692],[77.40689,12.88694],[77.40655,12.88686],[77.40607,12.88649],[77.40571,12.88631],[77.40565,12.88646],[77.40583,12.88652],[77.40621,12.88689],[77.4069,12.8874],[77.40704,12.88766],[77.40708,12.88792],[77.4073,12.88837],[77.40748,12.88869],[77.40767,12.88887],[77.40796,12.88901],[77.40864,12.8889],[77.40888,12.88891],[77.40962,12.88915],[77.4099,12.88917],[77.41023,12.88926],[77.41077,12.8895],[77.41092,12.88952],[77.41054,12.88936],[77.41026,12.88917],[77.41009,12.889],[77.40971,12.8884],[77.40962,12.88774],[77.40968,12.88743],[77.41,12.88695],[77.41044,12.88651],[77.41073,12.88634]]]]}},{"type":"Feature","properties":{"id":"lake-124","name":"Mapped lake/tank"},"geometry":{"type":"MultiPolygon","coordinates":[[[[77.4079,12.88901],[77.40757,12.88883],[77.40735,12.88853],[77.4073,12.88895],[77.40734,12.88908],[77.40759,12.88911],[77.40771,12.88902],[77.4079,12.88901]]]]}},{"type":"Feature","properties":{"id":"lake-125","name":"Mapped lake/tank"},"geometry":{"type":"MultiPolygon","coordinates":[[[[77.40733,12.88849],[77.40712,12.88805],[77.40715,12.88899],[77.40719,12.88905],[77.40731,12.88907],[77.40727,12.88895],[77.40733,12.88849]]]]}},{"type":"Feature","properties":{"id":"lake-126","name":"Mapped lake/tank"},"geometry":{"type":"MultiPolygon","coordinates":[[[[77.40033,12.8829],[77.40039,12.88269],[77.40019,12.88254],[77.39979,12.88244],[77.39962,12.88248],[77.39952,12.88257],[77.39955,12.88266],[77.39987,12.88294],[77.40025,12.88295],[77.40033,12.8829]]]]}},{"type":"Feature","properties":{"id":"lake-127","name":"Mapped lake/tank"},"geometry":{"type":"MultiPolygon","coordinates":[[[[77.43305,12.88437],[77.43335,12.88421],[77.43341,12.88407],[77.43329,12.88326],[77.4332,12.88316],[77.4331,12.88314],[77.43296,12.88317],[77.43288,12.8833],[77.43285,12.88347],[77.43293,12.88407],[77.43276,12.88431],[77.43284,12.88442],[77.43305,12.88437]]]]}},{"type":"Feature","properties":{"id":"lake-128","name":"Mapped lake/tank"},"geometry":{"type":"MultiPolygon","coordinates":[[[[77.41976,12.87917],[77.41972,12.87912],[77.41869,12.87924],[77.41877,12.87944],[77.41874,12.8795],[77.41904,12.88029],[77.41911,12.8802],[77.41915,12.87991],[77.41923,12.87971],[77.41976,12.87917]]]]}},{"type":"Feature","properties":{"id":"lake-129","name":"Mapped lake/tank"},"geometry":{"type":"MultiPolygon","coordinates":[[[[77.44162,12.87903],[77.44187,12.87896],[77.44187,12.87887],[77.4392,12.8789],[77.43943,12.87918],[77.4397,12.87924],[77.44014,12.87951],[77.44069,12.87939],[77.44091,12.87918],[77.44162,12.87903]]]]}},{"type":"Feature","properties":{"id":"lake-130","name":"Mapped lake/tank"},"geometry":{"type":"MultiPolygon","coordinates":[[[[77.4044,12.90436],[77.40452,12.90358],[77.40452,12.90336],[77.40447,12.90328],[77.40355,12.90318],[77.40302,12.90318],[77.40314,12.90383],[77.40309,12.90409],[77.40314,12.90425],[77.40358,12.90431],[77.40375,12.90438],[77.40389,12.90448],[77.40419,12.90486],[77.40426,12.90483],[77.4044,12.90436]]]]}},{"type":"Feature","properties":{"id":"lake-131","name":"Mapped lake/tank"},"geometry":{"type":"MultiPolygon","coordinates":[[[[77.40343,12.88696],[77.40359,12.88692],[77.40318,12.88632],[77.40302,12.88628],[77.40282,12.88634],[77.40275,12.88645],[77.40275,12.88659],[77.40289,12.88686],[77.40303,12.88694],[77.40343,12.88696]]]]}},{"type":"Feature","properties":{"id":"lake-132","name":"Mapped lake/tank"},"geometry":{"type":"MultiPolygon","coordinates":[[[[77.40324,12.93027],[77.40357,12.92999],[77.40376,12.92944],[77.40371,12.92911],[77.40348,12.9289],[77.40325,12.92878],[77.4029,12.9288],[77.40275,12.92877],[77.40255,12.92866],[77.40232,12.92862],[77.40221,12.92874],[77.4021,12.92953],[77.4021,12.92992],[77.40217,12.92996],[77.40262,12.92995],[77.40284,12.93],[77.40296,12.93006],[77.40313,12.93024],[77.40324,12.93027]]]]}},{"type":"Feature","properties":{"id":"lake-133","name":"Mapped lake/tank"},"geometry":{"type":"MultiPolygon","coordinates":[[[[77.42945,12.93512],[77.42922,12.934],[77.42917,12.93392],[77.42908,12.93392],[77.42897,12.93397],[77.42855,12.93445],[77.42837,12.93451],[77.42835,12.93472],[77.42878,12.9349],[77.42917,12.93513],[77.4294,12.93517],[77.42945,12.93512]]]]}},{"type":"Feature","properties":{"id":"lake-134","name":"Mapped lake/tank"},"geometry":{"type":"MultiPolygon","coordinates":[[[[77.42204,12.93517],[77.42201,12.93478],[77.42194,12.93464],[77.4218,12.93453],[77.42157,12.93452],[77.42099,12.93459],[77.42048,12.9345],[77.42037,12.93457],[77.42038,12.93469],[77.4208,12.93512],[77.42134,12.93585],[77.42157,12.93636],[77.42158,12.93649],[77.42174,12.93654],[77.42183,12.93638],[77.42218,12.93637],[77.42257,12.93643],[77.42297,12.93656],[77.42312,12.93668],[77.42319,12.93691],[77.42321,12.93793],[77.42333,12.938],[77.42355,12.93757],[77.42366,12.9371],[77.4238,12.93678],[77.42378,12.93662],[77.42361,12.93645],[77.42302,12.93618],[77.42273,12.93596],[77.42232,12.93573],[77.422,12.93534],[77.42204,12.93517]]]]}},{"type":"Feature","properties":{"id":"lake-135","name":"Mapped lake/tank"},"geometry":{"type":"MultiPolygon","coordinates":[[[[77.43486,12.93932],[77.4349,12.93923],[77.43485,12.93908],[77.43488,12.939],[77.43568,12.93852],[77.43591,12.93829],[77.43603,12.93812],[77.4361,12.93785],[77.4361,12.93758],[77.43603,12.9372],[77.43586,12.93687],[77.43586,12.93662],[77.43592,12.93651],[77.43608,12.93638],[77.43615,12.93615],[77.43644,12.93589],[77.43652,12.93571],[77.43678,12.93568],[77.43696,12.93556],[77.43708,12.93519],[77.43526,12.93494],[77.4327,12.93475],[77.43257,12.93526],[77.43229,12.9354],[77.43225,12.93646],[77.43229,12.93693],[77.43241,12.93698],[77.43266,12.93683],[77.433,12.93676],[77.43317,12.93677],[77.43329,12.93684],[77.43336,12.93696],[77.43351,12.93711],[77.43353,12.93754],[77.43379,12.93785],[77.43384,12.93815],[77.43417,12.93815],[77.43432,12.93828],[77.43434,12.93842],[77.43423,12.93871],[77.43425,12.93883],[77.43434,12.93895],[77.43429,12.93913],[77.4344,12.93927],[77.43454,12.93935],[77.43473,12.93937],[77.43486,12.93932]]]]}},{"type":"Feature","properties":{"id":"lake-136","name":"Mapped lake/tank"},"geometry":{"type":"MultiPolygon","coordinates":[[[[77.41326,12.94286],[77.41369,12.94255],[77.41369,12.94248],[77.41378,12.94245],[77.41385,12.94234],[77.41402,12.94231],[77.41405,12.9421],[77.41422,12.94191],[77.4144,12.94157],[77.41439,12.94146],[77.41416,12.94111],[77.41345,12.93949],[77.41339,12.93945],[77.41323,12.93953],[77.413,12.93975],[77.41253,12.93985],[77.41247,12.93995],[77.41248,12.94007],[77.41261,12.94025],[77.41272,12.94065],[77.41325,12.94071],[77.41334,12.9408],[77.41338,12.94108],[77.41323,12.94137],[77.4135,12.9415],[77.41351,12.94156],[77.41344,12.94184],[77.41325,12.94183],[77.41322,12.94194],[77.41316,12.94196],[77.41295,12.94191],[77.4126,12.94216],[77.41259,12.94228],[77.41268,12.94238],[77.41269,12.94251],[77.41258,12.94257],[77.41231,12.94256],[77.4123,12.94286],[77.41247,12.94329],[77.41225,12.94345],[77.41225,12.94352],[77.41252,12.94369],[77.41263,12.94364],[77.41267,12.94314],[77.4128,12.94281],[77.41305,12.94274],[77.41315,12.94277],[77.41322,12.94287],[77.41326,12.94286]]]]}},{"type":"Feature","properties":{"id":"lake-137","name":"Mapped lake/tank"},"geometry":{"type":"MultiPolygon","coordinates":[[[[77.47678,12.79564],[77.4766,12.79537],[77.47655,12.79539],[77.47618,12.79566],[77.47589,12.79602],[77.47559,12.79621],[77.47556,12.79631],[77.4756,12.79639],[77.47639,12.79666],[77.47673,12.79714],[77.47693,12.79708],[77.47686,12.79647],[77.47674,12.79622],[77.47673,12.796],[77.4768,12.79574],[77.47678,12.79564]]]]}},{"type":"Feature","properties":{"id":"lake-138","name":"Mapped lake/tank"},"geometry":{"type":"MultiPolygon","coordinates":[[[[77.47861,12.82877],[77.47745,12.82872],[77.47718,12.82878],[77.47692,12.82896],[77.47693,12.82922],[77.47734,12.83032],[77.47747,12.8303],[77.47754,12.83009],[77.47819,12.82967],[77.47828,12.82936],[77.47851,12.82922],[77.47861,12.82909],[77.47866,12.82889],[77.47861,12.82877]]]]}},{"type":"Feature","properties":{"id":"lake-139","name":"Mapped lake/tank"},"geometry":{"type":"MultiPolygon","coordinates":[[[[77.48746,12.83271],[77.48736,12.83272],[77.48722,12.8328],[77.48718,12.83289],[77.48715,12.83327],[77.48747,12.83327],[77.48746,12.83271]]]]}},{"type":"Feature","properties":{"id":"lake-140","name":"Mapped lake/tank"},"geometry":{"type":"MultiPolygon","coordinates":[[[[77.46622,12.81667],[77.4663,12.81621],[77.46628,12.81611],[77.46582,12.81613],[77.46571,12.81652],[77.46545,12.81658],[77.46555,12.81707],[77.46546,12.81726],[77.46545,12.81769],[77.46554,12.81783],[77.46553,12.8179],[77.46543,12.818],[77.46519,12.81803],[77.46505,12.818],[77.46493,12.81789],[77.46482,12.81789],[77.46469,12.81795],[77.46465,12.81802],[77.46466,12.81816],[77.46482,12.81868],[77.46528,12.81979],[77.46547,12.82006],[77.46566,12.81999],[77.4657,12.8196],[77.46582,12.81952],[77.46654,12.81926],[77.46672,12.81925],[77.46696,12.81917],[77.4671,12.819],[77.46716,12.81883],[77.4671,12.81871],[77.46689,12.81859],[77.46666,12.81831],[77.4662,12.81802],[77.46604,12.81797],[77.46604,12.81789],[77.46618,12.81755],[77.46622,12.81667]]]]}},{"type":"Feature","properties":{"id":"lake-141","name":"Mapped lake/tank"},"geometry":{"type":"MultiPolygon","coordinates":[[[[77.46541,12.82242],[77.46556,12.82212],[77.46598,12.82162],[77.46622,12.82112],[77.46476,12.82121],[77.46463,12.82132],[77.46452,12.82163],[77.46489,12.82233],[77.4651,12.82252],[77.46527,12.82252],[77.46541,12.82242]]]]}},{"type":"Feature","properties":{"id":"lake-142","name":"Mapped lake/tank"},"geometry":{"type":"MultiPolygon","coordinates":[[[[77.44663,12.82578],[77.44674,12.82505],[77.44683,12.82493],[77.44715,12.82477],[77.44749,12.82438],[77.44729,12.8243],[77.44671,12.82438],[77.4459,12.82438],[77.44551,12.82424],[77.44527,12.82403],[77.44536,12.82455],[77.44528,12.82504],[77.44534,12.82543],[77.44552,12.82596],[77.44563,12.82604],[77.44596,12.82605],[77.44632,12.82595],[77.44663,12.82578]]]]}},{"type":"Feature","properties":{"id":"lake-143","name":"Mapped lake/tank"},"geometry":{"type":"MultiPolygon","coordinates":[[[[77.44288,12.83334],[77.44327,12.8332],[77.44339,12.83311],[77.4434,12.83299],[77.44306,12.83265],[77.44281,12.83226],[77.44267,12.83178],[77.44266,12.83139],[77.44259,12.83139],[77.44227,12.83175],[77.44222,12.83192],[77.44227,12.83226],[77.44206,12.83283],[77.44202,12.8332],[77.44216,12.83329],[77.44248,12.83338],[77.44288,12.83334]]]]}},{"type":"Feature","properties":{"id":"lake-144","name":"Mapped lake/tank"},"geometry":{"type":"MultiPolygon","coordinates":[[[[77.49133,12.78173],[77.49194,12.78133],[77.49206,12.7809],[77.49218,12.78077],[77.49225,12.78052],[77.49241,12.78032],[77.49251,12.78027],[77.4928,12.78026],[77.49299,12.7802],[77.49374,12.77969],[77.49387,12.77939],[77.49423,12.77942],[77.49436,12.7793],[77.49468,12.77914],[77.4945,12.77898],[77.4943,12.77871],[77.49386,12.77775],[77.49316,12.77659],[77.49284,12.77594],[77.49229,12.77519],[77.49222,12.77493],[77.49215,12.77411],[77.49194,12.77413],[77.49197,12.77448],[77.49186,12.77486],[77.49169,12.77511],[77.49145,12.7752],[77.49158,12.77535],[77.49159,12.77556],[77.49151,12.77569],[77.49151,12.77577],[77.49174,12.7765],[77.49172,12.77659],[77.49064,12.777],[77.48956,12.77735],[77.48891,12.77794],[77.48896,12.77835],[77.48914,12.77902],[77.48929,12.77923],[77.48972,12.77938],[77.49025,12.77939],[77.49045,12.77944],[77.49081,12.77962],[77.49093,12.77979],[77.49119,12.78039],[77.49126,12.78067],[77.49126,12.78113],[77.49118,12.78175],[77.49133,12.78173]]]]}},{"type":"Feature","properties":{"id":"lake-145","name":"Mapped lake/tank"},"geometry":{"type":"MultiPolygon","coordinates":[[[[77.49473,12.75128],[77.49506,12.75065],[77.49517,12.75056],[77.49517,12.7505],[77.49484,12.75024],[77.49476,12.75005],[77.49455,12.74996],[77.49449,12.75037],[77.49435,12.75084],[77.49452,12.75128],[77.49464,12.75131],[77.49473,12.75128]]]]}},{"type":"Feature","properties":{"id":"lake-146","name":"Mapped lake/tank"},"geometry":{"type":"MultiPolygon","coordinates":[[[[77.50294,12.7546],[77.50298,12.75452],[77.50322,12.75448],[77.50335,12.75439],[77.50336,12.75415],[77.50346,12.75393],[77.50386,12.75337],[77.50446,12.75331],[77.50471,12.75306],[77.5048,12.75292],[77.50472,12.75263],[77.50473,12.75238],[77.50479,12.75227],[77.50486,12.75221],[77.50515,12.75215],[77.50607,12.75211],[77.50611,12.75207],[77.50609,12.75199],[77.50567,12.75195],[77.50528,12.75152],[77.50505,12.75137],[77.50459,12.75129],[77.50388,12.75125],[77.50374,12.75128],[77.50352,12.7515],[77.50334,12.75159],[77.5026,12.75177],[77.50225,12.75194],[77.50205,12.75193],[77.50179,12.75201],[77.50179,12.75211],[77.50205,12.7527],[77.50218,12.75332],[77.50189,12.7543],[77.50191,12.7546],[77.50197,12.75471],[77.50203,12.75471],[77.50219,12.75455],[77.50232,12.75453],[77.50254,12.75478],[77.50281,12.75492],[77.5029,12.75483],[77.50294,12.7546]]]]}},{"type":"Feature","properties":{"id":"lake-147","name":"Mapped lake/tank"},"geometry":{"type":"MultiPolygon","coordinates":[[[[77.51221,12.75084],[77.51225,12.75074],[77.51223,12.7507],[77.5112,12.751],[77.51119,12.75112],[77.5113,12.75149],[77.51141,12.75156],[77.51149,12.75155],[77.51166,12.7512],[77.51206,12.75099],[77.51221,12.75084]]]]}},{"type":"Feature","properties":{"id":"lake-148","name":"Mapped lake/tank"},"geometry":{"type":"MultiPolygon","coordinates":[[[[77.5021,12.77107],[77.50223,12.771],[77.50234,12.77087],[77.50259,12.77033],[77.50285,12.76989],[77.50294,12.7698],[77.50315,12.76968],[77.50353,12.76967],[77.50411,12.7695],[77.50418,12.76951],[77.5043,12.76964],[77.50445,12.76967],[77.50449,12.76961],[77.50441,12.76941],[77.50419,12.7691],[77.50402,12.76904],[77.50363,12.76901],[77.50309,12.76909],[77.5024,12.7691],[77.50152,12.76901],[77.50111,12.76892],[77.50095,12.7688],[77.50066,12.76832],[77.50051,12.76754],[77.50037,12.76717],[77.5003,12.76708],[77.50011,12.76705],[77.49995,12.76716],[77.49994,12.76733],[77.5001,12.76786],[77.50011,12.76869],[77.5002,12.76909],[77.50015,12.76917],[77.49986,12.76923],[77.49984,12.76952],[77.4997,12.76962],[77.49969,12.76971],[77.50038,12.77045],[77.50064,12.77087],[77.5009,12.77144],[77.50133,12.77134],[77.5021,12.77107]]]]}},{"type":"Feature","properties":{"id":"lake-149","name":"Mapped lake/tank"},"geometry":{"type":"MultiPolygon","coordinates":[[[[77.52416,12.78677],[77.52427,12.78668],[77.52423,12.78653],[77.52396,12.78634],[77.52357,12.78626],[77.52282,12.78655],[77.52237,12.78662],[77.52172,12.78665],[77.52163,12.78671],[77.5216,12.78682],[77.52168,12.78705],[77.52195,12.78705],[77.52213,12.78752],[77.52223,12.78761],[77.52254,12.78764],[77.5228,12.78776],[77.52411,12.78774],[77.52395,12.78762],[77.52388,12.78751],[77.52381,12.78729],[77.52382,12.787],[77.52416,12.78677]]]]}},{"type":"Feature","properties":{"id":"lake-150","name":"Mapped lake/tank"},"geometry":{"type":"MultiPolygon","coordinates":[[[[77.52911,12.77534],[77.52912,12.7752],[77.52904,12.77501],[77.52897,12.77498],[77.5284,12.77518],[77.52816,12.77534],[77.52829,12.77537],[77.52842,12.77532],[77.52866,12.77544],[77.52881,12.77547],[77.52901,12.77572],[77.52911,12.77577],[77.52914,12.77574],[77.52911,12.77534]]]]}},{"type":"Feature","properties":{"id":"lake-151","name":"Mapped lake/tank"},"geometry":{"type":"MultiPolygon","coordinates":[[[[77.52529,12.77258],[77.52515,12.77275],[77.52432,12.77292],[77.5242,12.77289],[77.52409,12.77271],[77.52388,12.77268],[77.52336,12.7725],[77.52329,12.77252],[77.52323,12.77261],[77.52324,12.77274],[77.5237,12.77301],[77.52382,12.77312],[77.52401,12.77341],[77.52415,12.77382],[77.52427,12.77454],[77.52421,12.77498],[77.52425,12.77512],[77.52431,12.77515],[77.52441,12.77512],[77.52466,12.77476],[77.52503,12.7744],[77.52525,12.77401],[77.5258,12.77375],[77.52598,12.77351],[77.52595,12.77335],[77.52575,12.77309],[77.52556,12.77259],[77.52541,12.77252],[77.52529,12.77258]]]]}},{"type":"Feature","properties":{"id":"lake-152","name":"Mapped lake/tank"},"geometry":{"type":"MultiPolygon","coordinates":[[[[77.51668,12.77137],[77.51673,12.7712],[77.51673,12.77081],[77.5165,12.77066],[77.51623,12.77055],[77.51617,12.77037],[77.51614,12.77007],[77.51559,12.77008],[77.51525,12.76982],[77.51488,12.76967],[77.51474,12.76968],[77.51469,12.76985],[77.51483,12.77053],[77.51481,12.77101],[77.51488,12.77113],[77.51535,12.7713],[77.51625,12.77149],[77.51668,12.77137]]]]}},{"type":"Feature","properties":{"id":"lake-153","name":"Mapped lake/tank"},"geometry":{"type":"MultiPolygon","coordinates":[[[[77.51638,12.76126],[77.51658,12.76113],[77.51684,12.76106],[77.51686,12.76101],[77.51643,12.7604],[77.51635,12.76035],[77.51594,12.76051],[77.51589,12.76059],[77.51624,12.76126],[77.51631,12.7613],[77.51638,12.76126]]]]}},{"type":"Feature","properties":{"id":"lake-154","name":"Mapped lake/tank"},"geometry":{"type":"MultiPolygon","coordinates":[[[[77.53073,12.76051],[77.53106,12.76013],[77.53079,12.75997],[77.53056,12.75959],[77.53046,12.75952],[77.53034,12.75954],[77.52996,12.75974],[77.52955,12.75984],[77.52938,12.75996],[77.52939,12.76003],[77.52961,12.76018],[77.52971,12.76031],[77.52982,12.7608],[77.52993,12.76079],[77.53073,12.76051]]]]}},{"type":"Feature","properties":{"id":"lake-155","name":"Mapped lake/tank"},"geometry":{"type":"MultiPolygon","coordinates":[[[[77.48996,12.76886],[77.48998,12.76858],[77.49024,12.76796],[77.49009,12.76765],[77.49002,12.76762],[77.48985,12.76763],[77.48979,12.76758],[77.48964,12.76728],[77.4895,12.76689],[77.48945,12.76698],[77.48953,12.76732],[77.48928,12.76754],[77.48892,12.76804],[77.48891,12.76814],[77.48896,12.76825],[77.48953,12.76871],[77.48987,12.76889],[77.48996,12.76886]]]]}},{"type":"Feature","properties":{"id":"lake-156","name":"Mapped lake/tank"},"geometry":{"type":"MultiPolygon","coordinates":[[[[77.49496,12.77218],[77.49501,12.77204],[77.49505,12.77147],[77.49513,12.77144],[77.49525,12.7715],[77.49557,12.77148],[77.49565,12.77144],[77.49567,12.77109],[77.49562,12.77048],[77.49492,12.77043],[77.49462,12.77061],[77.49376,12.77069],[77.4937,12.77079],[77.49388,12.77183],[77.4938,12.772],[77.49416,12.77261],[77.4942,12.77262],[77.49425,12.77257],[77.49429,12.77225],[77.49434,12.77221],[77.49496,12.77218]]]]}},{"type":"Feature","properties":{"id":"lake-157","name":"Mapped lake/tank"},"geometry":{"type":"MultiPolygon","coordinates":[[[[77.59789,12.66799],[77.59777,12.66773],[77.5978,12.66792],[77.59784,12.66799],[77.59789,12.66799]]]]}},{"type":"Feature","properties":{"id":"lake-158","name":"Mapped lake/tank"},"geometry":{"type":"MultiPolygon","coordinates":[[[[77.5793,12.72913],[77.57936,12.72908],[77.57932,12.72865],[77.57953,12.72822],[77.57938,12.72807],[77.57906,12.72805],[77.57886,12.72798],[77.57868,12.72761],[77.57847,12.72763],[77.57847,12.72832],[77.57886,12.72911],[77.5793,12.72913]]]]}},{"type":"Feature","properties":{"id":"lake-159","name":"Mapped lake/tank"},"geometry":{"type":"MultiPolygon","coordinates":[[[[77.59711,12.78193],[77.59704,12.782],[77.59704,12.78217],[77.59711,12.78228],[77.59724,12.78229],[77.59731,12.78221],[77.59726,12.78201],[77.59711,12.78193]]]]}},{"type":"Feature","properties":{"id":"lake-160","name":"Mapped lake/tank"},"geometry":{"type":"MultiPolygon","coordinates":[[[[77.59596,12.76591],[77.59588,12.7659],[77.59583,12.76597],[77.59583,12.76623],[77.59588,12.76629],[77.59624,12.76646],[77.59628,12.76616],[77.59596,12.76591]]]]}},{"type":"Feature","properties":{"id":"lake-161","name":"Mapped lake/tank"},"geometry":{"type":"MultiPolygon","coordinates":[[[[77.58945,12.78711],[77.59016,12.7871],[77.59031,12.78705],[77.59034,12.787],[77.59,12.78694],[77.58952,12.78704],[77.58945,12.78711]]]]}},{"type":"Feature","properties":{"id":"lake-162","name":"Mapped lake/tank"},"geometry":{"type":"MultiPolygon","coordinates":[[[[77.59651,12.7868],[77.59639,12.78683],[77.59636,12.78704],[77.59669,12.78704],[77.59667,12.78683],[77.59651,12.7868]]]]}},{"type":"Feature","properties":{"id":"lake-163","name":"Mapped lake/tank"},"geometry":{"type":"MultiPolygon","coordinates":[[[[77.66736,12.68663],[77.66779,12.68649],[77.66787,12.68634],[77.66784,12.68626],[77.66771,12.68625],[77.66743,12.68634],[77.66695,12.68634],[77.66671,12.68629],[77.66663,12.68617],[77.66661,12.68541],[77.66668,12.68527],[77.667,12.68489],[77.66718,12.6848],[77.66714,12.68463],[77.66648,12.68477],[77.66592,12.68498],[77.66583,12.68505],[77.66533,12.68566],[77.66564,12.68597],[77.66584,12.68601],[77.66605,12.68619],[77.66617,12.68651],[77.66636,12.68668],[77.66648,12.68672],[77.66691,12.68672],[77.66736,12.68663]]]]}},{"type":"Feature","properties":{"id":"lake-164","name":"Mapped lake/tank"},"geometry":{"type":"MultiPolygon","coordinates":[[[[77.72163,12.71303],[77.72164,12.71266],[77.72192,12.7121],[77.72208,12.71153],[77.72216,12.71094],[77.72225,12.71072],[77.72252,12.71047],[77.72319,12.71011],[77.72343,12.70974],[77.72347,12.70962],[77.72345,12.70937],[77.72322,12.70914],[77.72292,12.70911],[77.7219,12.70926],[77.72137,12.70925],[77.72109,12.70917],[77.72047,12.70871],[77.7193,12.70874],[77.7191,12.70879],[77.71899,12.7089],[77.71891,12.70918],[77.71881,12.71072],[77.71863,12.71108],[77.71827,12.71153],[77.7177,12.71184],[77.71716,12.71206],[77.71667,12.71199],[77.71634,12.71186],[77.71634,12.71239],[77.71663,12.71255],[77.71725,12.71253],[77.71786,12.7123],[77.71905,12.71227],[77.71987,12.71248],[77.7208,12.71284],[77.72103,12.71312],[77.72143,12.71311],[77.72163,12.71303]]]]}},{"type":"Feature","properties":{"id":"lake-165","name":"Mapped lake/tank"},"geometry":{"type":"MultiPolygon","coordinates":[[[[77.71935,12.72861],[77.7193,12.72855],[77.71915,12.72856],[77.71887,12.72877],[77.71861,12.72887],[77.71811,12.72886],[77.7169,12.72811],[77.71673,12.72787],[77.7165,12.72732],[77.71653,12.72978],[77.71707,12.72961],[77.71742,12.72959],[77.71776,12.72964],[77.71817,12.72983],[77.71878,12.72988],[77.7191,12.72966],[77.71952,12.72918],[77.71952,12.72906],[77.71935,12.72861]]]]}},{"type":"Feature","properties":{"id":"lake-166","name":"Mapped lake/tank"},"geometry":{"type":"MultiPolygon","coordinates":[[[[77.76055,12.74019],[77.76001,12.74017],[77.7599,12.74],[77.75977,12.7401],[77.7598,12.74022],[77.76055,12.74019]]]]}},{"type":"Feature","properties":{"id":"lake-167","name":"Mapped lake/tank"},"geometry":{"type":"MultiPolygon","coordinates":[[[[77.63111,12.69264],[77.63101,12.69292],[77.63088,12.69302],[77.63083,12.69311],[77.63083,12.69324],[77.63092,12.69336],[77.63111,12.69322],[77.63142,12.69319],[77.63157,12.6931],[77.63161,12.69298],[77.63161,12.69291],[77.6315,12.69277],[77.63111,12.69264]]]]}},{"type":"Feature","properties":{"id":"lake-168","name":"Mapped lake/tank"},"geometry":{"type":"MultiPolygon","coordinates":[[[[77.6081,12.7311],[77.60822,12.73106],[77.60822,12.73092],[77.60829,12.7308],[77.6087,12.73046],[77.60896,12.72998],[77.6085,12.72877],[77.6084,12.72863],[77.60828,12.72858],[77.60785,12.72858],[77.6077,12.7285],[77.6075,12.72822],[77.60761,12.72792],[77.60748,12.72788],[77.60712,12.72788],[77.60693,12.72782],[77.60685,12.72771],[77.60696,12.7275],[77.60682,12.72741],[77.60638,12.72747],[77.60556,12.72796],[77.60531,12.72795],[77.60502,12.72818],[77.60502,12.72826],[77.60518,12.72843],[77.60548,12.7286],[77.60561,12.72859],[77.60571,12.72845],[77.60579,12.7285],[77.60607,12.72881],[77.60624,12.72906],[77.60671,12.72903],[77.60698,12.72929],[77.60728,12.72933],[77.60741,12.72941],[77.6079,12.73004],[77.60787,12.73064],[77.60801,12.73106],[77.6081,12.7311]]]]}},{"type":"Feature","properties":{"id":"lake-169","name":"Mapped lake/tank"},"geometry":{"type":"MultiPolygon","coordinates":[[[[77.60521,12.72486],[77.60511,12.72381],[77.60497,12.72363],[77.60454,12.72359],[77.60447,12.72371],[77.60444,12.7241],[77.6043,12.72425],[77.60413,12.72426],[77.60402,12.72414],[77.60385,12.72411],[77.60388,12.7243],[77.60423,12.72459],[77.60448,12.72508],[77.60459,12.72506],[77.60483,12.7249],[77.60521,12.72486]]]]}},{"type":"Feature","properties":{"id":"lake-170","name":"Mapped lake/tank"},"geometry":{"type":"MultiPolygon","coordinates":[[[[77.60408,12.72101],[77.60425,12.72084],[77.60422,12.72036],[77.60405,12.72007],[77.60388,12.72001],[77.60371,12.72002],[77.60345,12.72017],[77.6034,12.72027],[77.60339,12.72048],[77.60346,12.72143],[77.60359,12.72143],[77.60408,12.72101]]]]}},{"type":"Feature","properties":{"id":"lake-171","name":"Mapped lake/tank"},"geometry":{"type":"MultiPolygon","coordinates":[[[[77.64695,12.70324],[77.64741,12.70223],[77.64803,12.70149],[77.64832,12.70131],[77.64831,12.7012],[77.64765,12.70125],[77.64676,12.701],[77.64627,12.70092],[77.64587,12.70092],[77.64562,12.70098],[77.64557,12.70104],[77.64596,12.70199],[77.64668,12.70282],[77.64688,12.70327],[77.64693,12.70329],[77.64695,12.70324]]]]}},{"type":"Feature","properties":{"id":"lake-172","name":"Mapped lake/tank"},"geometry":{"type":"MultiPolygon","coordinates":[[[[77.65482,12.72536],[77.65471,12.7249],[77.65485,12.72415],[77.65473,12.72351],[77.65465,12.72336],[77.65454,12.72327],[77.65408,12.72329],[77.65399,12.72336],[77.6539,12.72357],[77.65383,12.72415],[77.65375,12.72423],[77.6536,12.72427],[77.65345,12.72471],[77.65315,12.72502],[77.65309,12.72538],[77.65298,12.72559],[77.65299,12.72569],[77.65301,12.72572],[77.65308,12.7257],[77.65347,12.72538],[77.65424,12.72542],[77.65439,12.72546],[77.65457,12.72563],[77.65475,12.726],[77.65485,12.72587],[77.65489,12.72569],[77.65482,12.72536]]]]}},{"type":"Feature","properties":{"id":"lake-173","name":"Mapped lake/tank"},"geometry":{"type":"MultiPolygon","coordinates":[[[[77.63526,12.71045],[77.63535,12.71012],[77.63533,12.70997],[77.6352,12.70992],[77.63485,12.70993],[77.63481,12.71013],[77.63486,12.71024],[77.63515,12.71046],[77.63521,12.71048],[77.63526,12.71045]]]]}},{"type":"Feature","properties":{"id":"lake-174","name":"Mapped lake/tank"},"geometry":{"type":"MultiPolygon","coordinates":[[[[77.63663,12.71927],[77.63661,12.71914],[77.6362,12.71868],[77.63588,12.71842],[77.6356,12.71829],[77.63544,12.71835],[77.63539,12.71842],[77.63541,12.7185],[77.63595,12.71884],[77.63627,12.71898],[77.63649,12.71928],[77.63658,12.71933],[77.63663,12.71927]]]]}},{"type":"Feature","properties":{"id":"lake-175","name":"Mapped lake/tank"},"geometry":{"type":"MultiPolygon","coordinates":[[[[77.63825,12.71989],[77.63856,12.71985],[77.63868,12.71975],[77.63874,12.71957],[77.63876,12.71911],[77.63849,12.7191],[77.63805,12.71916],[77.63778,12.71911],[77.63771,12.71915],[77.6379,12.71962],[77.63797,12.72002],[77.63814,12.72006],[77.63818,12.71994],[77.63825,12.71989]]]]}},{"type":"Feature","properties":{"id":"lake-176","name":"Mapped lake/tank"},"geometry":{"type":"MultiPolygon","coordinates":[[[[77.6644,12.73599],[77.66421,12.73621],[77.66385,12.73638],[77.66366,12.73698],[77.66355,12.73718],[77.66335,12.7374],[77.66383,12.73742],[77.66433,12.73769],[77.66455,12.73804],[77.66474,12.7386],[77.66481,12.7387],[77.66492,12.73872],[77.66495,12.73815],[77.66489,12.73761],[77.66495,12.73756],[77.6651,12.73756],[77.66507,12.73739],[77.66493,12.73673],[77.66471,12.73674],[77.66446,12.73602],[77.6644,12.73599]]]]}},{"type":"Feature","properties":{"id":"lake-177","name":"Mapped lake/tank"},"geometry":{"type":"MultiPolygon","coordinates":[[[[77.65804,12.7333],[77.65812,12.73325],[77.65813,12.73299],[77.65832,12.73268],[77.65846,12.73228],[77.65856,12.73161],[77.65868,12.73129],[77.65872,12.73099],[77.65871,12.73085],[77.65865,12.73073],[77.65816,12.7306],[77.65805,12.73069],[77.658,12.73096],[77.6579,12.73103],[77.65771,12.73106],[77.65728,12.73104],[77.65721,12.73138],[77.65734,12.73182],[77.65738,12.7326],[77.65733,12.73277],[77.65716,12.73298],[77.65743,12.73309],[77.65749,12.73325],[77.65755,12.73329],[77.65804,12.7333]]]]}},{"type":"Feature","properties":{"id":"lake-178","name":"Mapped lake/tank"},"geometry":{"type":"MultiPolygon","coordinates":[[[[77.6474,12.71907],[77.64757,12.71924],[77.64768,12.71885],[77.64775,12.71876],[77.64795,12.71869],[77.64812,12.71843],[77.64812,12.71832],[77.64807,12.71813],[77.64797,12.71803],[77.64772,12.718],[77.6474,12.71812],[77.64717,12.71779],[77.6471,12.71785],[77.64708,12.71811],[77.64686,12.7183],[77.64672,12.71858],[77.64655,12.71866],[77.64607,12.71869],[77.64589,12.71877],[77.64608,12.71902],[77.64653,12.71942],[77.64656,12.71956],[77.64651,12.72001],[77.64659,12.72009],[77.64668,12.72007],[77.64682,12.71984],[77.64698,12.71968],[77.64718,12.71923],[77.64731,12.7191],[77.6474,12.71907]]]]}},{"type":"Feature","properties":{"id":"lake-179","name":"Mapped lake/tank"},"geometry":{"type":"MultiPolygon","coordinates":[[[[77.65042,12.71704],[77.65009,12.71625],[77.64998,12.71619],[77.64969,12.71622],[77.64943,12.71599],[77.64947,12.71623],[77.6497,12.71692],[77.64987,12.71728],[77.64996,12.71732],[77.65034,12.71717],[77.65043,12.71712],[77.65042,12.71704]]]]}},{"type":"Feature","properties":{"id":"lake-180","name":"Mapped lake/tank"},"geometry":{"type":"MultiPolygon","coordinates":[[[[77.64148,12.71568],[77.6413,12.71598],[77.64113,12.7161],[77.64096,12.71613],[77.64097,12.71618],[77.64133,12.71627],[77.64186,12.71632],[77.6423,12.71662],[77.64249,12.71664],[77.64248,12.71612],[77.64219,12.7155],[77.64221,12.71541],[77.64235,12.71535],[77.64241,12.71528],[77.64237,12.71514],[77.64211,12.71505],[77.64175,12.71515],[77.64157,12.7153],[77.64148,12.71568]]]]}},{"type":"Feature","properties":{"id":"lake-181","name":"Mapped lake/tank"},"geometry":{"type":"MultiPolygon","coordinates":[[[[77.65185,12.73385],[77.6519,12.73369],[77.65204,12.73351],[77.65206,12.73256],[77.65219,12.73199],[77.65239,12.73185],[77.65307,12.7319],[77.65343,12.73185],[77.65353,12.73179],[77.65356,12.73173],[77.65355,12.73164],[77.65349,12.7316],[77.65312,12.73147],[77.65291,12.73121],[77.65283,12.73099],[77.65283,12.73075],[77.65278,12.73066],[77.65278,12.73026],[77.65257,12.73023],[77.65254,12.73031],[77.65256,12.73053],[77.65252,12.73062],[77.65135,12.73119],[77.65114,12.73174],[77.65099,12.7319],[77.65085,12.73195],[77.65068,12.7319],[77.65068,12.73205],[77.65038,12.73206],[77.65008,12.73196],[77.64982,12.73194],[77.64968,12.732],[77.64961,12.73212],[77.64969,12.73258],[77.64986,12.73262],[77.65009,12.73253],[77.65054,12.73247],[77.65084,12.7326],[77.65104,12.73277],[77.65139,12.73298],[77.65149,12.73311],[77.65173,12.73386],[77.65181,12.73391],[77.65185,12.73385]]]]}},{"type":"Feature","properties":{"id":"lake-182","name":"Mapped lake/tank"},"geometry":{"type":"MultiPolygon","coordinates":[[[[77.64081,12.73857],[77.64092,12.73819],[77.64081,12.73741],[77.64093,12.73684],[77.64116,12.73644],[77.64116,12.7364],[77.6408,12.73622],[77.64029,12.73636],[77.64013,12.7366],[77.63989,12.73663],[77.63967,12.73693],[77.63943,12.73707],[77.63931,12.7372],[77.63918,12.73745],[77.63908,12.73784],[77.63885,12.73791],[77.63879,12.73797],[77.63881,12.73809],[77.63892,12.73821],[77.63985,12.7386],[77.63997,12.73877],[77.64001,12.73932],[77.64036,12.73947],[77.64053,12.73945],[77.6406,12.73936],[77.64076,12.73887],[77.64086,12.73875],[77.64081,12.73857]]]]}},{"type":"Feature","properties":{"id":"lake-183","name":"Mapped lake/tank"},"geometry":{"type":"MultiPolygon","coordinates":[[[[77.64481,12.73574],[77.64478,12.73567],[77.64465,12.73559],[77.64454,12.73535],[77.64443,12.7353],[77.64431,12.73531],[77.64429,12.73551],[77.64436,12.73593],[77.64431,12.73615],[77.6442,12.73632],[77.64368,12.7366],[77.64351,12.73665],[77.64359,12.73682],[77.64375,12.73681],[77.64406,12.7367],[77.64443,12.73647],[77.64466,12.73618],[77.6447,12.73591],[77.64483,12.73587],[77.64481,12.73574]]]]}},{"type":"Feature","properties":{"id":"lake-184","name":"Mapped lake/tank"},"geometry":{"type":"MultiPolygon","coordinates":[[[[77.63953,12.73059],[77.63999,12.73069],[77.64023,12.73078],[77.64035,12.73073],[77.64022,12.73056],[77.63975,12.73022],[77.6398,12.72991],[77.6398,12.72932],[77.63972,12.72886],[77.63966,12.72883],[77.63949,12.7289],[77.63931,12.72886],[77.63925,12.7288],[77.63919,12.72858],[77.63908,12.72854],[77.6388,12.72883],[77.63867,12.72983],[77.63838,12.73015],[77.63828,12.73044],[77.63811,12.73069],[77.63793,12.73085],[77.63803,12.73105],[77.63809,12.73138],[77.6382,12.73146],[77.63842,12.73119],[77.63845,12.73096],[77.63859,12.73077],[77.63876,12.73069],[77.63913,12.73061],[77.63953,12.73059]]]]}},{"type":"Feature","properties":{"id":"lake-185","name":"Mapped lake/tank"},"geometry":{"type":"MultiPolygon","coordinates":[[[[77.63622,12.72526],[77.63611,12.72542],[77.63609,12.72571],[77.63584,12.72597],[77.63582,12.72608],[77.6361,12.7262],[77.63631,12.72643],[77.63637,12.72662],[77.63634,12.72694],[77.63637,12.72721],[77.63639,12.7273],[77.63645,12.72734],[77.63684,12.72713],[77.63717,12.72705],[77.63723,12.72699],[77.63726,12.72684],[77.63722,12.72678],[77.63702,12.72682],[77.63692,12.72676],[77.63688,12.72661],[77.63687,12.72623],[77.63666,12.72561],[77.63662,12.72555],[77.63643,12.72551],[77.63643,12.72522],[77.63634,12.72519],[77.63622,12.72526]]]]}},{"type":"Feature","properties":{"id":"lake-186","name":"Mapped lake/tank"},"geometry":{"type":"MultiPolygon","coordinates":[[[[77.64054,12.70333],[77.64045,12.70305],[77.64011,12.70288],[77.63974,12.70278],[77.63914,12.70284],[77.63888,12.70302],[77.63867,12.70306],[77.63861,12.70311],[77.63861,12.70322],[77.63871,12.70347],[77.63873,12.70366],[77.63868,12.70392],[77.63857,12.70413],[77.63861,12.70417],[77.63903,12.70422],[77.63956,12.70413],[77.63994,12.70422],[77.6402,12.70417],[77.64043,12.70419],[77.64048,12.70412],[77.64054,12.70333]]]]}},{"type":"Feature","properties":{"id":"lake-187","name":"Thattekere"},"geometry":{"type":"MultiPolygon","coordinates":[[[[77.60718,12.70179],[77.60704,12.70171],[77.60707,12.70192],[77.607,12.70234],[77.60707,12.70282],[77.60701,12.70319],[77.60703,12.70338],[77.60716,12.70358],[77.60763,12.70389],[77.60797,12.70446],[77.60789,12.70498],[77.60762,12.70538],[77.60763,12.70559],[77.60822,12.70594],[77.60939,12.70617],[77.60982,12.70641],[77.61035,12.70656],[77.61059,12.70673],[77.61081,12.70701],[77.61081,12.70717],[77.61075,12.70725],[77.61047,12.70737],[77.61,12.70768],[77.60994,12.70787],[77.61006,12.708],[77.61083,12.70814],[77.61131,12.70794],[77.61158,12.7079],[77.6117,12.708],[77.61186,12.70831],[77.61197,12.70844],[77.6122,12.70854],[77.61262,12.70858],[77.61289,12.70889],[77.61312,12.709],[77.61326,12.709],[77.61339,12.70895],[77.61349,12.70861],[77.61355,12.70856],[77.61362,12.70857],[77.61372,12.70887],[77.61403,12.70949],[77.61427,12.70983],[77.6145,12.70998],[77.615,12.71004],[77.61531,12.71024],[77.61535,12.71058],[77.61528,12.71079],[77.61529,12.71094],[77.61553,12.71049],[77.61556,12.71021],[77.61552,12.71004],[77.61536,12.70992],[77.61481,12.70994],[77.61463,12.70988],[77.61451,12.70979],[77.6143,12.70951],[77.61382,12.70844],[77.61349,12.70842],[77.61332,12.70868],[77.61313,12.70875],[77.61268,12.70846],[77.61229,12.70843],[77.61216,12.70837],[77.61197,12.70817],[77.61172,12.70773],[77.61146,12.70774],[77.6107,12.70794],[77.61021,12.70792],[77.61013,12.70785],[77.61014,12.70779],[77.6108,12.70743],[77.61096,12.70722],[77.61097,12.70701],[77.61067,12.70657],[77.61049,12.70644],[77.61005,12.70634],[77.60954,12.70609],[77.60842,12.70591],[77.60791,12.70568],[77.60781,12.70548],[77.60803,12.70507],[77.60812,12.70465],[77.60812,12.70446],[77.60791,12.70407],[77.60731,12.70348],[77.60718,12.7033],[77.60718,12.70179]]]]}},{"type":"Feature","properties":{"id":"lake-188","name":"Thattekere"},"geometry":{"type":"MultiPolygon","coordinates":[[[[77.61967,12.71725],[77.61963,12.71701],[77.61925,12.71595],[77.61905,12.71568],[77.61857,12.71553],[77.61839,12.71553],[77.61832,12.71557],[77.61805,12.71594],[77.61795,12.71595],[77.61759,12.71571],[77.61719,12.71569],[77.61663,12.71532],[77.6159,12.71504],[77.61547,12.71473],[77.61537,12.71439],[77.61537,12.71418],[77.6155,12.71394],[77.61564,12.71381],[77.61573,12.71354],[77.61565,12.7133],[77.61548,12.71299],[77.61522,12.71266],[77.61492,12.71203],[77.61483,12.71156],[77.61484,12.71136],[77.61522,12.71104],[77.61526,12.71098],[77.61525,12.71082],[77.61498,12.71098],[77.61473,12.71124],[77.61466,12.71151],[77.61477,12.71188],[77.61486,12.71257],[77.61502,12.71279],[77.61538,12.71313],[77.61555,12.71347],[77.61553,12.71371],[77.61527,12.71409],[77.6152,12.71429],[77.61523,12.71453],[77.61537,12.71485],[77.61563,12.71502],[77.6157,12.71512],[77.6157,12.71525],[77.6158,12.71532],[77.61584,12.71516],[77.61598,12.71513],[77.61639,12.71534],[77.61692,12.7157],[77.61746,12.71585],[77.61778,12.71607],[77.61802,12.71611],[77.61813,12.71608],[77.61827,12.71577],[77.61846,12.71566],[77.61864,12.71566],[77.61894,12.71578],[77.61907,12.71589],[77.6192,12.71614],[77.61955,12.71706],[77.61963,12.71741],[77.61975,12.71752],[77.61996,12.71759],[77.61997,12.71769],[77.62009,12.71774],[77.62001,12.71752],[77.61974,12.7174],[77.61967,12.71725]]]]}},{"type":"Feature","properties":{"id":"lake-189","name":"Thattekere"},"geometry":{"type":"MultiPolygon","coordinates":[[[[77.61653,12.71789],[77.6163,12.71746],[77.61644,12.71723],[77.61637,12.71676],[77.61605,12.71627],[77.61605,12.71577],[77.61586,12.71553],[77.6158,12.71535],[77.61569,12.71528],[77.6157,12.71546],[77.61593,12.7159],[77.61597,12.71639],[77.61616,12.71662],[77.61632,12.71704],[77.61631,12.71719],[77.61614,12.71744],[77.6162,12.71777],[77.61628,12.71797],[77.61653,12.71789]]]]}},{"type":"Feature","properties":{"id":"lake-190","name":"Thattekere"},"geometry":{"type":"MultiPolygon","coordinates":[[[[77.61665,12.72022],[77.61667,12.72004],[77.61643,12.71943],[77.61645,12.71904],[77.61653,12.71884],[77.61689,12.71873],[77.61695,12.71863],[77.61688,12.71842],[77.61654,12.71791],[77.61629,12.71799],[77.6164,12.71816],[77.61662,12.71837],[77.61673,12.71862],[77.61669,12.71868],[77.61652,12.7187],[77.61644,12.71876],[77.61633,12.71917],[77.61633,12.71951],[77.61656,12.72012],[77.61653,12.72022],[77.6164,12.7203],[77.61642,12.72051],[77.61651,12.72049],[77.61653,12.72035],[77.61665,12.72022]]]]}},{"type":"Feature","properties":{"id":"lake-191","name":"Thattekere"},"geometry":{"type":"MultiPolygon","coordinates":[[[[77.62441,12.72082],[77.62435,12.72074],[77.62414,12.72063],[77.62403,12.72042],[77.62413,12.71964],[77.62408,12.71929],[77.62375,12.71917],[77.62357,12.71866],[77.62346,12.71851],[77.6233,12.71845],[77.623,12.71849],[77.62208,12.71882],[77.62197,12.71883],[77.62186,12.71879],[77.6218,12.71847],[77.62162,12.71827],[77.62114,12.71816],[77.62084,12.71802],[77.62064,12.71808],[77.62051,12.7182],[77.62058,12.71827],[77.62073,12.71812],[77.62087,12.71811],[77.62119,12.71829],[77.62167,12.71844],[77.62171,12.7185],[77.62172,12.71881],[77.62184,12.71894],[77.62223,12.71889],[77.62296,12.71857],[77.62317,12.71857],[77.62337,12.71865],[77.6235,12.71881],[77.62353,12.71914],[77.62359,12.71924],[77.62371,12.71932],[77.62394,12.71932],[77.624,12.71937],[77.62389,12.7204],[77.62392,12.72064],[77.62401,12.72073],[77.6243,12.72086],[77.62441,12.72114],[77.62441,12.72082]]]]}},{"type":"Feature","properties":{"id":"lake-192","name":"Thattekere"},"geometry":{"type":"MultiPolygon","coordinates":[[[[77.62165,12.72358],[77.62117,12.72198],[77.62105,12.72098],[77.62113,12.72063],[77.62099,12.72037],[77.62066,12.72005],[77.62055,12.71982],[77.62057,12.71959],[77.62049,12.719],[77.62057,12.7183],[77.62049,12.71822],[77.62045,12.71828],[77.62022,12.71807],[77.62012,12.71793],[77.6201,12.71777],[77.61998,12.71772],[77.62007,12.71798],[77.62045,12.7185],[77.62039,12.71892],[77.62044,12.71998],[77.62053,12.72016],[77.62087,12.72042],[77.62099,12.72067],[77.62099,12.72077],[77.62092,12.72091],[77.62092,12.72113],[77.62106,12.72175],[77.62112,12.72231],[77.62148,12.72336],[77.6216,12.72405],[77.62162,12.72451],[77.62167,12.72459],[77.62174,12.72454],[77.62175,12.72442],[77.62165,12.72358]]]]}},{"type":"Feature","properties":{"id":"lake-193","name":"Mapped lake/tank"},"geometry":{"type":"MultiPolygon","coordinates":[[[[77.64784,12.70539],[77.64749,12.70527],[77.64712,12.70496],[77.64691,12.70484],[77.64684,12.70485],[77.6469,12.70565],[77.64695,12.70573],[77.64714,12.70573],[77.64723,12.70578],[77.64724,12.70605],[77.64734,12.70604],[77.64742,12.70581],[77.64786,12.70558],[77.64789,12.70552],[77.64784,12.70539]]]]}},{"type":"Feature","properties":{"id":"lake-194","name":"Thattekere"},"geometry":{"type":"MultiPolygon","coordinates":[[[[77.63307,12.70912],[77.63325,12.70871],[77.63343,12.70848],[77.63423,12.70763],[77.6344,12.7075],[77.63514,12.70702],[77.63567,12.70661],[77.63582,12.70656],[77.63613,12.70659],[77.63651,12.70654],[77.63686,12.70629],[77.63736,12.70576],[77.63794,12.70492],[77.63811,12.70478],[77.6382,12.7045],[77.63857,12.7041],[77.63819,12.70447],[77.6381,12.70472],[77.63789,12.70494],[77.63743,12.70561],[77.63663,12.70642],[77.63628,12.70654],[77.63583,12.70652],[77.63544,12.70669],[77.6352,12.70692],[77.63448,12.70737],[77.6342,12.70761],[77.6334,12.70845],[77.63318,12.70875],[77.63312,12.70895],[77.63298,12.70919],[77.63291,12.70922],[77.63252,12.7092],[77.6321,12.70931],[77.63251,12.70924],[77.63293,12.70926],[77.63307,12.70912]]]]}},{"type":"Feature","properties":{"id":"lake-195","name":"Thattekere"},"geometry":{"type":"MultiPolygon","coordinates":[[[[77.62853,12.71474],[77.62878,12.71454],[77.62911,12.7144],[77.62929,12.71399],[77.62964,12.71388],[77.62972,12.7138],[77.62965,12.71347],[77.62961,12.7128],[77.62967,12.71175],[77.62976,12.71122],[77.62984,12.71109],[77.62993,12.71097],[77.6303,12.71076],[77.63071,12.71062],[77.63103,12.71063],[77.63104,12.71035],[77.63119,12.71011],[77.63129,12.70962],[77.63161,12.70942],[77.63208,12.70934],[77.63207,12.70929],[77.63157,12.70939],[77.63125,12.7096],[77.63119,12.70975],[77.63116,12.71005],[77.63099,12.71038],[77.63097,12.7106],[77.63072,12.71057],[77.63002,12.71085],[77.62987,12.71096],[77.62971,12.71125],[77.62957,12.7128],[77.62959,12.71348],[77.62967,12.71373],[77.62965,12.71381],[77.62923,12.71397],[77.6291,12.71433],[77.62878,12.71444],[77.62842,12.71478],[77.62855,12.71534],[77.62887,12.71558],[77.62901,12.71585],[77.62895,12.71635],[77.629,12.71637],[77.62904,12.71584],[77.6289,12.71555],[77.62861,12.71529],[77.62859,12.71507],[77.62849,12.71483],[77.62853,12.71474]]]]}},{"type":"Feature","properties":{"id":"lake-196","name":"Thattekere"},"geometry":{"type":"MultiPolygon","coordinates":[[[[77.62759,12.72053],[77.62782,12.72031],[77.62812,12.72015],[77.62817,12.72003],[77.62813,12.71973],[77.62817,12.71959],[77.62847,12.71943],[77.62885,12.71899],[77.62904,12.71845],[77.62895,12.71778],[77.62899,12.71771],[77.62941,12.71742],[77.62956,12.71725],[77.62986,12.71727],[77.63038,12.71721],[77.63046,12.71728],[77.63051,12.7175],[77.63073,12.7177],[77.63267,12.71842],[77.63312,12.71868],[77.63344,12.71877],[77.63379,12.71857],[77.6343,12.71858],[77.63451,12.71853],[77.63509,12.71786],[77.63545,12.71758],[77.63571,12.71759],[77.63582,12.71768],[77.63564,12.7181],[77.63564,12.7183],[77.63572,12.71832],[77.63572,12.71811],[77.63587,12.71774],[77.63587,12.71763],[77.63568,12.71751],[77.63545,12.71752],[77.63511,12.71773],[77.63461,12.71832],[77.63442,12.71848],[77.6342,12.71853],[77.63378,12.71849],[77.63351,12.71869],[77.63332,12.71871],[77.6329,12.71847],[77.6308,12.71768],[77.63058,12.71751],[77.6305,12.71722],[77.63044,12.71718],[77.62982,12.71723],[77.62955,12.71718],[77.62938,12.71697],[77.62911,12.71683],[77.62896,12.71648],[77.62898,12.7164],[77.62893,12.71638],[77.62892,12.71649],[77.629,12.71675],[77.62909,12.71688],[77.6294,12.7171],[77.62942,12.71729],[77.62933,12.71742],[77.62907,12.71758],[77.62889,12.71779],[77.62895,12.71832],[77.62893,12.71857],[77.62879,12.71889],[77.62848,12.71922],[77.62804,12.71953],[77.6279,12.72005],[77.62732,12.72048],[77.6274,12.72056],[77.62759,12.72053]]]]}},{"type":"Feature","properties":{"id":"lake-197","name":"Thattekere"},"geometry":{"type":"MultiPolygon","coordinates":[[[[77.62664,12.72159],[77.62658,12.72143],[77.62641,12.72149],[77.62626,12.72161],[77.62601,12.72198],[77.62583,12.72203],[77.62553,12.72179],[77.62512,12.7216],[77.62481,12.72138],[77.62463,12.7212],[77.62441,12.72082],[77.62441,12.72114],[77.62466,12.72143],[77.62498,12.7217],[77.62575,12.72216],[77.62594,12.72218],[77.62612,12.72212],[77.62647,12.72171],[77.62664,12.72159]]]]}},{"type":"Feature","properties":{"id":"lake-198","name":"Thattekere"},"geometry":{"type":"MultiPolygon","coordinates":[[[[77.62771,12.72379],[77.62759,12.72358],[77.62755,12.72339],[77.62756,12.72283],[77.62751,12.72264],[77.6273,12.72233],[77.6272,12.72191],[77.62679,12.72152],[77.6269,12.72122],[77.62699,12.72068],[77.62709,12.72063],[77.6274,12.72062],[77.62753,12.72057],[77.62737,12.7206],[77.62729,12.7205],[77.62701,12.72054],[77.62683,12.7207],[77.62677,12.72125],[77.62668,12.72139],[77.6266,12.72142],[77.62666,12.72157],[77.6267,12.72154],[77.62702,12.72177],[77.6272,12.72204],[77.62725,12.72238],[77.62751,12.72279],[77.6275,12.7234],[77.62754,12.72358],[77.62765,12.7238],[77.62771,12.72379]]]]}},{"type":"Feature","properties":{"id":"lake-199","name":"Thattekere"},"geometry":{"type":"MultiPolygon","coordinates":[[[[77.6298,12.72583],[77.63032,12.72581],[77.63099,12.726],[77.63104,12.72597],[77.63027,12.72576],[77.62988,12.72577],[77.62973,12.7258],[77.62916,12.72611],[77.62904,12.72613],[77.62898,12.7261],[77.628,12.72416],[77.62772,12.72382],[77.62767,12.72383],[77.62803,12.7243],[77.62885,12.72599],[77.62899,12.72618],[77.62909,12.72619],[77.62923,12.72613],[77.6298,12.72583]]]]}},{"type":"Feature","properties":{"id":"lake-200","name":"Mapped lake/tank"},"geometry":{"type":"MultiPolygon","coordinates":[[[[77.68221,12.66864],[77.68221,12.66858],[77.68216,12.66854],[77.68178,12.66859],[77.68129,12.6692],[77.6813,12.66931],[77.68141,12.66931],[77.68183,12.66898],[77.68203,12.66889],[77.68217,12.66876],[77.68221,12.66864]]]]}},{"type":"Feature","properties":{"id":"lake-201","name":"Mapped lake/tank"},"geometry":{"type":"MultiPolygon","coordinates":[[[[77.68118,12.6906],[77.68116,12.69039],[77.68108,12.69027],[77.68072,12.68991],[77.68024,12.69026],[77.68043,12.69048],[77.6807,12.69067],[77.68098,12.69073],[77.68112,12.69067],[77.68118,12.6906]]]]}},{"type":"Feature","properties":{"id":"lake-202","name":"Mapped lake/tank"},"geometry":{"type":"MultiPolygon","coordinates":[[[[77.69122,12.69512],[77.69096,12.69576],[77.69149,12.69575],[77.69122,12.69512]]]]}},{"type":"Feature","properties":{"id":"lake-203","name":"Mapped lake/tank"},"geometry":{"type":"MultiPolygon","coordinates":[[[[77.69578,12.69167],[77.69543,12.69179],[77.69477,12.69179],[77.69432,12.69187],[77.69419,12.69202],[77.69404,12.69238],[77.69373,12.69237],[77.69361,12.69246],[77.69352,12.69246],[77.6932,12.6924],[77.69281,12.69292],[77.69251,12.69322],[77.69231,12.69329],[77.69212,12.69331],[77.69174,12.69375],[77.69169,12.69408],[77.69156,12.69444],[77.69142,12.6944],[77.69121,12.69417],[77.69118,12.69494],[77.69152,12.69575],[77.69426,12.69572],[77.69452,12.69481],[77.69466,12.69445],[77.69487,12.69413],[77.69537,12.69314],[77.69589,12.6923],[77.69589,12.6921],[77.69578,12.69167]]]]}},{"type":"Feature","properties":{"id":"lake-204","name":"Mapped lake/tank"},"geometry":{"type":"MultiPolygon","coordinates":[[[[77.67729,12.6652],[77.6778,12.66498],[77.67791,12.66489],[77.67775,12.66462],[77.67745,12.66455],[77.67684,12.66469],[77.67697,12.66494],[77.67704,12.66529],[77.6771,12.66531],[77.67729,12.6652]]]]}},{"type":"Feature","properties":{"id":"lake-205","name":"Mapped lake/tank"},"geometry":{"type":"MultiPolygon","coordinates":[[[[77.68197,12.67796],[77.68193,12.67848],[77.68233,12.67847],[77.68241,12.67831],[77.68234,12.67795],[77.68215,12.67791],[77.68197,12.67796]]]]}},{"type":"Feature","properties":{"id":"lake-206","name":"Mapped lake/tank"},"geometry":{"type":"MultiPolygon","coordinates":[[[[77.68942,12.67272],[77.68943,12.67264],[77.68929,12.67231],[77.68913,12.67199],[77.68905,12.67196],[77.68889,12.67235],[77.68905,12.67287],[77.68928,12.67274],[77.68942,12.67272]]]]}},{"type":"Feature","properties":{"id":"lake-207","name":"Mapped lake/tank"},"geometry":{"type":"MultiPolygon","coordinates":[[[[77.6954,12.67156],[77.69535,12.67132],[77.695,12.67067],[77.69475,12.67045],[77.69442,12.66988],[77.69423,12.66966],[77.69426,12.66898],[77.69436,12.66876],[77.69456,12.66864],[77.69422,12.66859],[77.69394,12.66868],[77.69374,12.6689],[77.69367,12.66918],[77.69364,12.66946],[77.69369,12.66983],[77.69391,12.67015],[77.6949,12.67094],[77.69496,12.67115],[77.69494,12.67168],[77.6954,12.67156]]]]}},{"type":"Feature","properties":{"id":"lake-208","name":"Mapped lake/tank"},"geometry":{"type":"MultiPolygon","coordinates":[[[[77.69598,12.68553],[77.69615,12.68549],[77.69565,12.68514],[77.69542,12.68489],[77.69542,12.68478],[77.69554,12.6847],[77.69549,12.68446],[77.69539,12.6844],[77.69466,12.6844],[77.69389,12.68499],[77.69346,12.68521],[77.69323,12.6852],[77.69299,12.68512],[77.69235,12.68513],[77.69221,12.68518],[77.69225,12.68533],[77.69237,12.68544],[77.69325,12.68558],[77.69404,12.68538],[77.69438,12.68523],[77.69464,12.68504],[77.69496,12.68498],[77.69526,12.68507],[77.69567,12.68543],[77.69598,12.68553]]]]}},{"type":"Feature","properties":{"id":"lake-209","name":"Mapped lake/tank"},"geometry":{"type":"MultiPolygon","coordinates":[[[[77.69277,12.68986],[77.69288,12.68912],[77.69295,12.68893],[77.69326,12.68863],[77.69371,12.68835],[77.69381,12.68818],[77.6938,12.68803],[77.69369,12.68788],[77.69346,12.68768],[77.6932,12.68752],[77.69309,12.68774],[77.69298,12.68835],[77.693,12.6884],[77.6931,12.68843],[77.69294,12.68863],[77.69274,12.68864],[77.69259,12.68883],[77.69249,12.68919],[77.69235,12.69017],[77.69257,12.69007],[77.69277,12.68986]]]]}},{"type":"Feature","properties":{"id":"lake-210","name":"Mapped lake/tank"},"geometry":{"type":"MultiPolygon","coordinates":[[[[77.68866,12.66386],[77.68872,12.66378],[77.68926,12.66347],[77.68998,12.66331],[77.69048,12.66333],[77.6905,12.66329],[77.68993,12.66295],[77.68964,12.66292],[77.68875,12.66336],[77.68816,12.66371],[77.68813,12.66377],[77.68831,12.66429],[77.68847,12.66415],[77.68866,12.66386]]]]}},{"type":"Feature","properties":{"id":"lake-211","name":"Mapped lake/tank"},"geometry":{"type":"MultiPolygon","coordinates":[[[[77.68424,12.69043],[77.68395,12.69032],[77.68326,12.69028],[77.68321,12.69048],[77.68347,12.69119],[77.68345,12.69164],[77.68349,12.6917],[77.68429,12.69162],[77.6843,12.69115],[77.68417,12.69071],[77.68424,12.69043]]]]}},{"type":"Feature","properties":{"id":"lake-212","name":"Mapped lake/tank"},"geometry":{"type":"MultiPolygon","coordinates":[[[[77.71107,12.68318],[77.71085,12.6837],[77.71092,12.6838],[77.71091,12.68402],[77.71145,12.68404],[77.71163,12.68391],[77.71183,12.68362],[77.71176,12.68326],[77.71162,12.68314],[77.71133,12.68317],[77.71122,12.68313],[77.71107,12.68318]]]]}},{"type":"Feature","properties":{"id":"lake-213","name":"Mapped lake/tank"},"geometry":{"type":"MultiPolygon","coordinates":[[[[77.71346,12.68701],[77.7143,12.68662],[77.71438,12.68653],[77.71434,12.68642],[77.71411,12.68619],[77.71402,12.68595],[77.7135,12.68581],[77.7133,12.68583],[77.71311,12.68608],[77.71332,12.68704],[77.71346,12.68701]]]]}},{"type":"Feature","properties":{"id":"lake-214","name":"Mapped lake/tank"},"geometry":{"type":"MultiPolygon","coordinates":[[[[77.71123,12.6688],[77.71109,12.6674],[77.7104,12.66791],[77.71034,12.66824],[77.71041,12.66836],[77.71078,12.66855],[77.71089,12.66877],[77.7111,12.66883],[77.71123,12.6688]]]]}},{"type":"Feature","properties":{"id":"lake-215","name":"Mapped lake/tank"},"geometry":{"type":"MultiPolygon","coordinates":[[[[77.70507,12.67061],[77.70454,12.66922],[77.70456,12.66899],[77.70473,12.6686],[77.70506,12.66815],[77.70494,12.66774],[77.70487,12.66809],[77.70401,12.66851],[77.70399,12.66857],[77.70403,12.66864],[77.70418,12.66867],[77.70427,12.66877],[77.70432,12.66897],[77.70432,12.66924],[77.70445,12.66958],[77.70461,12.66992],[77.70481,12.67013],[77.70492,12.6706],[77.70502,12.67067],[77.70507,12.67061]]]]}},{"type":"Feature","properties":{"id":"lake-216","name":"Mapped lake/tank"},"geometry":{"type":"MultiPolygon","coordinates":[[[[77.70352,12.68977],[77.70356,12.68957],[77.70346,12.68937],[77.70349,12.68923],[77.70361,12.68911],[77.70373,12.68876],[77.70378,12.68844],[77.70341,12.68794],[77.70332,12.68789],[77.70324,12.68794],[77.70289,12.68746],[77.70209,12.68752],[77.70139,12.68769],[77.70137,12.6876],[77.70128,12.68757],[77.70088,12.6876],[77.70067,12.68766],[77.70123,12.68858],[77.70127,12.6895],[77.70153,12.68988],[77.70179,12.69041],[77.702,12.69114],[77.70201,12.69136],[77.70215,12.69112],[77.70251,12.69096],[77.70264,12.69085],[77.70258,12.68992],[77.70261,12.68981],[77.70273,12.68976],[77.70352,12.68977]]]]}},{"type":"Feature","properties":{"id":"lake-217","name":"Mapped lake/tank"},"geometry":{"type":"MultiPolygon","coordinates":[[[[77.70232,12.66072],[77.70132,12.6606],[77.70177,12.66094],[77.70194,12.66098],[77.70211,12.66097],[77.70232,12.66072]]]]}},{"type":"Feature","properties":{"id":"lake-218","name":"Mapped lake/tank"},"geometry":{"type":"MultiPolygon","coordinates":[[[[77.71634,12.71186],[77.7158,12.71141],[77.71573,12.71142],[77.71552,12.71165],[77.7156,12.71181],[77.71579,12.71191],[77.71634,12.71239],[77.71634,12.71186]]]]}},{"type":"Feature","properties":{"id":"lake-219","name":"Mapped lake/tank"},"geometry":{"type":"MultiPolygon","coordinates":[[[[77.71653,12.72978],[77.7165,12.72732],[77.7159,12.72547],[77.71588,12.72377],[77.71579,12.72293],[77.71568,12.72279],[77.71549,12.72278],[77.71399,12.72294],[77.71366,12.72302],[77.71334,12.72323],[77.71315,12.72346],[77.71322,12.72656],[77.71292,12.72675],[77.71237,12.72741],[77.71228,12.72761],[77.7125,12.72844],[77.71283,12.72901],[77.71303,12.72962],[77.71318,12.73056],[77.71297,12.73071],[77.71296,12.73086],[77.7131,12.73096],[77.71359,12.73095],[77.71375,12.73102],[77.71403,12.73076],[77.71483,12.73035],[77.7153,12.73015],[77.71653,12.72978]]]]}},{"type":"Feature","properties":{"id":"lake-220","name":"Mapped lake/tank"},"geometry":{"type":"MultiPolygon","coordinates":[[[[77.7186,12.69906],[77.71871,12.69886],[77.7189,12.69873],[77.71925,12.69865],[77.71973,12.69873],[77.71979,12.6987],[77.71975,12.69851],[77.71923,12.69787],[77.71906,12.69755],[77.71895,12.69662],[77.71873,12.6965],[77.71863,12.69627],[77.71864,12.69607],[77.71856,12.696],[77.71816,12.6961],[77.71785,12.69625],[77.71716,12.69623],[77.71723,12.69662],[77.71735,12.69694],[77.71726,12.69731],[77.71727,12.69797],[77.71753,12.69838],[77.7177,12.69882],[77.71806,12.69955],[77.71815,12.70074],[77.71801,12.70084],[77.71807,12.70089],[77.71818,12.7008],[77.71837,12.70049],[77.71838,12.69974],[77.7186,12.69906]]]]}},{"type":"Feature","properties":{"id":"lake-221","name":"Mapped lake/tank"},"geometry":{"type":"MultiPolygon","coordinates":[[[[77.76055,12.70422],[77.76075,12.70416],[77.76082,12.7041],[77.76091,12.70349],[77.76084,12.70343],[77.76052,12.70341],[77.7606,12.7036],[77.75991,12.70377],[77.75947,12.70404],[77.75949,12.70435],[77.75963,12.70501],[77.75971,12.705],[77.7598,12.70491],[77.76016,12.70484],[77.76029,12.70442],[77.76055,12.70422]]]]}},{"type":"Feature","properties":{"id":"lake-222","name":"Mapped lake/tank"},"geometry":{"type":"MultiPolygon","coordinates":[[[[77.73442,12.70949],[77.73479,12.70911],[77.73506,12.70902],[77.73542,12.70904],[77.73586,12.70938],[77.73599,12.70941],[77.7361,12.70936],[77.73609,12.7091],[77.73593,12.70848],[77.7355,12.70764],[77.73535,12.70748],[77.73509,12.70745],[77.73491,12.7075],[77.73477,12.70759],[77.73459,12.70781],[77.73448,12.7081],[77.7343,12.70903],[77.73409,12.70953],[77.7341,12.70974],[77.73413,12.7098],[77.73421,12.70981],[77.73428,12.70975],[77.73442,12.70949]]]]}},{"type":"Feature","properties":{"id":"lake-223","name":"Mapped lake/tank"},"geometry":{"type":"MultiPolygon","coordinates":[[[[77.74192,12.71661],[77.74235,12.71638],[77.74286,12.71632],[77.74314,12.71642],[77.74345,12.71666],[77.74378,12.71678],[77.74424,12.71684],[77.74432,12.71675],[77.74417,12.71653],[77.74375,12.71624],[77.74359,12.71599],[77.7432,12.71462],[77.74321,12.71348],[77.74316,12.71322],[77.74306,12.71314],[77.7427,12.71308],[77.74245,12.71291],[77.7422,12.71289],[77.74103,12.71298],[77.74093,12.71308],[77.74129,12.71619],[77.74127,12.71638],[77.74115,12.71667],[77.74115,12.71681],[77.74121,12.71687],[77.74132,12.71686],[77.74192,12.71661]]]]}},{"type":"Feature","properties":{"id":"lake-224","name":"Mapped lake/tank"},"geometry":{"type":"MultiPolygon","coordinates":[[[[77.73144,12.71842],[77.73149,12.7177],[77.73145,12.71726],[77.73138,12.71678],[77.73122,12.71669],[77.73108,12.71673],[77.73077,12.71722],[77.7302,12.71726],[77.73003,12.71745],[77.7294,12.71767],[77.7292,12.71793],[77.72902,12.71828],[77.72877,12.71848],[77.72875,12.71854],[77.72878,12.7186],[77.72931,12.71864],[77.73075,12.71899],[77.73144,12.71925],[77.73144,12.71842]]]]}},{"type":"Feature","properties":{"id":"lake-225","name":"Mapped lake/tank"},"geometry":{"type":"MultiPolygon","coordinates":[[[[77.75442,12.73169],[77.75437,12.73153],[77.75462,12.73147],[77.75464,12.73153],[77.75481,12.73141],[77.75478,12.73129],[77.7545,12.73094],[77.75414,12.72992],[77.75399,12.72984],[77.75275,12.72987],[77.75241,12.72996],[77.75227,12.73014],[77.75186,12.73101],[77.75136,12.73127],[77.75107,12.73131],[77.75097,12.73138],[77.75097,12.73162],[77.75103,12.73175],[77.75166,12.73187],[77.75198,12.73199],[77.75225,12.73216],[77.7524,12.73238],[77.75248,12.73267],[77.75251,12.73299],[77.75241,12.73352],[77.75234,12.73448],[77.75251,12.73509],[77.75351,12.73263],[77.75364,12.73243],[77.75442,12.73169]]]]}},{"type":"Feature","properties":{"id":"lake-226","name":"Mapped lake/tank"},"geometry":{"type":"MultiPolygon","coordinates":[[[[77.74605,12.73351],[77.74585,12.73312],[77.74566,12.73314],[77.74504,12.73272],[77.74483,12.73246],[77.74463,12.73204],[77.74447,12.73164],[77.74441,12.73104],[77.74428,12.73077],[77.74419,12.7304],[77.74423,12.72967],[77.7442,12.7289],[77.74406,12.72812],[77.74405,12.72729],[77.74399,12.7272],[77.74384,12.72717],[77.74369,12.72717],[77.74339,12.72726],[77.74311,12.72741],[77.74292,12.72763],[77.74282,12.7286],[77.74266,12.72874],[77.74225,12.72891],[77.74215,12.729],[77.74184,12.72951],[77.74168,12.72959],[77.74142,12.72961],[77.74102,12.72951],[77.74083,12.72952],[77.74068,12.72958],[77.74055,12.7297],[77.74054,12.72994],[77.74069,12.73026],[77.74099,12.7313],[77.7411,12.73148],[77.74141,12.73163],[77.74166,12.73163],[77.74265,12.73137],[77.74316,12.73134],[77.74334,12.73137],[77.74359,12.73151],[77.74371,12.73164],[77.74473,12.73323],[77.74534,12.73338],[77.74597,12.73391],[77.74606,12.73391],[77.74611,12.73385],[77.74605,12.73351]]]]}},{"type":"Feature","properties":{"id":"lake-227","name":"Mapped lake/tank"},"geometry":{"type":"MultiPolygon","coordinates":[[[[77.72805,12.72754],[77.72782,12.72669],[77.72835,12.72558],[77.72855,12.72525],[77.7286,12.72493],[77.72857,12.72459],[77.72877,12.7242],[77.72862,12.72409],[77.7285,12.72393],[77.72859,12.72357],[77.72841,12.72347],[77.72839,12.72327],[77.72833,12.72322],[77.72825,12.72326],[77.72817,12.72345],[77.72805,12.72337],[77.72799,12.72341],[77.72782,12.72379],[77.72773,12.72387],[77.72756,12.72385],[77.72723,12.72364],[77.72682,12.72403],[77.72652,12.72422],[77.72564,12.72455],[77.72527,12.72473],[77.72509,12.72473],[77.7249,12.72466],[77.72487,12.72469],[77.72489,12.72478],[77.72505,12.72489],[77.72601,12.72533],[77.7267,12.72575],[77.72694,12.7261],[77.7272,12.72659],[77.72783,12.72735],[77.72805,12.72754]]]]}},{"type":"Feature","properties":{"id":"lake-228","name":"Mapped lake/tank"},"geometry":{"type":"MultiPolygon","coordinates":[[[[77.72858,12.70036],[77.72865,12.70024],[77.72853,12.69978],[77.72834,12.69977],[77.72811,12.69987],[77.72783,12.69989],[77.72743,12.69959],[77.72693,12.69939],[77.72659,12.69914],[77.72651,12.69915],[77.72645,12.69929],[77.72646,12.69945],[77.72704,12.70047],[77.72718,12.7008],[77.72724,12.70111],[77.72762,12.70115],[77.72789,12.70069],[77.72858,12.70036]]]]}},{"type":"Feature","properties":{"id":"lake-229","name":"Mapped lake/tank"},"geometry":{"type":"MultiPolygon","coordinates":[[[[77.75652,12.71378],[77.75662,12.71369],[77.75658,12.71309],[77.75646,12.71271],[77.75646,12.71247],[77.75655,12.71226],[77.75691,12.71182],[77.75752,12.71151],[77.75801,12.71138],[77.7582,12.71138],[77.75854,12.71153],[77.75891,12.7115],[77.75873,12.71143],[77.7581,12.71049],[77.75769,12.71019],[77.75735,12.7098],[77.75702,12.70954],[77.75665,12.70973],[77.75649,12.71002],[77.75637,12.71011],[77.75578,12.7103],[77.75529,12.71035],[77.75495,12.71034],[77.75465,12.71022],[77.7545,12.71021],[77.75451,12.71069],[77.7539,12.71069],[77.75391,12.71126],[77.75434,12.71181],[77.7544,12.71206],[77.75475,12.71212],[77.75595,12.71262],[77.75606,12.71273],[77.75625,12.71304],[77.7564,12.71365],[77.75646,12.7138],[77.75652,12.71378]]]]}},{"type":"Feature","properties":{"id":"lake-230","name":"Mapped lake/tank"},"geometry":{"type":"MultiPolygon","coordinates":[[[[77.7518,12.70836],[77.75178,12.70811],[77.7514,12.70808],[77.75101,12.70798],[77.75065,12.70773],[77.74991,12.70707],[77.74953,12.70654],[77.74943,12.70648],[77.74929,12.70649],[77.74921,12.70659],[77.74921,12.70679],[77.7491,12.70699],[77.74923,12.70748],[77.74914,12.70757],[77.74886,12.70762],[77.74865,12.70773],[77.74878,12.70809],[77.749,12.70825],[77.74914,12.7085],[77.74904,12.70884],[77.74868,12.70895],[77.74843,12.70915],[77.74846,12.70957],[77.74854,12.70988],[77.7487,12.70986],[77.74895,12.70934],[77.74912,12.7092],[77.75051,12.70873],[77.75117,12.70838],[77.7518,12.70836]]]]}},{"type":"Feature","properties":{"id":"lake-231","name":"Mapped lake/tank"},"geometry":{"type":"MultiPolygon","coordinates":[[[[77.72773,12.70506],[77.72787,12.70545],[77.72789,12.70575],[77.72766,12.70609],[77.72771,12.70623],[77.7279,12.70632],[77.72803,12.70629],[77.72825,12.70614],[77.72834,12.70602],[77.7284,12.70573],[77.72864,12.70549],[77.72865,12.70544],[77.72859,12.7052],[77.7284,12.70497],[77.72798,12.7046],[77.72771,12.70461],[77.72765,12.70465],[77.72764,12.70479],[77.72773,12.70506]]]]}},{"type":"Feature","properties":{"id":"lake-232","name":"Mapped lake/tank"},"geometry":{"type":"MultiPolygon","coordinates":[[[[77.75799,12.71016],[77.75805,12.70916],[77.75797,12.70903],[77.75783,12.70899],[77.75773,12.70905],[77.75737,12.70945],[77.75705,12.70953],[77.75736,12.70978],[77.75771,12.71017],[77.75801,12.71041],[77.75799,12.71016]]]]}},{"type":"Feature","properties":{"id":"lake-233","name":"Mapped lake/tank"},"geometry":{"type":"MultiPolygon","coordinates":[[[[77.69721,12.73906],[77.69709,12.73876],[77.69675,12.73756],[77.6962,12.73769],[77.69592,12.73785],[77.69575,12.73767],[77.69533,12.73755],[77.69517,12.73767],[77.69509,12.73796],[77.69494,12.73819],[77.69484,12.73847],[77.69482,12.73872],[77.69492,12.73896],[77.69559,12.7391],[77.69569,12.73925],[77.69585,12.73935],[77.69578,12.73945],[77.69559,12.73949],[77.69548,12.73962],[77.69541,12.73987],[77.69513,12.74002],[77.69504,12.74021],[77.69493,12.74026],[77.69415,12.74023],[77.69388,12.74016],[77.69367,12.7399],[77.69348,12.7398],[77.69338,12.73979],[77.6933,12.73987],[77.69334,12.74031],[77.69328,12.74028],[77.69308,12.74003],[77.69295,12.74009],[77.6929,12.74015],[77.69288,12.74026],[77.69294,12.74032],[77.69315,12.74035],[77.69317,12.74049],[77.69299,12.74057],[77.69297,12.74076],[77.6929,12.74088],[77.69654,12.74087],[77.69735,12.74046],[77.69754,12.74043],[77.69768,12.74048],[77.6981,12.74085],[77.69827,12.74085],[77.69818,12.74055],[77.69742,12.73977],[77.69745,12.73974],[77.69818,12.74047],[77.69829,12.74085],[77.69855,12.74085],[77.69802,12.7401],[77.69747,12.73955],[77.69721,12.73906]]]]}},{"type":"Feature","properties":{"id":"lake-234","name":"Mapped lake/tank"},"geometry":{"type":"MultiPolygon","coordinates":[[[[77.76064,12.74058],[77.76068,12.74047],[77.76056,12.74021],[77.7598,12.74022],[77.75967,12.74065],[77.75969,12.74102],[77.75933,12.74115],[77.75924,12.74115],[77.75909,12.74105],[77.75893,12.7411],[77.75919,12.74213],[77.75921,12.7427],[77.75927,12.74282],[77.75925,12.74287],[77.75933,12.74283],[77.75974,12.74224],[77.76021,12.74123],[77.76064,12.74058]]]]}},{"type":"Feature","properties":{"id":"lake-235","name":"Mapped lake/tank"},"geometry":{"type":"MultiPolygon","coordinates":[[[[77.71442,12.69386],[77.71477,12.6934],[77.71508,12.69317],[77.71551,12.69293],[77.71613,12.69272],[77.71613,12.69247],[77.71579,12.69181],[77.71555,12.69161],[77.71538,12.69134],[77.7154,12.69126],[77.71553,12.69118],[77.71552,12.69086],[77.71562,12.69065],[77.71563,12.69053],[77.71547,12.69036],[77.71522,12.69022],[77.71509,12.69021],[77.71478,12.69034],[77.71444,12.69038],[77.71432,12.69044],[77.71434,12.69059],[77.71458,12.69091],[77.71462,12.69156],[77.71464,12.69238],[77.71457,12.69304],[77.71435,12.69367],[77.71437,12.69386],[77.71442,12.69386]]]]}},{"type":"Feature","properties":{"id":"lake-236","name":"Mapped lake/tank"},"geometry":{"type":"MultiPolygon","coordinates":[[[[77.69158,12.69587],[77.69149,12.69575],[77.69096,12.69576],[77.69056,12.69616],[77.68998,12.6966],[77.6901,12.69704],[77.69035,12.69687],[77.69075,12.69641],[77.69158,12.69587]]]]}},{"type":"Feature","properties":{"id":"lake-237","name":"Mapped lake/tank"},"geometry":{"type":"MultiPolygon","coordinates":[[[[77.69403,12.69743],[77.69399,12.69712],[77.69404,12.69675],[77.69411,12.69621],[77.69426,12.69572],[77.69152,12.69575],[77.6916,12.69586],[77.69193,12.69576],[77.69218,12.69575],[77.69253,12.69585],[77.69307,12.69609],[77.69335,12.69628],[77.69343,12.6964],[77.69351,12.69668],[77.69376,12.69816],[77.69382,12.69793],[77.69394,12.69772],[77.69396,12.69752],[77.69403,12.69743]]]]}},{"type":"Feature","properties":{"id":"lake-238","name":"Mapped lake/tank"},"geometry":{"type":"MultiPolygon","coordinates":[[[[77.76297,12.76955],[77.76297,12.76901],[77.76241,12.76902],[77.76232,12.76898],[77.76193,12.7685],[77.76167,12.76829],[77.7616,12.76818],[77.76137,12.76687],[77.76171,12.76529],[77.76201,12.76491],[77.76261,12.76449],[77.76291,12.76436],[77.76288,12.76156],[77.76282,12.76102],[77.76272,12.76075],[77.76256,12.75999],[77.76237,12.75973],[77.76215,12.75957],[77.76231,12.76013],[77.7625,12.76056],[77.7625,12.76078],[77.76245,12.76093],[77.76198,12.76122],[77.76182,12.76137],[77.76161,12.76178],[77.7617,12.76191],[77.76207,12.76198],[77.76216,12.76208],[77.76212,12.76228],[77.76197,12.76238],[77.76154,12.76243],[77.76136,12.76256],[77.76125,12.76272],[77.76105,12.76287],[77.76086,12.76288],[77.76063,12.76285],[77.76054,12.76277],[77.76054,12.76254],[77.76045,12.76235],[77.76034,12.76225],[77.75983,12.76199],[77.75968,12.76195],[77.75949,12.76201],[77.75938,12.76223],[77.7593,12.76285],[77.75898,12.76317],[77.75889,12.76333],[77.75891,12.76347],[77.75898,12.76354],[77.75951,12.76375],[77.75963,12.76389],[77.75958,12.764],[77.75939,12.76406],[77.75899,12.76391],[77.75846,12.76333],[77.75826,12.76329],[77.75783,12.76333],[77.75734,12.76345],[77.75719,12.76352],[77.75711,12.76368],[77.75744,12.76366],[77.75799,12.76369],[77.75834,12.76383],[77.75848,12.76395],[77.75878,12.76435],[77.75929,12.76481],[77.76011,12.76566],[77.76041,12.76666],[77.76081,12.76853],[77.76104,12.76861],[77.76109,12.7696],[77.76139,12.76963],[77.76155,12.76955],[77.76193,12.76958],[77.76297,12.76955]]]]}},{"type":"Feature","properties":{"id":"lake-239","name":"Mapped lake/tank"},"geometry":{"type":"MultiPolygon","coordinates":[[[[77.71636,12.71975],[77.71629,12.71969],[77.71595,12.71966],[77.71586,12.71968],[77.71582,12.71976],[77.7158,12.72],[77.71605,12.72011],[77.71606,12.72039],[77.71611,12.72061],[77.71622,12.72066],[77.71629,12.72061],[77.71631,12.72049],[77.71636,12.71975]]]]}},{"type":"Feature","properties":{"id":"lake-240","name":"Mapped lake/tank"},"geometry":{"type":"MultiPolygon","coordinates":[[[[77.69893,12.72269],[77.69798,12.72284],[77.69767,12.72318],[77.69744,12.72351],[77.69703,12.72375],[77.69678,12.72385],[77.69621,12.72396],[77.69617,12.72402],[77.69621,12.72404],[77.69662,12.72394],[77.69752,12.72386],[77.69785,12.72389],[77.69907,12.72413],[77.69918,12.72411],[77.69911,12.72356],[77.69903,12.72328],[77.69898,12.72274],[77.69893,12.72269]]]]}},{"type":"Feature","properties":{"id":"lake-241","name":"Mapped lake/tank"},"geometry":{"type":"MultiPolygon","coordinates":[[[[77.69882,12.73277],[77.69877,12.73255],[77.69844,12.73213],[77.69829,12.73184],[77.6981,12.73194],[77.69777,12.73199],[77.6976,12.73198],[77.69718,12.73186],[77.69657,12.73126],[77.69631,12.73083],[77.69662,12.73159],[77.69675,12.73215],[77.69715,12.7326],[77.69762,12.73371],[77.69801,12.73387],[77.69795,12.73342],[77.69798,12.73334],[77.69819,12.73323],[77.69833,12.73306],[77.69844,12.7328],[77.69882,12.73277]]]]}},{"type":"Feature","properties":{"id":"lake-242","name":"Mapped lake/tank"},"geometry":{"type":"MultiPolygon","coordinates":[[[[77.68254,12.73755],[77.68209,12.73692],[77.68154,12.73586],[77.68146,12.7356],[77.68148,12.73533],[77.68172,12.73489],[77.68198,12.73466],[77.68225,12.73456],[77.68225,12.73426],[77.68209,12.73425],[77.68122,12.73457],[77.68073,12.73481],[77.67986,12.73494],[77.67944,12.73518],[77.67938,12.73529],[77.67943,12.73539],[77.68018,12.73581],[77.68093,12.73641],[77.68117,12.7371],[77.68138,12.73729],[77.68197,12.73738],[77.68244,12.73763],[77.68255,12.73763],[77.68254,12.73755]]]]}},{"type":"Feature","properties":{"id":"lake-243","name":"Mapped lake/tank"},"geometry":{"type":"MultiPolygon","coordinates":[[[[77.6777,12.72507],[77.6775,12.72486],[77.67725,12.72484],[77.67708,12.72488],[77.67691,12.72503],[77.67677,12.72508],[77.6763,12.72511],[77.67604,12.72502],[77.67592,12.72502],[77.67557,12.72517],[77.67548,12.72531],[77.67583,12.72614],[77.67603,12.7262],[77.67624,12.72648],[77.67627,12.7266],[77.67623,12.72669],[77.67648,12.72681],[77.67695,12.72695],[77.67742,12.72737],[77.678,12.72745],[77.67781,12.72689],[77.67749,12.72639],[77.67748,12.72615],[77.67756,12.72548],[77.6777,12.72507]]]]}},{"type":"Feature","properties":{"id":"lake-244","name":"Mapped lake/tank"},"geometry":{"type":"MultiPolygon","coordinates":[[[[77.67444,12.73435],[77.67455,12.73361],[77.67471,12.73315],[77.67472,12.73301],[77.67468,12.73293],[77.67451,12.73294],[77.67436,12.73312],[77.67426,12.73317],[77.67353,12.73324],[77.67311,12.73346],[77.67312,12.73383],[77.67303,12.73403],[77.67303,12.73411],[77.67307,12.73434],[77.67322,12.73466],[77.6733,12.73478],[77.67352,12.73496],[77.67402,12.73514],[77.67419,12.73546],[77.67427,12.73574],[77.67435,12.73577],[77.67455,12.73556],[77.67462,12.73537],[77.67462,12.73527],[77.67448,12.73487],[77.67444,12.73435]]]]}},{"type":"Feature","properties":{"id":"lake-245","name":"Mapped lake/tank"},"geometry":{"type":"MultiPolygon","coordinates":[[[[77.67281,12.71745],[77.67296,12.71704],[77.67297,12.71686],[77.67268,12.71702],[77.67205,12.71715],[77.67159,12.71733],[77.67143,12.71778],[77.67117,12.71795],[77.671,12.71817],[77.67109,12.71845],[77.67149,12.71891],[77.67193,12.71919],[77.67272,12.71932],[77.67289,12.71938],[77.67305,12.71947],[77.67341,12.71988],[77.67365,12.72002],[77.67381,12.72026],[77.67394,12.72032],[77.67412,12.72031],[77.67416,12.72026],[77.67414,12.72009],[77.67333,12.71902],[77.67307,12.71849],[77.67278,12.71779],[77.67281,12.71745]]]]}},{"type":"Feature","properties":{"id":"lake-246","name":"Mapped lake/tank"},"geometry":{"type":"MultiPolygon","coordinates":[[[[77.67882,12.70814],[77.67877,12.7076],[77.67878,12.7075],[77.67886,12.70743],[77.67924,12.70733],[77.68025,12.70725],[77.68164,12.70697],[77.68281,12.70682],[77.68283,12.70674],[77.68255,12.70661],[77.68187,12.70619],[77.68086,12.7053],[77.68054,12.70508],[77.67928,12.70449],[77.67908,12.70441],[77.67894,12.70442],[77.67894,12.70448],[77.67917,12.70465],[77.67928,12.70483],[77.6794,12.70562],[77.67912,12.70586],[77.6785,12.70605],[77.67834,12.70612],[77.67832,12.70617],[77.67851,12.70712],[77.67856,12.70812],[77.67873,12.70896],[77.67878,12.70903],[77.67888,12.70905],[77.67894,12.70901],[77.67895,12.70886],[77.67884,12.70846],[77.67882,12.70814]]]]}},{"type":"Feature","properties":{"id":"lake-247","name":"Mapped lake/tank"},"geometry":{"type":"MultiPolygon","coordinates":[[[[77.67626,12.70472],[77.67637,12.70465],[77.67638,12.70458],[77.67601,12.70445],[77.6755,12.70342],[77.6748,12.70253],[77.67448,12.70265],[77.67353,12.70215],[77.67334,12.70224],[77.67319,12.70219],[77.67309,12.70222],[77.67309,12.70229],[77.67333,12.7025],[77.67553,12.70513],[77.67568,12.70515],[77.67626,12.70472]]]]}},{"type":"Feature","properties":{"id":"lake-248","name":"Mapped lake/tank"},"geometry":{"type":"MultiPolygon","coordinates":[[[[77.69675,12.73756],[77.69654,12.73712],[77.69649,12.73614],[77.69635,12.73494],[77.69615,12.73447],[77.6961,12.7344],[77.6959,12.73441],[77.6956,12.73363],[77.69471,12.73385],[77.69369,12.73395],[77.69355,12.73594],[77.69343,12.73666],[77.69357,12.73755],[77.69355,12.738],[77.69349,12.73818],[77.69335,12.73825],[77.69278,12.73816],[77.6926,12.73819],[77.69257,12.73824],[77.69253,12.73884],[77.69245,12.73908],[77.69244,12.73944],[77.6926,12.74061],[77.6929,12.74088],[77.69297,12.74076],[77.69299,12.74057],[77.69317,12.74049],[77.69315,12.74035],[77.69294,12.74032],[77.69288,12.74026],[77.6929,12.74015],[77.69295,12.74009],[77.69308,12.74003],[77.69328,12.74028],[77.69334,12.74031],[77.6933,12.73987],[77.69338,12.73979],[77.6936,12.73985],[77.69388,12.74016],[77.69395,12.74018],[77.69477,12.74026],[77.69504,12.74021],[77.69513,12.74002],[77.69541,12.73987],[77.69548,12.73962],[77.69559,12.73949],[77.69578,12.73945],[77.69585,12.73935],[77.69569,12.73925],[77.69559,12.7391],[77.69492,12.73896],[77.69485,12.73885],[77.69482,12.73872],[77.69484,12.73847],[77.69494,12.73819],[77.69509,12.73796],[77.69517,12.73767],[77.69533,12.73755],[77.69575,12.73767],[77.69592,12.73785],[77.6962,12.73769],[77.69675,12.73756]]]]}},{"type":"Feature","properties":{"id":"lake-249","name":"Mapped lake/tank"},"geometry":{"type":"MultiPolygon","coordinates":[[[[77.69568,12.69168],[77.69562,12.69084],[77.69556,12.69072],[77.69437,12.69048],[77.69429,12.6904],[77.69419,12.69013],[77.69375,12.69021],[77.69376,12.69082],[77.69386,12.69099],[77.69379,12.6913],[77.69367,12.69143],[77.69354,12.69194],[77.69327,12.6924],[77.69352,12.69244],[77.6936,12.69243],[77.69372,12.69234],[77.69403,12.69235],[77.69417,12.69201],[77.69432,12.69184],[77.69476,12.69176],[77.69526,12.69178],[77.69568,12.69168]]]]}},{"type":"Feature","properties":{"id":"lake-250","name":"Mapped lake/tank"},"geometry":{"type":"MultiPolygon","coordinates":[[[[77.71806,12.75051],[77.718,12.75061],[77.71719,12.75131],[77.71697,12.75141],[77.71676,12.75145],[77.71681,12.75649],[77.71735,12.7559],[77.7175,12.75554],[77.71765,12.755],[77.71777,12.75409],[77.71801,12.75312],[77.71799,12.75193],[77.71852,12.75048],[77.71818,12.75055],[77.71806,12.75051]]]]}},{"type":"Feature","properties":{"id":"lake-251","name":"Mapped lake/tank"},"geometry":{"type":"MultiPolygon","coordinates":[[[[77.72566,12.76554],[77.72635,12.76544],[77.72651,12.7654],[77.7266,12.76532],[77.7267,12.76485],[77.72655,12.76466],[77.72655,12.76457],[77.72734,12.76455],[77.72761,12.76447],[77.72764,12.76437],[77.72676,12.76432],[77.72601,12.76404],[77.72534,12.76388],[77.72485,12.76361],[77.72436,12.76249],[77.72417,12.76237],[77.72394,12.76276],[77.72394,12.76332],[77.72408,12.76349],[77.72412,12.76367],[77.72433,12.76547],[77.72441,12.76556],[77.72529,12.7656],[77.72566,12.76554]]]]}},{"type":"Feature","properties":{"id":"lake-252","name":"Mapped lake/tank"},"geometry":{"type":"MultiPolygon","coordinates":[[[[77.7543,12.74923],[77.75426,12.74794],[77.7544,12.74759],[77.7544,12.74714],[77.75408,12.74711],[77.75389,12.74716],[77.75361,12.74732],[77.75276,12.74743],[77.75223,12.74787],[77.75222,12.74804],[77.75216,12.74813],[77.7517,12.74848],[77.7517,12.74878],[77.75186,12.74884],[77.75278,12.74883],[77.7537,12.74927],[77.75389,12.7494],[77.75406,12.74944],[77.75415,12.7494],[77.7543,12.74923]]]]}},{"type":"Feature","properties":{"id":"lake-253","name":"Mapped lake/tank"},"geometry":{"type":"MultiPolygon","coordinates":[[[[77.75545,12.77656],[77.75584,12.77632],[77.75582,12.77627],[77.75621,12.77604],[77.75696,12.77581],[77.7568,12.77562],[77.75659,12.77557],[77.75666,12.77549],[77.75667,12.7754],[77.75602,12.77449],[77.75597,12.7742],[77.75596,12.77363],[77.75584,12.77307],[77.75595,12.77179],[77.75583,12.77156],[77.75553,12.77152],[77.75559,12.77194],[77.75558,12.77242],[77.75539,12.77352],[77.7552,12.77405],[77.75535,12.77416],[77.75537,12.77423],[77.75507,12.77515],[77.75466,12.77501],[77.75462,12.7751],[77.75438,12.77528],[77.75432,12.77577],[77.7541,12.77613],[77.75408,12.77634],[77.75397,12.77653],[77.75396,12.77731],[77.75407,12.7773],[77.75421,12.77712],[77.75421,12.77694],[77.75516,12.77624],[77.75539,12.77655],[77.75545,12.77656]]]]}},{"type":"Feature","properties":{"id":"lake-254","name":"Mapped lake/tank"},"geometry":{"type":"MultiPolygon","coordinates":[[[[77.76056,12.78246],[77.76061,12.78236],[77.76058,12.78223],[77.75934,12.7821],[77.75894,12.78183],[77.75884,12.78165],[77.75875,12.78162],[77.75868,12.78171],[77.75837,12.78309],[77.75951,12.78284],[77.76056,12.78246]]]]}},{"type":"Feature","properties":{"id":"lake-255","name":"Mapped lake/tank"},"geometry":{"type":"MultiPolygon","coordinates":[[[[77.75057,12.78344],[77.75052,12.7834],[77.74995,12.78346],[77.74943,12.78337],[77.74921,12.78308],[77.74908,12.78215],[77.74898,12.78201],[77.74892,12.78202],[77.7487,12.78228],[77.74826,12.78298],[77.74831,12.78325],[77.74865,12.78397],[77.74873,12.78402],[77.74988,12.7839],[77.75041,12.7836],[77.75057,12.78344]]]]}},{"type":"Feature","properties":{"id":"lake-256","name":"Mapped lake/tank"},"geometry":{"type":"MultiPolygon","coordinates":[[[[77.73671,12.77886],[77.73767,12.77891],[77.73893,12.77809],[77.73992,12.77766],[77.74052,12.7775],[77.74052,12.77738],[77.74038,12.77726],[77.74015,12.77719],[77.73954,12.77714],[77.73944,12.7771],[77.73932,12.77692],[77.73904,12.77596],[77.73908,12.77581],[77.73928,12.7757],[77.73939,12.77557],[77.73937,12.77501],[77.73933,12.77495],[77.73904,12.77504],[77.73881,12.77521],[77.73811,12.77585],[77.73783,12.77634],[77.73737,12.77655],[77.73706,12.77685],[77.73677,12.77698],[77.73564,12.77716],[77.73545,12.77724],[77.73548,12.77801],[77.73523,12.7786],[77.73522,12.77888],[77.73525,12.77897],[77.73542,12.779],[77.73671,12.77886]]]]}},{"type":"Feature","properties":{"id":"lake-257","name":"Mapped lake/tank"},"geometry":{"type":"MultiPolygon","coordinates":[[[[77.71975,12.77426],[77.72011,12.774],[77.72065,12.77383],[77.72078,12.77384],[77.72129,12.77415],[77.72163,12.77402],[77.72165,12.77395],[77.72153,12.77383],[77.72096,12.77349],[77.72051,12.77305],[77.71967,12.77184],[77.71945,12.77123],[77.71933,12.77056],[77.71931,12.77006],[77.71927,12.76999],[77.71921,12.76998],[77.71913,12.7702],[77.71894,12.77023],[77.71881,12.77042],[77.71877,12.77061],[77.71873,12.77107],[77.71874,12.77217],[77.71866,12.77223],[77.71825,12.77223],[77.71814,12.77236],[77.71813,12.77266],[77.71834,12.77287],[77.71837,12.77307],[77.71827,12.7734],[77.71817,12.77346],[77.71797,12.77346],[77.71789,12.77354],[77.71793,12.77442],[77.71789,12.77445],[77.71734,12.77449],[77.7174,12.77466],[77.71757,12.77467],[77.71759,12.77472],[77.71825,12.7747],[77.71975,12.77426]]]]}},{"type":"Feature","properties":{"id":"lake-258","name":"Mapped lake/tank"},"geometry":{"type":"MultiPolygon","coordinates":[[[[77.74712,12.769],[77.74732,12.76894],[77.74779,12.76823],[77.74797,12.76817],[77.74838,12.76788],[77.74856,12.76785],[77.74903,12.76738],[77.74907,12.76723],[77.74892,12.76704],[77.74842,12.76712],[77.74782,12.76688],[77.74767,12.76669],[77.74713,12.76567],[77.74706,12.76562],[77.74689,12.76562],[77.74686,12.76566],[77.74688,12.76662],[77.74671,12.76777],[77.74636,12.76812],[77.74633,12.76822],[77.74658,12.7684],[77.74691,12.76839],[77.74706,12.769],[77.74712,12.769]]]]}},{"type":"Feature","properties":{"id":"lake-259","name":"Mapped lake/tank"},"geometry":{"type":"MultiPolygon","coordinates":[[[[77.75136,12.76418],[77.7516,12.76422],[77.7521,12.76413],[77.75228,12.76418],[77.75242,12.76429],[77.75261,12.76426],[77.75249,12.76399],[77.7515,12.763],[77.75113,12.76223],[77.75065,12.76222],[77.75039,12.76228],[77.7501,12.76243],[77.74995,12.7626],[77.74988,12.76276],[77.74986,12.76303],[77.74976,12.76326],[77.74978,12.76376],[77.74958,12.76402],[77.74935,12.76405],[77.7493,12.76412],[77.74918,12.76449],[77.74909,12.76501],[77.74917,12.76506],[77.74933,12.76506],[77.74978,12.7649],[77.7501,12.7647],[77.75003,12.76431],[77.75084,12.76399],[77.75127,12.76388],[77.75136,12.76418]]]]}},{"type":"Feature","properties":{"id":"lake-260","name":"Mapped lake/tank"},"geometry":{"type":"MultiPolygon","coordinates":[[[[77.72091,12.75136],[77.72116,12.75135],[77.72293,12.75044],[77.72325,12.75037],[77.72365,12.75044],[77.72388,12.75054],[77.72399,12.75068],[77.72411,12.75105],[77.72428,12.75137],[77.72436,12.75142],[77.72454,12.75141],[77.72443,12.75075],[77.7241,12.74936],[77.72409,12.74919],[77.72421,12.74905],[77.72405,12.74857],[77.72399,12.74853],[77.72356,12.74869],[77.72318,12.74817],[77.72297,12.74798],[77.72296,12.74781],[77.72316,12.74774],[77.72315,12.74764],[77.723,12.74711],[77.72289,12.74695],[77.7226,12.747],[77.72227,12.74684],[77.72246,12.74835],[77.72201,12.74871],[77.72225,12.74916],[77.72223,12.74948],[77.72179,12.74963],[77.72035,12.75044],[77.71959,12.75082],[77.71902,12.75084],[77.71889,12.75074],[77.71882,12.75039],[77.71861,12.75044],[77.71852,12.75052],[77.71822,12.7514],[77.71828,12.7515],[77.71866,12.75156],[77.71943,12.7515],[77.72054,12.75133],[77.72091,12.75136]]]]}},{"type":"Feature","properties":{"id":"lake-261","name":"Mapped lake/tank"},"geometry":{"type":"MultiPolygon","coordinates":[[[[77.74692,12.74914],[77.74681,12.74915],[77.7468,12.74897],[77.7469,12.74895],[77.74689,12.74887],[77.74656,12.74753],[77.74613,12.74778],[77.74558,12.74786],[77.74543,12.74784],[77.7453,12.74776],[77.74507,12.74742],[77.74492,12.74741],[77.7448,12.74747],[77.74457,12.74778],[77.74409,12.7478],[77.74366,12.74777],[77.74351,12.748],[77.74331,12.74819],[77.74327,12.74821],[77.74313,12.74811],[77.74298,12.74827],[77.74298,12.74836],[77.74341,12.74855],[77.74407,12.74866],[77.74463,12.74885],[77.74558,12.74937],[77.74688,12.75],[77.74697,12.7497],[77.74692,12.74914]]]]}},{"type":"Feature","properties":{"id":"lake-262","name":"Mapped lake/tank"},"geometry":{"type":"MultiPolygon","coordinates":[[[[77.7354,12.74333],[77.73499,12.74257],[77.73489,12.74171],[77.7348,12.74166],[77.7342,12.74164],[77.73414,12.74167],[77.73403,12.74186],[77.73397,12.74226],[77.7336,12.74232],[77.73351,12.74241],[77.73342,12.74279],[77.73338,12.74329],[77.73363,12.74387],[77.73401,12.74381],[77.7341,12.74362],[77.73467,12.74342],[77.73474,12.74329],[77.73475,12.74314],[77.73492,12.74315],[77.73513,12.74342],[77.7354,12.74333]]]]}},{"type":"Feature","properties":{"id":"lake-263","name":"Mapped lake/tank"},"geometry":{"type":"MultiPolygon","coordinates":[[[[77.76279,12.75311],[77.76278,12.75212],[77.76239,12.75242],[77.76203,12.75259],[77.76166,12.75272],[77.7611,12.75277],[77.76103,12.75284],[77.76105,12.75293],[77.7615,12.75319],[77.76171,12.75345],[77.76191,12.7534],[77.76246,12.75305],[77.76261,12.75304],[77.76279,12.75311]]]]}},{"type":"Feature","properties":{"id":"lake-264","name":"Mapped lake/tank"},"geometry":{"type":"MultiPolygon","coordinates":[[[[77.68254,12.72026],[77.68261,12.72021],[77.68272,12.71969],[77.68321,12.71842],[77.68359,12.71771],[77.68389,12.71732],[77.68419,12.71701],[77.6844,12.7169],[77.68541,12.71675],[77.6859,12.71679],[77.68649,12.71695],[77.68718,12.71744],[77.6875,12.71779],[77.68797,12.7186],[77.68852,12.71937],[77.68891,12.72001],[77.68907,12.72005],[77.69011,12.72004],[77.69048,12.72001],[77.69051,12.71998],[77.69054,12.71972],[77.69007,12.71985],[77.68971,12.71986],[77.68955,12.7198],[77.68939,12.71965],[77.68921,12.71917],[77.68919,12.71893],[77.68924,12.7188],[77.68928,12.71788],[77.68961,12.71707],[77.68991,12.71694],[77.69021,12.71701],[77.69016,12.71601],[77.69028,12.71541],[77.69043,12.71497],[77.69045,12.71461],[77.69039,12.71399],[77.68968,12.71423],[77.68976,12.71449],[77.68961,12.71456],[77.6897,12.71482],[77.68817,12.71534],[77.68796,12.71535],[77.68773,12.71526],[77.68734,12.71411],[77.68722,12.7136],[77.68712,12.71243],[77.6872,12.71224],[77.68731,12.71158],[77.68747,12.71113],[77.68774,12.71086],[77.68826,12.71068],[77.68822,12.7106],[77.68756,12.71048],[77.68745,12.71041],[77.68728,12.71012],[77.68722,12.70982],[77.68695,12.70899],[77.68678,12.70887],[77.68643,12.70883],[77.68639,12.70868],[77.68652,12.70832],[77.68611,12.70818],[77.68587,12.70848],[77.68549,12.70854],[77.68542,12.70868],[77.68527,12.70878],[77.68416,12.70907],[77.68305,12.70951],[77.68232,12.70951],[77.68044,12.70924],[77.68071,12.70992],[77.68067,12.70997],[77.68038,12.71003],[77.68036,12.71012],[77.68071,12.71187],[77.6809,12.71213],[77.68102,12.71274],[77.68106,12.71449],[77.68127,12.71683],[77.68133,12.71698],[77.68161,12.71734],[77.68174,12.71768],[77.68197,12.71865],[77.68209,12.7196],[77.68216,12.71989],[77.68235,12.72019],[77.68245,12.72026],[77.68254,12.72026]]]]}},{"type":"Feature","properties":{"id":"lake-265","name":"Mapped lake/tank"},"geometry":{"type":"MultiPolygon","coordinates":[[[[77.67622,12.70387],[77.6763,12.70368],[77.67631,12.7035],[77.67628,12.70308],[77.67626,12.70302],[77.67613,12.7029],[77.67607,12.70272],[77.67603,12.70219],[77.67584,12.70197],[77.67547,12.70195],[77.67463,12.70216],[77.67406,12.70218],[77.67375,12.70206],[77.67353,12.70215],[77.67448,12.70265],[77.6748,12.70253],[77.6755,12.70342],[77.67601,12.70445],[77.67623,12.70452],[77.67615,12.70438],[77.67617,12.70398],[77.67622,12.70387]]]]}},{"type":"Feature","properties":{"id":"lake-266","name":"Mapped lake/tank"},"geometry":{"type":"MultiPolygon","coordinates":[[[[77.70871,12.72256],[77.70871,12.72238],[77.70844,12.72201],[77.70817,12.72137],[77.7081,12.72113],[77.7081,12.72092],[77.70827,12.72034],[77.7085,12.7198],[77.70859,12.71971],[77.70894,12.71953],[77.70955,12.71906],[77.70965,12.71888],[77.70925,12.71908],[77.70856,12.71929],[77.70804,12.71915],[77.70778,12.71902],[77.70744,12.71897],[77.70726,12.7188],[77.70672,12.7191],[77.70666,12.7197],[77.70652,12.71971],[77.70691,12.7205],[77.70718,12.72073],[77.70725,12.72105],[77.70749,12.72108],[77.70768,12.72126],[77.70787,12.72205],[77.70827,12.72241],[77.70849,12.72246],[77.70866,12.72257],[77.70871,12.72256]]]]}},{"type":"Feature","properties":{"id":"lake-267","name":"Mapped lake/tank"},"geometry":{"type":"MultiPolygon","coordinates":[[[[77.70555,12.70779],[77.70588,12.70742],[77.70631,12.70727],[77.70651,12.70731],[77.70682,12.70758],[77.70726,12.70784],[77.70739,12.70781],[77.70759,12.70763],[77.70758,12.7075],[77.70746,12.70752],[77.70723,12.70741],[77.70685,12.707],[77.70674,12.70682],[77.7064,12.70599],[77.70641,12.70539],[77.70628,12.70527],[77.70561,12.7052],[77.70558,12.70556],[77.70456,12.70654],[77.70446,12.70673],[77.70441,12.70689],[77.70435,12.70756],[77.70478,12.7083],[77.70492,12.7088],[77.70488,12.70898],[77.70495,12.70897],[77.7051,12.70876],[77.70523,12.70822],[77.70555,12.70779]]]]}},{"type":"Feature","properties":{"id":"lake-268","name":"Mapped lake/tank"},"geometry":{"type":"MultiPolygon","coordinates":[[[[77.69639,12.70552],[77.69698,12.70525],[77.69711,12.70515],[77.69716,12.70504],[77.69714,12.70481],[77.69702,12.7046],[77.69692,12.70423],[77.69692,12.70399],[77.69699,12.70378],[77.69695,12.70363],[77.69654,12.70373],[77.69628,12.70392],[77.69617,12.70391],[77.69593,12.70407],[77.69516,12.70436],[77.69489,12.70451],[77.69362,12.7047],[77.69321,12.7047],[77.69308,12.70476],[77.69346,12.70547],[77.69525,12.70466],[77.69571,12.70628],[77.69571,12.70592],[77.69624,12.70557],[77.69639,12.70552]]]]}},{"type":"Feature","properties":{"id":"lake-269","name":"Mapped lake/tank"},"geometry":{"type":"MultiPolygon","coordinates":[[[[77.7162,12.69269],[77.71623,12.69259],[77.71613,12.69247],[77.71613,12.69272],[77.7162,12.69269]]]]}},{"type":"Feature","properties":{"id":"lake-270","name":"Mapped lake/tank"},"geometry":{"type":"MultiPolygon","coordinates":[[[[77.72972,12.67277],[77.72936,12.67264],[77.72671,12.6713],[77.72613,12.67185],[77.7272,12.67237],[77.72794,12.67302],[77.72838,12.67332],[77.72853,12.67352],[77.72867,12.67403],[77.72878,12.67545],[77.72897,12.6758],[77.72912,12.67638],[77.72914,12.67664],[77.72923,12.67673],[77.72949,12.67682],[77.72995,12.67717],[77.72997,12.67701],[77.7299,12.67664],[77.72945,12.67524],[77.72951,12.67469],[77.72944,12.67411],[77.72972,12.67277]]]]}},{"type":"Feature","properties":{"id":"lake-271","name":"Mapped lake/tank"},"geometry":{"type":"MultiPolygon","coordinates":[[[[77.72821,12.67717],[77.72812,12.67681],[77.72799,12.67663],[77.72775,12.67647],[77.72757,12.67652],[77.72756,12.67661],[77.72782,12.67719],[77.72793,12.67761],[77.728,12.67801],[77.72795,12.6783],[77.72798,12.67839],[77.72812,12.67848],[77.72835,12.6785],[77.7284,12.67845],[77.72827,12.67792],[77.72821,12.67717]]]]}},{"type":"Feature","properties":{"id":"lake-272","name":"Mapped lake/tank"},"geometry":{"type":"MultiPolygon","coordinates":[[[[77.72717,12.68408],[77.72756,12.68391],[77.7276,12.68326],[77.72757,12.6832],[77.72695,12.68329],[77.72671,12.68346],[77.72592,12.68342],[77.72504,12.68309],[77.72492,12.68277],[77.72479,12.68258],[77.72462,12.68251],[77.72446,12.68254],[77.72442,12.6827],[77.72451,12.68297],[77.72548,12.6844],[77.72586,12.68487],[77.72598,12.68495],[77.72608,12.68497],[77.72623,12.68491],[77.72636,12.68468],[77.72655,12.68446],[77.72717,12.68408]]]]}},{"type":"Feature","properties":{"id":"lake-273","name":"Mapped lake/tank"},"geometry":{"type":"MultiPolygon","coordinates":[[[[77.73425,12.75472],[77.73419,12.75475],[77.73416,12.75486],[77.73416,12.75524],[77.73406,12.75535],[77.73296,12.75568],[77.73268,12.75582],[77.7325,12.75598],[77.73231,12.75633],[77.73227,12.75705],[77.73218,12.75723],[77.73172,12.75748],[77.73137,12.75757],[77.73128,12.75741],[77.7305,12.75751],[77.73054,12.7579],[77.7307,12.75794],[77.73081,12.75816],[77.73103,12.7583],[77.73161,12.75809],[77.73168,12.75812],[77.73178,12.75828],[77.73197,12.75835],[77.73265,12.75828],[77.73296,12.75829],[77.73313,12.7584],[77.73326,12.75873],[77.73501,12.75821],[77.73446,12.75541],[77.73425,12.75472]]]]}},{"type":"Feature","properties":{"id":"lake-274","name":"Mapped lake/tank"},"geometry":{"type":"MultiPolygon","coordinates":[[[[77.74692,12.74914],[77.7469,12.74895],[77.7468,12.74897],[77.74681,12.74915],[77.74692,12.74914]]]]}},{"type":"Feature","properties":{"id":"lake-275","name":"Mapped lake/tank"},"geometry":{"type":"MultiPolygon","coordinates":[[[[77.7547,12.75071],[77.75434,12.74977],[77.7543,12.74923],[77.75415,12.7494],[77.75406,12.74944],[77.75389,12.7494],[77.7537,12.74927],[77.75278,12.74883],[77.75186,12.74884],[77.7517,12.74878],[77.7517,12.74848],[77.75216,12.74813],[77.75222,12.74804],[77.75223,12.74787],[77.75176,12.74833],[77.75094,12.7489],[77.75109,12.74919],[77.7513,12.74923],[77.75157,12.7492],[77.75201,12.74923],[77.75306,12.74948],[77.75353,12.74974],[77.75446,12.75081],[77.7547,12.75071]]]]}},{"type":"Feature","properties":{"id":"lake-276","name":"Mapped lake/tank"},"geometry":{"type":"MultiPolygon","coordinates":[[[[77.74656,12.74753],[77.74642,12.74699],[77.74613,12.74616],[77.74604,12.74602],[77.74586,12.746],[77.74543,12.74615],[77.74538,12.74622],[77.74536,12.7464],[77.7453,12.74644],[77.74482,12.74642],[77.74457,12.74651],[77.7444,12.74675],[77.74428,12.74747],[77.74412,12.74752],[77.74385,12.74742],[77.74372,12.74744],[77.74313,12.74811],[77.74327,12.74821],[77.74331,12.74819],[77.74351,12.748],[77.74366,12.74777],[77.74409,12.7478],[77.74457,12.74778],[77.7448,12.74747],[77.74492,12.74741],[77.74507,12.74742],[77.7453,12.74776],[77.74543,12.74784],[77.74558,12.74786],[77.74613,12.74778],[77.74656,12.74753]]]]}},{"type":"Feature","properties":{"id":"lake-277","name":"Mapped lake/tank"},"geometry":{"type":"MultiPolygon","coordinates":[[[[77.73522,12.74449],[77.73619,12.74428],[77.73625,12.74417],[77.73614,12.74401],[77.73561,12.74358],[77.7354,12.74333],[77.73513,12.74342],[77.73492,12.74315],[77.73475,12.74314],[77.73474,12.74329],[77.73467,12.74342],[77.7341,12.74362],[77.73401,12.74381],[77.73363,12.74387],[77.7337,12.74403],[77.73369,12.74516],[77.73346,12.74573],[77.73354,12.74575],[77.73365,12.74559],[77.73403,12.74479],[77.73412,12.74469],[77.73469,12.74454],[77.73522,12.74449]]]]}},{"type":"Feature","properties":{"id":"lake-278","name":"Mapped lake/tank"},"geometry":{"type":"MultiPolygon","coordinates":[[[[77.75923,12.74287],[77.75918,12.74269],[77.75916,12.74213],[77.75897,12.74128],[77.75872,12.74072],[77.75846,12.74043],[77.75877,12.74107],[77.75907,12.7421],[77.75917,12.74288],[77.75923,12.74287]]]]}},{"type":"Feature","properties":{"id":"lake-279","name":"Mapped lake/tank"},"geometry":{"type":"MultiPolygon","coordinates":[[[[77.76629,12.84348],[77.7662,12.84351],[77.76625,12.84392],[77.76657,12.84467],[77.76653,12.84496],[77.76634,12.84525],[77.76569,12.84542],[77.76549,12.84552],[77.76548,12.8456],[77.76584,12.84593],[77.76614,12.84601],[77.76657,12.84622],[77.76683,12.8465],[77.76719,12.84659],[77.76774,12.84654],[77.76805,12.84645],[77.76811,12.84638],[77.76818,12.84579],[77.76785,12.84532],[77.76774,12.84472],[77.76709,12.84438],[77.76694,12.84417],[77.76639,12.84375],[77.76629,12.84348]]]]}},{"type":"Feature","properties":{"id":"lake-280","name":"Mapped lake/tank"},"geometry":{"type":"MultiPolygon","coordinates":[[[[77.82558,12.86418],[77.82565,12.86407],[77.82566,12.86373],[77.8256,12.86316],[77.82552,12.86294],[77.82517,12.86238],[77.8251,12.862],[77.82515,12.86182],[77.82593,12.86101],[77.82591,12.86087],[77.82562,12.86044],[77.82556,12.8604],[77.82449,12.8609],[77.82413,12.861],[77.82349,12.86145],[77.82335,12.86161],[77.82252,12.86137],[77.82155,12.86116],[77.82152,12.86156],[77.82158,12.86223],[77.82221,12.86243],[77.8244,12.86329],[77.82515,12.86416],[77.8254,12.86421],[77.82558,12.86418]]]]}},{"type":"Feature","properties":{"id":"lake-281","name":"Mapped lake/tank"},"geometry":{"type":"MultiPolygon","coordinates":[[[[77.81381,12.8713],[77.81377,12.87125],[77.81339,12.87117],[77.81323,12.87095],[77.81311,12.87052],[77.81268,12.87027],[77.81233,12.86999],[77.81183,12.86971],[77.81192,12.86935],[77.81167,12.86942],[77.81061,12.87005],[77.81057,12.87013],[77.81057,12.87021],[77.81087,12.87024],[77.81101,12.87078],[77.81139,12.87005],[77.81123,12.86983],[77.81137,12.86974],[77.81309,12.8708],[77.81313,12.87088],[77.8131,12.87104],[77.81303,12.8711],[77.81291,12.87112],[77.81265,12.87077],[77.81251,12.87067],[77.81222,12.87054],[77.81182,12.87059],[77.81168,12.87067],[77.81152,12.87077],[77.81143,12.87089],[77.81156,12.87102],[77.8114,12.87141],[77.81132,12.87142],[77.81124,12.87128],[77.81096,12.87132],[77.81091,12.87152],[77.81074,12.87155],[77.81075,12.87196],[77.81063,12.87236],[77.81111,12.87241],[77.81158,12.87204],[77.81242,12.87155],[77.81305,12.87141],[77.8136,12.87138],[77.81381,12.8713]]]]}},{"type":"Feature","properties":{"id":"lake-282","name":"Mapped lake/tank"},"geometry":{"type":"MultiPolygon","coordinates":[[[[77.8158,12.87498],[77.81487,12.87464],[77.8144,12.87451],[77.81432,12.87426],[77.81424,12.8742],[77.81406,12.87417],[77.81381,12.87421],[77.81343,12.87384],[77.8133,12.87378],[77.81312,12.87378],[77.81302,12.87389],[77.81302,12.87401],[77.81329,12.8743],[77.81338,12.87456],[77.81371,12.87488],[77.81385,12.87514],[77.81579,12.87512],[77.8158,12.87498]]]]}},{"type":"Feature","properties":{"id":"lake-283","name":"Mapped lake/tank"},"geometry":{"type":"MultiPolygon","coordinates":[[[[77.78562,12.78511],[77.78467,12.78512],[77.78536,12.78551],[77.78562,12.78511]]]]}},{"type":"Feature","properties":{"id":"lake-284","name":"Mapped lake/tank"},"geometry":{"type":"MultiPolygon","coordinates":[[[[77.77215,12.87037],[77.77209,12.87031],[77.77196,12.87044],[77.77133,12.87063],[77.77074,12.87044],[77.77065,12.87034],[77.7705,12.86994],[77.77005,12.86972],[77.77001,12.86958],[77.76983,12.86936],[77.76977,12.86913],[77.76962,12.86887],[77.7694,12.86875],[77.76928,12.86857],[77.76895,12.86831],[77.76885,12.86842],[77.76867,12.86827],[77.76879,12.86814],[77.76794,12.86721],[77.76779,12.86698],[77.76719,12.86769],[77.76718,12.86776],[77.76722,12.8678],[77.76777,12.86796],[77.76786,12.86807],[77.76798,12.86914],[77.7678,12.86925],[77.76778,12.86932],[77.76779,12.86976],[77.76752,12.87079],[77.76744,12.87174],[77.76727,12.87206],[77.76715,12.87255],[77.76718,12.87262],[77.76775,12.87222],[77.76871,12.87178],[77.76954,12.87119],[77.76996,12.87109],[77.77058,12.87108],[77.77145,12.87069],[77.77211,12.87045],[77.77215,12.87037]]]]}},{"type":"Feature","properties":{"id":"lake-285","name":"Mapped lake/tank"},"geometry":{"type":"MultiPolygon","coordinates":[[[[77.76402,12.83868],[77.76405,12.83859],[77.76403,12.83802],[77.76372,12.83812],[77.76373,12.83956],[77.76402,12.83868]]]]}},{"type":"Feature","properties":{"id":"lake-286","name":"Mapped lake/tank"},"geometry":{"type":"MultiPolygon","coordinates":[[[[77.78904,12.84],[77.78909,12.83979],[77.78934,12.83955],[77.78942,12.83934],[77.78958,12.83862],[77.78956,12.83853],[77.78945,12.83847],[77.78897,12.83848],[77.78869,12.83856],[77.78852,12.83871],[77.78819,12.83917],[77.78767,12.83948],[77.78791,12.83954],[77.78845,12.83979],[77.78875,12.84002],[77.78904,12.84]]]]}},{"type":"Feature","properties":{"id":"lake-287","name":"Mapped lake/tank"},"geometry":{"type":"MultiPolygon","coordinates":[[[[77.80595,12.85269],[77.80616,12.85274],[77.80665,12.85309],[77.80721,12.85389],[77.80763,12.85398],[77.80742,12.85339],[77.80697,12.85297],[77.80663,12.85205],[77.80647,12.85186],[77.80635,12.85146],[77.80648,12.85113],[77.80645,12.85101],[77.80624,12.85068],[77.80602,12.8506],[77.80537,12.84993],[77.80512,12.8496],[77.80499,12.84957],[77.80354,12.85032],[77.8035,12.85041],[77.80395,12.85185],[77.80401,12.85261],[77.80401,12.85327],[77.80414,12.85401],[77.8041,12.85428],[77.80377,12.85511],[77.80383,12.85545],[77.80394,12.85557],[77.80406,12.85559],[77.80419,12.8555],[77.80435,12.85528],[77.80442,12.85495],[77.80465,12.85473],[77.80476,12.85409],[77.80487,12.85373],[77.8049,12.85345],[77.80511,12.85303],[77.80545,12.85272],[77.80595,12.85269]]]]}},{"type":"Feature","properties":{"id":"lake-288","name":"Mapped lake/tank"},"geometry":{"type":"MultiPolygon","coordinates":[[[[77.77968,12.84123],[77.77981,12.8411],[77.77987,12.84096],[77.77984,12.83984],[77.77938,12.83902],[77.779,12.83924],[77.77905,12.8395],[77.77897,12.83975],[77.77882,12.83983],[77.77831,12.83983],[77.77795,12.84001],[77.77787,12.84008],[77.77781,12.84027],[77.77733,12.8407],[77.77725,12.84084],[77.77699,12.84096],[77.77695,12.84111],[77.77698,12.84135],[77.77707,12.84146],[77.77833,12.84126],[77.77928,12.8412],[77.77968,12.84123]]]]}},{"type":"Feature","properties":{"id":"lake-289","name":"Mapped lake/tank"},"geometry":{"type":"MultiPolygon","coordinates":[[[[77.76961,12.83339],[77.76929,12.83253],[77.76926,12.83202],[77.76897,12.83207],[77.76876,12.8329],[77.76849,12.83315],[77.76818,12.83325],[77.76742,12.83314],[77.76729,12.83316],[77.76724,12.83322],[77.76732,12.83362],[77.76739,12.83369],[77.76771,12.8337],[77.76793,12.83363],[77.76808,12.83385],[77.7683,12.83398],[77.76847,12.83401],[77.76897,12.834],[77.76929,12.83412],[77.76959,12.83409],[77.76967,12.834],[77.76961,12.83339]]]]}},{"type":"Feature","properties":{"id":"lake-290","name":"Mapped lake/tank"},"geometry":{"type":"MultiPolygon","coordinates":[[[[77.7876,12.8395],[77.78691,12.83967],[77.78664,12.83966],[77.78646,12.83956],[77.78624,12.83968],[77.78641,12.83983],[77.78671,12.83995],[77.78696,12.83997],[77.78739,12.83989],[77.78776,12.83989],[77.78809,12.83997],[77.78844,12.84013],[77.78879,12.84037],[77.78889,12.8405],[77.78897,12.84112],[77.78906,12.84137],[77.7891,12.84134],[77.78921,12.84112],[77.78924,12.84065],[77.78923,12.84053],[77.78907,12.84024],[77.7889,12.84017],[77.78843,12.83981],[77.7879,12.83957],[77.7876,12.8395]]]]}},{"type":"Feature","properties":{"id":"lake-291","name":"Mapped lake/tank"},"geometry":{"type":"MultiPolygon","coordinates":[[[[77.7646,12.86044],[77.7645,12.86026],[77.76426,12.86023],[77.76396,12.86004],[77.76396,12.86042],[77.76431,12.86043],[77.76449,12.86061],[77.76458,12.86054],[77.7646,12.86044]]]]}},{"type":"Feature","properties":{"id":"lake-292","name":"Mapped lake/tank"},"geometry":{"type":"MultiPolygon","coordinates":[[[[77.7641,12.72494],[77.76412,12.7248],[77.76398,12.72408],[77.764,12.72333],[77.76391,12.72287],[77.76396,12.72254],[77.76431,12.72215],[77.7643,12.72201],[77.76416,12.7219],[77.76379,12.72187],[77.76267,12.72204],[77.76267,12.72246],[77.76271,12.72252],[77.76278,12.72258],[77.76296,12.72259],[77.76303,12.72264],[77.76306,12.72296],[77.76319,12.72316],[77.76334,12.72332],[77.76355,12.72345],[77.76369,12.72366],[77.76391,12.7247],[77.7639,12.72492],[77.76397,12.72498],[77.7641,12.72494]]]]}},{"type":"Feature","properties":{"id":"lake-293","name":"Mapped lake/tank"},"geometry":{"type":"MultiPolygon","coordinates":[[[[77.76519,12.70958],[77.7647,12.70962],[77.76475,12.71002],[77.76491,12.71002],[77.7652,12.70984],[77.76526,12.7097],[77.76525,12.70962],[77.76519,12.70958]]]]}},{"type":"Feature","properties":{"id":"lake-294","name":"Mapped lake/tank"},"geometry":{"type":"MultiPolygon","coordinates":[[[[77.7635,12.69901],[77.76336,12.69903],[77.76295,12.69934],[77.76295,12.69945],[77.76311,12.69955],[77.76355,12.69948],[77.7636,12.69933],[77.7635,12.69901]]]]}},{"type":"Feature","properties":{"id":"lake-295","name":"Mapped lake/tank"},"geometry":{"type":"MultiPolygon","coordinates":[[[[77.79341,12.81107],[77.79365,12.81096],[77.79404,12.81089],[77.7941,12.81079],[77.79408,12.81029],[77.79412,12.81013],[77.79427,12.81],[77.79431,12.8099],[77.7943,12.80937],[77.79443,12.809],[77.79445,12.80881],[77.79435,12.80837],[77.79422,12.80807],[77.79419,12.8071],[77.79421,12.807],[77.79444,12.80682],[77.79434,12.80608],[77.79429,12.80599],[77.79359,12.80633],[77.79313,12.80649],[77.79235,12.8067],[77.79147,12.8068],[77.79075,12.80694],[77.79003,12.80714],[77.78997,12.80721],[77.79002,12.80735],[77.79087,12.8077],[77.79109,12.8079],[77.7913,12.80817],[77.79161,12.80875],[77.79196,12.80969],[77.79209,12.8098],[77.79236,12.81018],[77.79249,12.81063],[77.79259,12.81065],[77.79275,12.81051],[77.79285,12.81052],[77.7932,12.81101],[77.79341,12.81107]]]]}},{"type":"Feature","properties":{"id":"lake-296","name":"Mapped lake/tank"},"geometry":{"type":"MultiPolygon","coordinates":[[[[77.77996,12.81477],[77.78013,12.81455],[77.78015,12.81443],[77.77935,12.81299],[77.77923,12.81233],[77.77922,12.81167],[77.7793,12.81134],[77.77944,12.81115],[77.77945,12.81104],[77.77934,12.81103],[77.779,12.81122],[77.77871,12.8113],[77.77758,12.81132],[77.77722,12.81086],[77.77676,12.81044],[77.77664,12.81037],[77.77648,12.81039],[77.77644,12.81049],[77.77647,12.81057],[77.77694,12.81127],[77.77711,12.81179],[77.77736,12.81309],[77.77764,12.81393],[77.77779,12.8142],[77.77859,12.81484],[77.77913,12.8151],[77.77959,12.81499],[77.77996,12.81477]]]]}},{"type":"Feature","properties":{"id":"lake-297","name":"Mapped lake/tank"},"geometry":{"type":"MultiPolygon","coordinates":[[[[77.78242,12.81975],[77.78228,12.81979],[77.78216,12.82001],[77.78203,12.82012],[77.78036,12.82054],[77.7802,12.82043],[77.77991,12.82042],[77.78,12.82064],[77.77994,12.8209],[77.77996,12.821],[77.78013,12.82115],[77.78022,12.82117],[77.78062,12.82116],[77.78074,12.82119],[77.7811,12.82154],[77.78143,12.82148],[77.78164,12.82187],[77.78181,12.82197],[77.78201,12.82197],[77.78248,12.82184],[77.78255,12.8211],[77.7824,12.82059],[77.78238,12.81995],[77.78242,12.81975]]]]}},{"type":"Feature","properties":{"id":"lake-298","name":"Mapped lake/tank"},"geometry":{"type":"MultiPolygon","coordinates":[[[[77.79628,12.8184],[77.79641,12.81833],[77.79646,12.81819],[77.79644,12.81777],[77.79627,12.8167],[77.79635,12.81622],[77.79628,12.81557],[77.79672,12.81527],[77.79698,12.81515],[77.79688,12.81492],[77.79661,12.81501],[77.79657,12.81499],[77.79645,12.81442],[77.79629,12.81444],[77.79624,12.81451],[77.79617,12.81487],[77.79594,12.81532],[77.79561,12.81555],[77.79541,12.81563],[77.79522,12.81567],[77.79498,12.81564],[77.79463,12.81533],[77.79446,12.81525],[77.79409,12.81524],[77.79405,12.81532],[77.79406,12.81563],[77.79414,12.81593],[77.79475,12.81775],[77.79474,12.81784],[77.79457,12.81803],[77.79457,12.81818],[77.79478,12.81828],[77.79562,12.81848],[77.79628,12.8184]]]]}},{"type":"Feature","properties":{"id":"lake-299","name":"Mapped lake/tank"},"geometry":{"type":"MultiPolygon","coordinates":[[[[77.80002,12.82401],[77.80016,12.82361],[77.80027,12.82306],[77.80029,12.82279],[77.80025,12.82275],[77.80016,12.8228],[77.80006,12.8231],[77.79975,12.82372],[77.79943,12.82386],[77.79926,12.82389],[77.79869,12.82387],[77.79763,12.82353],[77.79726,12.82331],[77.79707,12.82323],[77.797,12.82325],[77.79703,12.82338],[77.79738,12.82362],[77.7977,12.82402],[77.79827,12.82504],[77.79852,12.82518],[77.79881,12.82543],[77.7989,12.82569],[77.79917,12.82605],[77.79926,12.82626],[77.79961,12.82641],[77.79969,12.82641],[77.79972,12.82635],[77.79963,12.82603],[77.79979,12.82575],[77.79978,12.82532],[77.79985,12.82523],[77.80003,12.82516],[77.80007,12.82508],[77.79996,12.82439],[77.79988,12.82425],[77.80002,12.82401]]]]}},{"type":"Feature","properties":{"id":"lake-300","name":"Mapped lake/tank"},"geometry":{"type":"MultiPolygon","coordinates":[[[[77.78318,12.82632],[77.78318,12.82627],[77.78247,12.82584],[77.78173,12.82571],[77.78114,12.82529],[77.78101,12.82527],[77.78086,12.82559],[77.78088,12.82658],[77.78083,12.82677],[77.78058,12.82719],[77.78021,12.82748],[77.78024,12.82751],[77.78101,12.82745],[77.7815,12.82734],[77.78172,12.82723],[77.78244,12.82667],[77.78318,12.82632]]]]}},{"type":"Feature","properties":{"id":"lake-301","name":"Mapped lake/tank"},"geometry":{"type":"MultiPolygon","coordinates":[[[[77.80402,12.82675],[77.80384,12.8267],[77.8039,12.82723],[77.80406,12.82713],[77.80434,12.82683],[77.80402,12.82675]]]]}},{"type":"Feature","properties":{"id":"lake-302","name":"Mapped lake/tank"},"geometry":{"type":"MultiPolygon","coordinates":[[[[77.76663,12.83043],[77.76746,12.83008],[77.76749,12.82982],[77.76776,12.82986],[77.76827,12.8294],[77.76829,12.82929],[77.76784,12.8285],[77.76756,12.82787],[77.76742,12.82791],[77.76729,12.82781],[77.76707,12.82776],[77.76671,12.82744],[77.76655,12.82724],[77.7662,12.82698],[77.766,12.82667],[77.76533,12.82653],[77.76536,12.82673],[77.7656,12.82704],[77.76564,12.8276],[77.76546,12.82851],[77.76503,12.82966],[77.76507,12.8299],[77.76544,12.82982],[77.76586,12.8298],[77.76611,12.83004],[77.76643,12.83022],[77.76656,12.83042],[77.76663,12.83043]]]]}},{"type":"Feature","properties":{"id":"lake-303","name":"Mapped lake/tank"},"geometry":{"type":"MultiPolygon","coordinates":[[[[77.76447,12.75348],[77.76438,12.75314],[77.76423,12.75285],[77.76401,12.75197],[77.76391,12.75181],[77.76367,12.7518],[77.76337,12.75191],[77.76298,12.75195],[77.76278,12.75212],[77.76279,12.75311],[77.76412,12.7537],[77.76439,12.75364],[77.76444,12.7536],[77.76447,12.75348]]]]}},{"type":"Feature","properties":{"id":"lake-304","name":"Mapped lake/tank"},"geometry":{"type":"MultiPolygon","coordinates":[[[[77.77066,12.74813],[77.77084,12.748],[77.7711,12.74753],[77.77134,12.7474],[77.77158,12.74735],[77.77221,12.74742],[77.77257,12.74759],[77.77272,12.74748],[77.77268,12.74742],[77.77235,12.74731],[77.77219,12.74705],[77.77165,12.74673],[77.77126,12.74629],[77.77116,12.74606],[77.77076,12.74598],[77.77072,12.74591],[77.77071,12.74573],[77.77029,12.74571],[77.77022,12.74574],[77.77009,12.74593],[77.76993,12.74635],[77.76992,12.7466],[77.77006,12.74706],[77.77039,12.74774],[77.7704,12.74798],[77.77048,12.7481],[77.77066,12.74813]]]]}},{"type":"Feature","properties":{"id":"lake-305","name":"Mapped lake/tank"},"geometry":{"type":"MultiPolygon","coordinates":[[[[77.78566,12.75051],[77.78555,12.75001],[77.7856,12.74998],[77.78605,12.75003],[77.78595,12.74948],[77.7859,12.74883],[77.78567,12.74865],[77.78548,12.7484],[77.7851,12.74828],[77.78495,12.74831],[77.78448,12.74865],[77.78434,12.74884],[77.7841,12.74892],[77.78344,12.74926],[77.78344,12.74934],[77.78386,12.74963],[77.78473,12.75057],[77.78501,12.75093],[77.78509,12.75093],[77.78517,12.75079],[77.78525,12.75074],[77.78546,12.75069],[77.78566,12.75051]]]]}},{"type":"Feature","properties":{"id":"lake-306","name":"Mapped lake/tank"},"geometry":{"type":"MultiPolygon","coordinates":[[[[77.77006,12.7612],[77.7698,12.76115],[77.76947,12.7614],[77.76964,12.76164],[77.76972,12.76165],[77.77006,12.7612]]]]}},{"type":"Feature","properties":{"id":"lake-307","name":"Mapped lake/tank"},"geometry":{"type":"MultiPolygon","coordinates":[[[[77.78206,12.77286],[77.77905,12.7681],[77.77873,12.76837],[77.77868,12.7687],[77.77896,12.76932],[77.77926,12.76982],[77.77966,12.77126],[77.77982,12.77128],[77.78011,12.77183],[77.78037,12.77187],[77.78046,12.77193],[77.78058,12.77224],[77.78058,12.7725],[77.78068,12.7727],[77.78101,12.7731],[77.78102,12.77346],[77.78122,12.7736],[77.78143,12.77384],[77.78154,12.77355],[77.78184,12.7731],[77.78206,12.77286]]]]}},{"type":"Feature","properties":{"id":"lake-308","name":"Mapped lake/tank"},"geometry":{"type":"MultiPolygon","coordinates":[[[[77.81101,12.87078],[77.81096,12.87132],[77.81124,12.87128],[77.81132,12.87142],[77.8114,12.87141],[77.81155,12.87109],[77.81153,12.87097],[77.81143,12.87089],[77.81146,12.87084],[77.81182,12.87059],[77.81222,12.87054],[77.81251,12.87067],[77.81265,12.87077],[77.81291,12.87112],[77.81303,12.8711],[77.81313,12.87096],[77.81309,12.8708],[77.81137,12.86974],[77.81123,12.86983],[77.81139,12.87005],[77.81101,12.87078]]]]}},{"type":"Feature","properties":{"id":"lake-309","name":"Mapped lake/tank"},"geometry":{"type":"MultiPolygon","coordinates":[[[[77.81268,12.8692],[77.81252,12.86918],[77.81192,12.86935],[77.81183,12.86971],[77.81233,12.86999],[77.81268,12.87027],[77.81311,12.87052],[77.81304,12.87005],[77.81268,12.8692]]]]}},{"type":"Feature","properties":{"id":"lake-310","name":"Mapped lake/tank"},"geometry":{"type":"MultiPolygon","coordinates":[[[[77.77376,12.87423],[77.77409,12.8742],[77.77451,12.87389],[77.7749,12.8737],[77.77511,12.87351],[77.7756,12.87326],[77.77578,12.87321],[77.77602,12.87326],[77.77625,12.87319],[77.77646,12.87302],[77.77668,12.87299],[77.77693,12.87265],[77.77761,12.8721],[77.77812,12.87208],[77.77871,12.87234],[77.77886,12.87247],[77.7791,12.87253],[77.77938,12.87251],[77.77998,12.87228],[77.78033,12.87203],[77.78057,12.87167],[77.7808,12.87143],[77.78093,12.87138],[77.78131,12.87135],[77.78174,12.87115],[77.78197,12.87093],[77.78221,12.87082],[77.78321,12.87003],[77.78322,12.86985],[77.78307,12.86946],[77.78306,12.86926],[77.78313,12.86908],[77.78324,12.86896],[77.78356,12.8688],[77.7838,12.8688],[77.78407,12.86872],[77.78457,12.86867],[77.78481,12.8684],[77.78403,12.86861],[77.78312,12.8687],[77.78202,12.8685],[77.78167,12.86852],[77.78149,12.86865],[77.77992,12.86929],[77.77949,12.86955],[77.77886,12.86978],[77.77877,12.86987],[77.77874,12.87049],[77.77867,12.87059],[77.7785,12.8706],[77.77839,12.8705],[77.77834,12.8705],[77.77694,12.87107],[77.77623,12.87205],[77.77561,12.87248],[77.77559,12.87264],[77.77566,12.87306],[77.77561,12.87317],[77.77385,12.87371],[77.77373,12.87368],[77.77339,12.87371],[77.77329,12.87354],[77.77313,12.8736],[77.77313,12.87369],[77.77323,12.87372],[77.77338,12.87388],[77.77346,12.87422],[77.77362,12.87425],[77.77376,12.87423]]]]}},{"type":"Feature","properties":{"id":"lake-311","name":"Mapped lake/tank"},"geometry":{"type":"MultiPolygon","coordinates":[[[[77.78454,12.86874],[77.78449,12.86871],[77.78413,12.86874],[77.78384,12.86882],[77.78356,12.86883],[77.78321,12.86902],[77.78312,12.86916],[77.78309,12.86931],[77.7831,12.86945],[77.78324,12.8698],[77.78325,12.86998],[77.78341,12.86973],[77.78359,12.86957],[77.78422,12.86932],[77.78454,12.86874]]]]}},{"type":"Feature","properties":{"id":"lake-312","name":"Mapped lake/tank"},"geometry":{"type":"MultiPolygon","coordinates":[[[[77.79401,12.85532],[77.79405,12.85525],[77.79401,12.85503],[77.79348,12.85514],[77.7934,12.85511],[77.79302,12.85343],[77.79254,12.85299],[77.79204,12.85262],[77.79156,12.85209],[77.79121,12.85157],[77.78981,12.84919],[77.78931,12.84938],[77.78897,12.84943],[77.78889,12.84948],[77.78865,12.84948],[77.78851,12.84944],[77.7885,12.84983],[77.78812,12.84995],[77.78812,12.8503],[77.78805,12.85057],[77.78809,12.85084],[77.788,12.85119],[77.78771,12.85147],[77.78744,12.85157],[77.78712,12.85195],[77.78672,12.85211],[77.78663,12.85226],[77.78648,12.85233],[77.78626,12.85264],[77.78629,12.8529],[77.78638,12.85285],[77.78671,12.85284],[77.78687,12.853],[77.78711,12.85345],[77.78788,12.8545],[77.78813,12.85535],[77.78816,12.85562],[77.78812,12.85569],[77.78764,12.85582],[77.78764,12.8559],[77.7878,12.85602],[77.78791,12.85621],[77.78803,12.85625],[77.78807,12.85635],[77.78831,12.8566],[77.78851,12.85622],[77.7886,12.85541],[77.78887,12.85447],[77.78896,12.85436],[77.78914,12.8543],[77.78946,12.85431],[77.79033,12.85451],[77.79161,12.85467],[77.79194,12.85476],[77.7922,12.85494],[77.79229,12.8552],[77.79242,12.85537],[77.7928,12.8556],[77.79351,12.8555],[77.79401,12.85532]]]]}},{"type":"Feature","properties":{"id":"lake-313","name":"Mapped lake/tank"},"geometry":{"type":"MultiPolygon","coordinates":[[[[77.78848,12.84942],[77.78848,12.84913],[77.78844,12.84903],[77.78839,12.84903],[77.7882,12.84931],[77.7881,12.84958],[77.78772,12.84965],[77.78789,12.85074],[77.78787,12.85083],[77.78751,12.85133],[77.78733,12.85145],[77.78694,12.85167],[77.78611,12.85197],[77.78625,12.85261],[77.78646,12.85232],[77.78661,12.85224],[77.7867,12.85209],[77.78711,12.85193],[77.78742,12.85155],[77.78769,12.85145],[77.78798,12.85117],[77.78807,12.85084],[77.78802,12.85057],[77.7881,12.8503],[77.7881,12.84993],[77.78848,12.84981],[77.78848,12.84942]]]]}},{"type":"Feature","properties":{"id":"lake-314","name":"Mapped lake/tank"},"geometry":{"type":"MultiPolygon","coordinates":[[[[77.78057,12.87502],[77.78098,12.87522],[77.78114,12.87549],[77.78161,12.87541],[77.78231,12.87542],[77.78237,12.87537],[77.78235,12.87528],[77.78219,12.87511],[77.7822,12.87499],[77.78229,12.87493],[77.78248,12.87489],[77.78249,12.87472],[77.78242,12.87465],[77.78231,12.8747],[77.78206,12.87453],[77.78194,12.87455],[77.78166,12.87482],[77.78155,12.87484],[77.78143,12.8748],[77.78132,12.87456],[77.78121,12.87455],[77.78114,12.87467],[77.78116,12.87482],[77.78112,12.87496],[77.78057,12.87502]]]]}},{"type":"Feature","properties":{"id":"lake-315","name":"Mapped lake/tank"},"geometry":{"type":"MultiPolygon","coordinates":[[[[77.81255,12.86426],[77.81266,12.86426],[77.81272,12.86421],[77.81272,12.86385],[77.81253,12.86359],[77.81212,12.86328],[77.81181,12.86281],[77.8117,12.86251],[77.81159,12.86238],[77.81153,12.86193],[77.81139,12.86149],[77.81129,12.8613],[77.81111,12.86109],[77.81068,12.8612],[77.81057,12.86116],[77.81048,12.86129],[77.81027,12.86189],[77.8102,12.86196],[77.81001,12.86201],[77.81004,12.86465],[77.81027,12.86442],[77.81048,12.86377],[77.81065,12.86363],[77.81104,12.86349],[77.81171,12.86355],[77.81189,12.86369],[77.81213,12.86403],[77.81255,12.86426]]]]}},{"type":"Feature","properties":{"id":"lake-316","name":"Mapped lake/tank"},"geometry":{"type":"MultiPolygon","coordinates":[[[[77.78076,12.84189],[77.78078,12.84183],[77.78055,12.8414],[77.7801,12.84005],[77.78006,12.83956],[77.78017,12.83879],[77.78013,12.83873],[77.77983,12.83875],[77.77938,12.83902],[77.77984,12.83984],[77.77987,12.84096],[77.77981,12.8411],[77.77968,12.84123],[77.77989,12.84136],[77.78017,12.84164],[77.78058,12.8419],[77.78064,12.84193],[77.78076,12.84189]]]]}},{"type":"Feature","properties":{"id":"lake-317","name":"Mapped lake/tank"},"geometry":{"type":"MultiPolygon","coordinates":[[[[77.81057,12.86116],[77.81,12.8607],[77.81001,12.86201],[77.8102,12.86196],[77.81027,12.86189],[77.81048,12.86129],[77.81057,12.86116]]]]}},{"type":"Feature","properties":{"id":"lake-318","name":"Mapped lake/tank"},"geometry":{"type":"MultiPolygon","coordinates":[[[[77.78671,12.87493],[77.78645,12.87491],[77.78617,12.87494],[77.78593,12.87447],[77.78579,12.874],[77.78572,12.87167],[77.7855,12.86997],[77.78524,12.8689],[77.78526,12.86884],[77.78551,12.86873],[77.78604,12.86878],[77.78616,12.86872],[77.7862,12.86865],[77.7862,12.86812],[77.78655,12.86784],[77.78676,12.86777],[77.78672,12.8676],[77.7861,12.86775],[77.78594,12.86775],[77.7858,12.86771],[77.78562,12.86751],[77.78528,12.86759],[77.78529,12.86816],[77.78519,12.86827],[77.78485,12.86839],[77.78454,12.8688],[77.78424,12.86934],[77.78361,12.8696],[77.78343,12.86975],[77.78318,12.87009],[77.78223,12.87084],[77.78199,12.87096],[77.78176,12.87118],[77.78132,12.87138],[77.78093,12.8714],[77.78082,12.87145],[77.78035,12.87205],[77.78,12.87231],[77.77939,12.87254],[77.7791,12.87256],[77.77885,12.87249],[77.7787,12.87237],[77.77811,12.8721],[77.77763,12.87213],[77.77695,12.87267],[77.77675,12.87298],[77.77652,12.87304],[77.77659,12.87324],[77.7766,12.87352],[77.77637,12.87374],[77.77633,12.87385],[77.77664,12.87393],[77.77673,12.87412],[77.77687,12.87427],[77.77706,12.8743],[77.77858,12.87359],[77.77903,12.8733],[77.77994,12.87313],[77.78015,12.87304],[77.78038,12.87285],[77.78066,12.87218],[77.7808,12.87197],[77.78092,12.87188],[77.78128,12.87183],[77.78188,12.87185],[77.78209,12.87177],[77.78242,12.87176],[77.78261,12.87181],[77.78262,12.87242],[77.78278,12.87277],[77.7826,12.87342],[77.78265,12.8735],[77.78299,12.87374],[77.78307,12.87386],[77.7831,12.8741],[77.78305,12.87477],[77.78299,12.8749],[77.78287,12.87496],[77.78281,12.87509],[77.78285,12.87516],[77.78298,12.87519],[77.78328,12.87513],[77.78344,12.87517],[77.78356,12.87531],[77.78354,12.87546],[77.7846,12.87542],[77.78471,12.87545],[77.78702,12.87543],[77.78692,12.87502],[77.78685,12.87496],[77.78671,12.87493]]]]}},{"type":"Feature","properties":{"id":"lake-319","name":"Mapped lake/tank"},"geometry":{"type":"MultiPolygon","coordinates":[[[[77.81004,12.86465],[77.81001,12.86201],[77.80983,12.86182],[77.80936,12.86205],[77.8092,12.86193],[77.80913,12.86167],[77.80898,12.86162],[77.80896,12.862],[77.80936,12.8629],[77.80936,12.86303],[77.8093,12.86317],[77.80934,12.86355],[77.80939,12.86377],[77.80961,12.86425],[77.8096,12.86483],[77.8098,12.8648],[77.81004,12.86465]]]]}},{"type":"Feature","properties":{"id":"lake-320","name":"Mapped lake/tank"},"geometry":{"type":"MultiPolygon","coordinates":[[[[77.81001,12.86201],[77.81,12.8607],[77.80967,12.86021],[77.80957,12.86014],[77.80942,12.86016],[77.80868,12.86055],[77.80864,12.86071],[77.80896,12.86147],[77.80898,12.86162],[77.80913,12.86167],[77.8092,12.86193],[77.80936,12.86205],[77.80983,12.86182],[77.81001,12.86201]]]]}},{"type":"Feature","properties":{"id":"lake-321","name":"Mapped lake/tank"},"geometry":{"type":"MultiPolygon","coordinates":[[[[77.77932,12.79444],[77.7792,12.79441],[77.77913,12.79453],[77.77935,12.79506],[77.77929,12.79541],[77.77932,12.79608],[77.77921,12.79637],[77.77896,12.79656],[77.77852,12.79673],[77.77775,12.79689],[77.77731,12.7969],[77.77748,12.79756],[77.77767,12.798],[77.77783,12.79808],[77.77808,12.79812],[77.77817,12.79821],[77.77828,12.79874],[77.77835,12.79889],[77.7785,12.79897],[77.77891,12.79889],[77.77935,12.79861],[77.77948,12.79861],[77.77975,12.79882],[77.77992,12.79903],[77.77996,12.79914],[77.77993,12.79931],[77.77973,12.79942],[77.77892,12.79954],[77.77888,12.79968],[77.77912,12.8003],[77.77912,12.80019],[77.7792,12.8001],[77.77972,12.79985],[77.77999,12.79966],[77.78028,12.79959],[77.78063,12.79957],[77.78121,12.79976],[77.78151,12.79993],[77.78229,12.80017],[77.78269,12.80076],[77.78247,12.80027],[77.78225,12.79997],[77.78206,12.79978],[77.78141,12.79929],[77.78094,12.79874],[77.78072,12.79824],[77.78031,12.79752],[77.78024,12.7969],[77.78009,12.79641],[77.78006,12.79603],[77.77997,12.79576],[77.77961,12.79494],[77.77932,12.79444]]]]}},{"type":"Feature","properties":{"id":"lake-322","name":"Mapped lake/tank"},"geometry":{"type":"MultiPolygon","coordinates":[[[[77.77728,12.80385],[77.77846,12.80189],[77.77851,12.8014],[77.77857,12.80126],[77.77775,12.80205],[77.77739,12.80207],[77.77729,12.80181],[77.77736,12.80141],[77.77736,12.80109],[77.77731,12.80071],[77.7772,12.80043],[77.7771,12.80032],[77.77672,12.80011],[77.77643,12.80009],[77.77478,12.80038],[77.77416,12.80053],[77.77359,12.80073],[77.77321,12.80098],[77.77214,12.80218],[77.77174,12.8025],[77.77155,12.80271],[77.77117,12.803],[77.77037,12.8035],[77.77028,12.80361],[77.77035,12.80379],[77.77224,12.80242],[77.7729,12.8021],[77.77391,12.80185],[77.77515,12.80176],[77.77547,12.80181],[77.77559,12.80194],[77.77589,12.80269],[77.77586,12.80294],[77.77598,12.80337],[77.77637,12.80419],[77.77666,12.80434],[77.7769,12.8043],[77.77707,12.80419],[77.77728,12.80385]]]]}},{"type":"Feature","properties":{"id":"lake-323","name":"Mapped lake/tank"},"geometry":{"type":"MultiPolygon","coordinates":[[[[77.76622,12.8043],[77.76538,12.80594],[77.7642,12.80739],[77.76519,12.80811],[77.76547,12.80841],[77.76559,12.80877],[77.76573,12.80843],[77.76627,12.80812],[77.76642,12.80797],[77.76639,12.80776],[77.76622,12.80744],[77.76617,12.807],[77.76599,12.8068],[77.76589,12.80649],[77.76589,12.80626],[77.76597,12.80601],[77.76608,12.80507],[77.76619,12.8047],[77.76622,12.8043]]]]}},{"type":"Feature","properties":{"id":"lake-324","name":"Mapped lake/tank"},"geometry":{"type":"MultiPolygon","coordinates":[[[[77.76766,12.80855],[77.76799,12.80778],[77.76808,12.80718],[77.76826,12.80669],[77.76751,12.80684],[77.76728,12.80703],[77.76691,12.80782],[77.76693,12.8082],[77.76679,12.80833],[77.76674,12.80845],[77.76685,12.80887],[77.76747,12.80875],[77.76757,12.8087],[77.76766,12.80855]]]]}},{"type":"Feature","properties":{"id":"lake-325","name":"Mapped lake/tank"},"geometry":{"type":"MultiPolygon","coordinates":[[[[77.77991,12.82199],[77.78005,12.82179],[77.78026,12.82171],[77.78036,12.82155],[77.78048,12.82156],[77.78052,12.82171],[77.78058,12.82174],[77.78079,12.82168],[77.78088,12.82156],[77.7811,12.82154],[77.78074,12.82119],[77.78062,12.82116],[77.78022,12.82117],[77.78003,12.82108],[77.77994,12.8209],[77.78,12.82064],[77.77991,12.82042],[77.7802,12.82043],[77.78036,12.82054],[77.78203,12.82012],[77.78216,12.82001],[77.78228,12.81979],[77.783,12.81951],[77.78307,12.81944],[77.78304,12.81935],[77.78217,12.8195],[77.78111,12.82005],[77.78045,12.82023],[77.78,12.82021],[77.77988,12.82008],[77.77973,12.81977],[77.7796,12.81974],[77.77949,12.81978],[77.77941,12.81988],[77.7794,12.82005],[77.77943,12.82016],[77.7796,12.82042],[77.77963,12.82065],[77.77952,12.82104],[77.77935,12.82126],[77.77931,12.82163],[77.77937,12.82176],[77.77958,12.82198],[77.77975,12.82202],[77.77991,12.82199]]]]}},{"type":"Feature","properties":{"id":"lake-326","name":"Mapped lake/tank"},"geometry":{"type":"MultiPolygon","coordinates":[[[[77.64968,12.74535],[77.64983,12.74474],[77.65009,12.74405],[77.65005,12.74394],[77.64997,12.74388],[77.64973,12.74392],[77.64909,12.74422],[77.64904,12.74473],[77.64907,12.74486],[77.64915,12.74497],[77.64939,12.74511],[77.64955,12.74536],[77.64968,12.74535]]]]}},{"type":"Feature","properties":{"id":"lake-327","name":"Mapped lake/tank"},"geometry":{"type":"MultiPolygon","coordinates":[[[[77.63282,12.74435],[77.63273,12.7443],[77.63233,12.74435],[77.63245,12.74482],[77.63258,12.74503],[77.63265,12.74508],[77.63289,12.74513],[77.633,12.74508],[77.63303,12.74489],[77.63297,12.74457],[77.63288,12.74439],[77.63282,12.74435]]]]}},{"type":"Feature","properties":{"id":"lake-328","name":"Mapped lake/tank"},"geometry":{"type":"MultiPolygon","coordinates":[[[[77.6411,12.75278],[77.641,12.75203],[77.64092,12.75197],[77.64075,12.75195],[77.64045,12.75195],[77.64035,12.752],[77.64022,12.75228],[77.63991,12.75266],[77.63998,12.75307],[77.64079,12.75305],[77.64092,12.7529],[77.64106,12.75285],[77.6411,12.75278]]]]}},{"type":"Feature","properties":{"id":"lake-329","name":"Mapped lake/tank"},"geometry":{"type":"MultiPolygon","coordinates":[[[[77.62589,12.75269],[77.62563,12.75237],[77.62556,12.75234],[77.62529,12.75239],[77.62499,12.75258],[77.62512,12.75304],[77.62535,12.75331],[77.62572,12.75315],[77.62582,12.75297],[77.62589,12.75269]]]]}},{"type":"Feature","properties":{"id":"lake-330","name":"Mapped lake/tank"},"geometry":{"type":"MultiPolygon","coordinates":[[[[77.63088,12.7566],[77.63068,12.75629],[77.63048,12.75612],[77.63056,12.75646],[77.6304,12.7571],[77.63014,12.75742],[77.6297,12.75749],[77.62969,12.75757],[77.62978,12.7576],[77.63047,12.75756],[77.63071,12.75771],[77.63093,12.7577],[77.63111,12.7578],[77.63134,12.75749],[77.63134,12.75722],[77.63114,12.7572],[77.63113,12.75691],[77.63088,12.7566]]]]}},{"type":"Feature","properties":{"id":"lake-331","name":"Mapped lake/tank"},"geometry":{"type":"MultiPolygon","coordinates":[[[[77.62624,12.75741],[77.62638,12.75737],[77.62641,12.75731],[77.6263,12.75715],[77.62618,12.75681],[77.62636,12.75672],[77.62638,12.75668],[77.62623,12.75653],[77.62568,12.75661],[77.62564,12.75702],[77.62569,12.7574],[77.62597,12.75744],[77.62624,12.75741]]]]}},{"type":"Feature","properties":{"id":"lake-332","name":"Mapped lake/tank"},"geometry":{"type":"MultiPolygon","coordinates":[[[[77.63688,12.74914],[77.63693,12.74908],[77.63693,12.74889],[77.63698,12.74883],[77.63708,12.74882],[77.63726,12.74898],[77.63737,12.74895],[77.63743,12.74889],[77.63745,12.74873],[77.63738,12.74824],[77.63741,12.74795],[77.63755,12.74762],[77.63777,12.74747],[77.63779,12.74735],[77.6377,12.74727],[77.63754,12.74726],[77.63745,12.74729],[77.63734,12.74744],[77.63701,12.74746],[77.63687,12.74735],[77.63637,12.74675],[77.63629,12.74674],[77.63613,12.74683],[77.63599,12.74676],[77.63597,12.74666],[77.63616,12.74605],[77.63592,12.74567],[77.63589,12.74552],[77.63603,12.74537],[77.63624,12.74536],[77.63678,12.74554],[77.63708,12.74572],[77.63716,12.74572],[77.63717,12.74552],[77.63725,12.74533],[77.63717,12.74494],[77.63737,12.74472],[77.6374,12.74458],[77.63733,12.74447],[77.63713,12.74454],[77.63676,12.74452],[77.63667,12.74431],[77.63652,12.74425],[77.63576,12.74432],[77.63558,12.74441],[77.63545,12.74462],[77.63536,12.74468],[77.63475,12.74477],[77.6345,12.74491],[77.63421,12.74496],[77.63421,12.7455],[77.63415,12.74557],[77.63397,12.74561],[77.63393,12.74568],[77.6349,12.7471],[77.63561,12.74825],[77.63572,12.74832],[77.63631,12.74843],[77.63651,12.74853],[77.63669,12.74879],[77.63672,12.74903],[77.63688,12.74914]]]]}},{"type":"Feature","properties":{"id":"lake-333","name":"Mapped lake/tank"},"geometry":{"type":"MultiPolygon","coordinates":[[[[77.65886,12.74553],[77.65889,12.74544],[77.65874,12.7448],[77.65878,12.74424],[77.65866,12.7432],[77.65868,12.74313],[77.65897,12.74298],[77.65899,12.74278],[77.65873,12.74204],[77.65842,12.74174],[77.65825,12.74134],[77.65817,12.74131],[77.65728,12.74152],[77.65679,12.74159],[77.65651,12.74166],[77.6563,12.74181],[77.65616,12.74184],[77.65568,12.74186],[77.6557,12.74199],[77.65539,12.7423],[77.65541,12.74249],[77.65534,12.74272],[77.65543,12.74337],[77.65536,12.74402],[77.65528,12.74424],[77.65513,12.74446],[77.65511,12.74492],[77.65528,12.74493],[77.65543,12.74446],[77.6556,12.74432],[77.65576,12.74426],[77.65596,12.74424],[77.65648,12.74434],[77.65762,12.74425],[77.65802,12.74445],[77.65842,12.74495],[77.6586,12.74541],[77.65869,12.74551],[77.65886,12.74553]]]]}},{"type":"Feature","properties":{"id":"lake-334","name":"Mapped lake/tank"},"geometry":{"type":"MultiPolygon","coordinates":[[[[77.66074,12.75263],[77.66147,12.75237],[77.66171,12.75221],[77.66196,12.75216],[77.66234,12.75201],[77.6624,12.75193],[77.66238,12.75184],[77.66225,12.75169],[77.66231,12.75161],[77.66229,12.75144],[77.66215,12.75126],[77.66216,12.75119],[77.66227,12.75107],[77.66225,12.75087],[77.6617,12.75077],[77.6614,12.75063],[77.66118,12.75044],[77.66112,12.75018],[77.66105,12.75022],[77.66097,12.75058],[77.66079,12.75096],[77.66075,12.75154],[77.66061,12.75199],[77.6604,12.75229],[77.6601,12.75257],[77.65999,12.75307],[77.65958,12.7532],[77.66021,12.75331],[77.6603,12.75314],[77.66024,12.75294],[77.6603,12.75282],[77.66044,12.75272],[77.66074,12.75263]]]]}},{"type":"Feature","properties":{"id":"lake-335","name":"Mapped lake/tank"},"geometry":{"type":"MultiPolygon","coordinates":[[[[77.65335,12.76429],[77.65339,12.76428],[77.6534,12.76414],[77.65362,12.764],[77.6537,12.76387],[77.65368,12.76375],[77.65348,12.76328],[77.6537,12.76281],[77.65375,12.76228],[77.65385,12.76188],[77.654,12.7617],[77.65423,12.76173],[77.65431,12.76168],[77.65442,12.76103],[77.65474,12.75998],[77.65483,12.75901],[77.6547,12.75886],[77.65462,12.75747],[77.65481,12.75638],[77.65483,12.7558],[77.65489,12.75575],[77.65517,12.75576],[77.65522,12.75573],[77.65535,12.75471],[77.65547,12.75454],[77.6555,12.75422],[77.65539,12.75418],[77.6554,12.75396],[77.65534,12.7539],[77.65521,12.75405],[77.65352,12.75389],[77.65338,12.7541],[77.65283,12.75412],[77.65291,12.75445],[77.65271,12.75516],[77.65201,12.75685],[77.6514,12.75772],[77.65117,12.75786],[77.65083,12.75784],[77.64982,12.75817],[77.64966,12.75816],[77.64961,12.75823],[77.64959,12.75846],[77.64963,12.75856],[77.651,12.75897],[77.65136,12.75921],[77.65198,12.75982],[77.65329,12.76142],[77.65336,12.76163],[77.65335,12.76206],[77.65305,12.76298],[77.65299,12.76361],[77.65316,12.76415],[77.65325,12.76426],[77.65335,12.76429]]]]}},{"type":"Feature","properties":{"id":"lake-336","name":"Mapped lake/tank"},"geometry":{"type":"MultiPolygon","coordinates":[[[[77.63645,12.75813],[77.63666,12.75799],[77.63693,12.75686],[77.63686,12.75666],[77.63554,12.75596],[77.63528,12.75554],[77.63502,12.75553],[77.63437,12.75464],[77.63419,12.7543],[77.63408,12.75427],[77.6338,12.75429],[77.63373,12.75433],[77.63368,12.75442],[77.63372,12.7547],[77.63403,12.75582],[77.6341,12.75584],[77.63452,12.75572],[77.63467,12.7558],[77.63503,12.75619],[77.63564,12.75702],[77.63566,12.75709],[77.63558,12.7572],[77.63562,12.75728],[77.63624,12.75799],[77.63645,12.75813]]]]}},{"type":"Feature","properties":{"id":"lake-337","name":"Mapped lake/tank"},"geometry":{"type":"MultiPolygon","coordinates":[[[[77.64459,12.75925],[77.64456,12.75916],[77.64443,12.75912],[77.64407,12.75915],[77.6429,12.75913],[77.64265,12.75918],[77.64262,12.75926],[77.64268,12.75963],[77.64256,12.75995],[77.64258,12.76018],[77.64249,12.76025],[77.64225,12.76025],[77.64216,12.76032],[77.64212,12.76067],[77.64201,12.76077],[77.64185,12.76078],[77.64187,12.76098],[77.64183,12.76102],[77.64165,12.76102],[77.64143,12.76093],[77.64139,12.76082],[77.64141,12.76078],[77.64123,12.76085],[77.64117,12.76105],[77.6412,12.76122],[77.64127,12.7613],[77.64152,12.76137],[77.64174,12.76161],[77.64245,12.76191],[77.64267,12.76198],[77.64314,12.76204],[77.64415,12.7625],[77.6445,12.76258],[77.64451,12.76249],[77.64448,12.76245],[77.64399,12.76221],[77.64369,12.76193],[77.64363,12.76181],[77.64363,12.76152],[77.64367,12.76112],[77.64437,12.75961],[77.64459,12.75925]]]]}},{"type":"Feature","properties":{"id":"lake-338","name":"Mapped lake/tank"},"geometry":{"type":"MultiPolygon","coordinates":[[[[77.64035,12.76444],[77.64002,12.76467],[77.63988,12.76468],[77.63973,12.76457],[77.63927,12.76403],[77.63877,12.76375],[77.63847,12.76343],[77.63823,12.76295],[77.63813,12.76239],[77.63806,12.7622],[77.63797,12.76211],[77.63779,12.76213],[77.63795,12.76305],[77.63815,12.76372],[77.63817,12.76419],[77.63816,12.76499],[77.63765,12.76557],[77.63756,12.76572],[77.63761,12.76589],[77.63789,12.76619],[77.63822,12.76631],[77.63845,12.76647],[77.63858,12.76641],[77.639,12.76601],[77.63998,12.76524],[77.64048,12.76474],[77.64053,12.76464],[77.64051,12.76456],[77.64046,12.76448],[77.64035,12.76444]]]]}},{"type":"Feature","properties":{"id":"lake-339","name":"Mapped lake/tank"},"geometry":{"type":"MultiPolygon","coordinates":[[[[77.67109,12.78474],[77.66981,12.78427],[77.66962,12.78411],[77.6693,12.78351],[77.66941,12.78261],[77.66934,12.78207],[77.66937,12.78159],[77.66946,12.78103],[77.66962,12.78034],[77.66926,12.7804],[77.66848,12.78039],[77.66727,12.77975],[77.66606,12.7786],[77.66492,12.77767],[77.66303,12.77685],[77.66174,12.77641],[77.66143,12.77642],[77.66128,12.77656],[77.66097,12.77742],[77.66025,12.7781],[77.66015,12.77833],[77.66005,12.77842],[77.65956,12.77879],[77.65925,12.77896],[77.65907,12.77913],[77.65889,12.77922],[77.65862,12.77919],[77.65839,12.77924],[77.6583,12.77934],[77.65814,12.77985],[77.65645,12.7806],[77.65624,12.77971],[77.65477,12.77991],[77.65392,12.77971],[77.65361,12.77951],[77.65358,12.77936],[77.65383,12.779],[77.65373,12.77832],[77.65401,12.77805],[77.65398,12.77715],[77.6546,12.77727],[77.65488,12.77689],[77.6553,12.77687],[77.65579,12.77698],[77.65657,12.77729],[77.65728,12.77745],[77.65732,12.77748],[77.65732,12.77764],[77.65681,12.77821],[77.6569,12.77841],[77.65753,12.77887],[77.65772,12.77895],[77.65809,12.77902],[77.65829,12.77898],[77.65835,12.77889],[77.6585,12.77817],[77.65864,12.77797],[77.65898,12.77779],[77.65929,12.77736],[77.65935,12.77716],[77.65859,12.77703],[77.6585,12.77696],[77.65836,12.77643],[77.65828,12.77629],[77.65809,12.7762],[77.65767,12.77621],[77.65751,12.77616],[77.65712,12.77597],[77.657,12.77563],[77.65689,12.7755],[77.65671,12.77545],[77.65639,12.77552],[77.65622,12.77551],[77.65613,12.77542],[77.65609,12.77492],[77.65596,12.77468],[77.6555,12.77444],[77.65525,12.77423],[77.65513,12.7739],[77.65513,12.77334],[77.65519,12.77315],[77.65506,12.77288],[77.65484,12.7728],[77.65455,12.77285],[77.65442,12.77295],[77.65433,12.77314],[77.65417,12.77323],[77.65387,12.77334],[77.65336,12.77342],[77.65339,12.77392],[77.65326,12.7746],[77.6531,12.77518],[77.65318,12.77588],[77.65264,12.77737],[77.65312,12.77749],[77.65311,12.77808],[77.6528,12.7789],[77.65252,12.77929],[77.6523,12.7793],[77.65203,12.77923],[77.65192,12.77959],[77.6519,12.78034],[77.65197,12.78074],[77.65436,12.78257],[77.65484,12.78282],[77.65501,12.78281],[77.65541,12.7824],[77.65591,12.78171],[77.65622,12.78116],[77.65641,12.78073],[77.65803,12.78018],[77.65818,12.78016],[77.65827,12.78021],[77.65951,12.77968],[77.65972,12.77955],[77.66025,12.77949],[77.66086,12.77956],[77.6609,12.77959],[77.66088,12.77974],[77.66091,12.77984],[77.66113,12.77989],[77.66118,12.78004],[77.66158,12.77994],[77.66163,12.77973],[77.66169,12.77966],[77.66181,12.77964],[77.66191,12.77969],[77.66204,12.7799],[77.66225,12.78004],[77.66253,12.78012],[77.66274,12.78029],[77.66321,12.7809],[77.66379,12.78124],[77.66441,12.78176],[77.66485,12.78263],[77.66508,12.78291],[77.66545,12.78374],[77.66596,12.78433],[77.66618,12.78479],[77.66622,12.78473],[77.66681,12.78461],[77.66688,12.78415],[77.66751,12.78414],[77.66762,12.78417],[77.66771,12.78445],[77.66784,12.78456],[77.66838,12.78453],[77.66908,12.7846],[77.66933,12.78478],[77.66997,12.78492],[77.67034,12.7851],[77.6711,12.78538],[77.67109,12.78474]]]]}},{"type":"Feature","properties":{"id":"lake-340","name":"Mapped lake/tank"},"geometry":{"type":"MultiPolygon","coordinates":[[[[77.62667,12.758],[77.62647,12.75747],[77.62625,12.75747],[77.6261,12.75754],[77.62612,12.7578],[77.62633,12.7581],[77.62641,12.75813],[77.62667,12.758]]]]}},{"type":"Feature","properties":{"id":"lake-341","name":"Mapped lake/tank"},"geometry":{"type":"MultiPolygon","coordinates":[[[[77.71648,12.75833],[77.71662,12.75786],[77.71657,12.7573],[77.7166,12.75696],[77.71669,12.75665],[77.71681,12.75649],[77.71676,12.75145],[77.71624,12.75154],[77.7159,12.75152],[77.71498,12.7514],[77.71405,12.75117],[77.71367,12.75122],[77.71349,12.75117],[77.71275,12.75133],[77.71248,12.75127],[77.71227,12.75194],[77.71211,12.752],[77.71168,12.75192],[77.7115,12.75195],[77.71135,12.75205],[77.71122,12.75243],[77.71133,12.75296],[77.71155,12.75338],[77.71175,12.75364],[77.71174,12.75385],[77.71159,12.75402],[77.71161,12.75409],[77.71171,12.75423],[77.71198,12.75445],[77.71235,12.75461],[77.71239,12.75467],[77.71241,12.75477],[77.7123,12.75497],[77.71226,12.75525],[77.71287,12.75646],[77.71319,12.75643],[77.71377,12.7562],[77.71402,12.75615],[77.71415,12.75607],[77.71433,12.75585],[77.71447,12.75581],[77.71494,12.7559],[77.71577,12.75628],[77.71594,12.75641],[77.71623,12.75703],[77.71628,12.75747],[77.7162,12.75788],[77.71629,12.7581],[77.71636,12.75865],[77.71648,12.75833]]]]}},{"type":"Feature","properties":{"id":"lake-342","name":"Mapped lake/tank"},"geometry":{"type":"MultiPolygon","coordinates":[[[[77.73635,12.82755],[77.73624,12.82742],[77.73429,12.8259],[77.73394,12.82543],[77.73349,12.82495],[77.7332,12.82442],[77.7331,12.82412],[77.73277,12.82351],[77.73265,12.82318],[77.73241,12.82287],[77.73235,12.82252],[77.73236,12.82134],[77.73221,12.82081],[77.73221,12.82063],[77.73233,12.82052],[77.7331,12.82056],[77.73325,12.82043],[77.73326,12.82006],[77.73321,12.81992],[77.7328,12.81959],[77.73257,12.8195],[77.7325,12.81952],[77.73243,12.81965],[77.7322,12.81955],[77.73194,12.81961],[77.73155,12.81957],[77.73063,12.81905],[77.73054,12.81895],[77.72656,12.81732],[77.72612,12.81704],[77.72563,12.81664],[77.72537,12.81629],[77.72505,12.81572],[77.72428,12.81502],[77.72407,12.81494],[77.72387,12.81489],[77.72345,12.8149],[77.72321,12.81497],[77.72282,12.81531],[77.72225,12.81568],[77.72209,12.81586],[77.72196,12.81588],[77.72115,12.81561],[77.72072,12.81574],[77.72033,12.8158],[77.72002,12.81578],[77.71971,12.81566],[77.71935,12.81561],[77.71885,12.81563],[77.71852,12.81568],[77.71838,12.81588],[77.71843,12.81626],[77.71839,12.81665],[77.71842,12.81673],[77.71873,12.81696],[77.71888,12.81743],[77.71897,12.81761],[77.71903,12.81766],[77.71992,12.8178],[77.72041,12.81795],[77.72048,12.818],[77.72051,12.81817],[77.72042,12.81846],[77.72054,12.81862],[77.72163,12.81919],[77.72209,12.81928],[77.7223,12.81962],[77.72272,12.81955],[77.72286,12.81948],[77.72308,12.81934],[77.72324,12.81929],[77.7238,12.81892],[77.72417,12.81902],[77.72426,12.81918],[77.72401,12.81999],[77.72407,12.82022],[77.72427,12.82044],[77.72466,12.82062],[77.72553,12.82124],[77.72582,12.82173],[77.7259,12.82204],[77.72587,12.82258],[77.72573,12.82314],[77.72547,12.82336],[77.72542,12.82345],[77.72531,12.82389],[77.72515,12.82408],[77.72509,12.82454],[77.72499,12.82465],[77.72476,12.82475],[77.72537,12.82519],[77.72634,12.82549],[77.72732,12.82552],[77.72739,12.82536],[77.72729,12.82502],[77.72729,12.82475],[77.72737,12.82469],[77.72751,12.82467],[77.72773,12.82479],[77.72785,12.82515],[77.72819,12.82572],[77.72834,12.82588],[77.72849,12.82589],[77.72981,12.82544],[77.73105,12.82548],[77.73161,12.82558],[77.73247,12.82584],[77.73293,12.82618],[77.7338,12.82701],[77.73375,12.82724],[77.73357,12.82733],[77.7344,12.82772],[77.7349,12.82801],[77.73563,12.82831],[77.73581,12.82841],[77.736,12.82862],[77.73647,12.82937],[77.73671,12.82992],[77.7367,12.83022],[77.73661,12.83046],[77.73673,12.83079],[77.73749,12.83078],[77.7382,12.83025],[77.73826,12.83014],[77.73823,12.82989],[77.73795,12.82895],[77.73766,12.82846],[77.73721,12.82811],[77.73669,12.82784],[77.73635,12.82755]]]]}},{"type":"Feature","properties":{"id":"lake-343","name":"Mapped lake/tank"},"geometry":{"type":"MultiPolygon","coordinates":[[[[77.67109,12.78474],[77.6711,12.78538],[77.67178,12.78556],[77.67192,12.78563],[77.67246,12.78598],[77.6727,12.78619],[77.67275,12.78628],[77.67308,12.78628],[77.67304,12.78598],[77.67276,12.78565],[77.67191,12.78508],[77.67109,12.78474]]]]}},{"type":"Feature","properties":{"id":"lake-344","name":"Mapped lake/tank"},"geometry":{"type":"MultiPolygon","coordinates":[[[[77.60841,12.75661],[77.6081,12.75652],[77.60804,12.75672],[77.60836,12.7568],[77.60841,12.75661]]]]}},{"type":"Feature","properties":{"id":"lake-345","name":"Mapped lake/tank"},"geometry":{"type":"MultiPolygon","coordinates":[[[[77.60761,12.75963],[77.60751,12.75963],[77.60737,12.75975],[77.60734,12.7599],[77.60742,12.76006],[77.60752,12.76005],[77.60761,12.75997],[77.60765,12.75975],[77.60761,12.75963]]]]}},{"type":"Feature","properties":{"id":"lake-346","name":"Mapped lake/tank"},"geometry":{"type":"MultiPolygon","coordinates":[[[[77.60938,12.75268],[77.60925,12.75273],[77.60924,12.75278],[77.60938,12.75322],[77.60956,12.75323],[77.60959,12.75299],[77.60943,12.7527],[77.60938,12.75268]]]]}},{"type":"Feature","properties":{"id":"lake-347","name":"Mapped lake/tank"},"geometry":{"type":"MultiPolygon","coordinates":[[[[77.61476,12.76647],[77.6146,12.76636],[77.61436,12.76627],[77.61409,12.76601],[77.61425,12.76661],[77.61446,12.76658],[77.61476,12.76647]]]]}},{"type":"Feature","properties":{"id":"lake-348","name":"Mapped lake/tank"},"geometry":{"type":"MultiPolygon","coordinates":[[[[77.61527,12.76612],[77.61529,12.76587],[77.61546,12.76533],[77.61545,12.76508],[77.61569,12.76498],[77.61535,12.76465],[77.61464,12.76475],[77.61434,12.76471],[77.61403,12.76459],[77.61392,12.76477],[77.61392,12.76491],[77.61411,12.76529],[77.61405,12.76582],[77.61412,12.766],[77.61438,12.76625],[77.61461,12.76633],[77.61479,12.76646],[77.61494,12.76641],[77.61511,12.76617],[77.61527,12.76612]]]]}},{"type":"Feature","properties":{"id":"lake-349","name":"Mapped lake/tank"},"geometry":{"type":"MultiPolygon","coordinates":[[[[77.62237,12.77464],[77.62193,12.77428],[77.62175,12.77402],[77.62161,12.77342],[77.62166,12.77315],[77.62236,12.77253],[77.62243,12.77238],[77.62244,12.77222],[77.62218,12.77226],[77.62074,12.77299],[77.61991,12.77335],[77.61999,12.77457],[77.62126,12.77461],[77.62163,12.77483],[77.62204,12.77495],[77.62236,12.775],[77.62254,12.77493],[77.6226,12.77483],[77.62256,12.77475],[77.62237,12.77464]]]]}},{"type":"Feature","properties":{"id":"lake-350","name":"Mapped lake/tank"},"geometry":{"type":"MultiPolygon","coordinates":[[[[77.62145,12.74575],[77.62151,12.7457],[77.62148,12.74555],[77.62138,12.7455],[77.62104,12.74514],[77.62094,12.74517],[77.62083,12.74544],[77.62086,12.74563],[77.62092,12.74574],[77.62109,12.7458],[77.62145,12.74575]]]]}},{"type":"Feature","properties":{"id":"lake-351","name":"Mapped lake/tank"},"geometry":{"type":"MultiPolygon","coordinates":[[[[77.61785,12.75417],[77.61763,12.75401],[77.61752,12.75403],[77.61748,12.75407],[77.61688,12.75498],[77.61686,12.75508],[77.61691,12.75517],[77.61701,12.75521],[77.6171,12.75516],[77.61716,12.75504],[77.61767,12.75469],[77.61783,12.75439],[77.61785,12.75417]]]]}},{"type":"Feature","properties":{"id":"lake-352","name":"Mapped lake/tank"},"geometry":{"type":"MultiPolygon","coordinates":[[[[77.62258,12.7605],[77.62225,12.76],[77.62223,12.75975],[77.62227,12.75948],[77.62256,12.75921],[77.62264,12.759],[77.62225,12.75899],[77.62216,12.75903],[77.62211,12.75927],[77.62168,12.75957],[77.62128,12.76002],[77.62138,12.76064],[77.62146,12.76072],[77.62161,12.76073],[77.62172,12.76068],[77.62197,12.76044],[77.6221,12.76045],[77.62231,12.76054],[77.62256,12.76055],[77.62258,12.7605]]]]}},{"type":"Feature","properties":{"id":"lake-353","name":"Mapped lake/tank"},"geometry":{"type":"MultiPolygon","coordinates":[[[[77.62285,12.78527],[77.6229,12.78466],[77.623,12.78422],[77.62327,12.7836],[77.62344,12.78355],[77.62407,12.78365],[77.62422,12.78378],[77.6245,12.783],[77.62424,12.78292],[77.62367,12.78287],[77.62332,12.7829],[77.62325,12.78297],[77.62294,12.78294],[77.62247,12.78313],[77.62209,12.78313],[77.62162,12.78323],[77.62159,12.78336],[77.62134,12.78343],[77.62133,12.78388],[77.62139,12.78403],[77.62149,12.7841],[77.62189,12.78423],[77.62207,12.78439],[77.62218,12.78455],[77.62257,12.78538],[77.62265,12.78541],[77.62285,12.78527]]]]}},{"type":"Feature","properties":{"id":"lake-354","name":"Mapped lake/tank"},"geometry":{"type":"MultiPolygon","coordinates":[[[[77.61225,12.76169],[77.61218,12.76085],[77.61223,12.76056],[77.61237,12.76041],[77.61307,12.76009],[77.61308,12.75998],[77.61302,12.75994],[77.61275,12.75991],[77.61239,12.75993],[77.61172,12.76024],[77.61155,12.76028],[77.61148,12.76025],[77.61143,12.76016],[77.61143,12.75972],[77.6113,12.75967],[77.61109,12.7597],[77.61091,12.75986],[77.61059,12.76036],[77.61041,12.76092],[77.61041,12.76103],[77.61047,12.76115],[77.61082,12.76142],[77.61151,12.76155],[77.61188,12.76155],[77.61216,12.76169],[77.61225,12.76169]]]]}},{"type":"Feature","properties":{"id":"lake-355","name":"Mapped lake/tank"},"geometry":{"type":"MultiPolygon","coordinates":[[[[77.61162,12.75059],[77.6116,12.75045],[77.61115,12.7501],[77.61099,12.74926],[77.6109,12.74917],[77.61081,12.74917],[77.61077,12.7493],[77.61065,12.74933],[77.61062,12.74938],[77.61076,12.75073],[77.61081,12.75084],[77.61098,12.75091],[77.61112,12.75089],[77.61162,12.75059]]]]}},{"type":"Feature","properties":{"id":"lake-356","name":"Mapped lake/tank"},"geometry":{"type":"MultiPolygon","coordinates":[[[[77.60511,12.7818],[77.60517,12.78177],[77.6052,12.78169],[77.60509,12.78112],[77.60508,12.78069],[77.60512,12.78062],[77.60498,12.78053],[77.60484,12.78054],[77.60465,12.78066],[77.6047,12.78094],[77.60493,12.78172],[77.605,12.78181],[77.60511,12.7818]]]]}},{"type":"Feature","properties":{"id":"lake-357","name":"Mapped lake/tank"},"geometry":{"type":"MultiPolygon","coordinates":[[[[77.604,12.76161],[77.60381,12.76181],[77.60382,12.76203],[77.6041,12.76219],[77.60415,12.76239],[77.60423,12.76247],[77.60439,12.76254],[77.60454,12.76253],[77.60464,12.76243],[77.60471,12.76218],[77.60482,12.76205],[77.6048,12.76186],[77.60464,12.7618],[77.6045,12.76163],[77.6044,12.76158],[77.60419,12.76154],[77.604,12.76161]]]]}},{"type":"Feature","properties":{"id":"lake-358","name":"Mapped lake/tank"},"geometry":{"type":"MultiPolygon","coordinates":[[[[77.68912,12.75382],[77.68924,12.75337],[77.68926,12.75314],[77.68945,12.75269],[77.68965,12.75264],[77.68985,12.75265],[77.6899,12.75273],[77.68988,12.75295],[77.69029,12.75278],[77.69097,12.75222],[77.69108,12.75205],[77.69115,12.75178],[77.69074,12.75181],[77.68991,12.75167],[77.68954,12.75157],[77.68881,12.75127],[77.68832,12.75115],[77.68828,12.75117],[77.68817,12.75136],[77.68801,12.75153],[77.68783,12.75226],[77.68772,12.75252],[77.68767,12.75286],[77.6878,12.75298],[77.68805,12.75296],[77.68823,12.75389],[77.68837,12.75419],[77.68861,12.75427],[77.68887,12.75428],[77.68901,12.7541],[77.68912,12.75382]]]]}},{"type":"Feature","properties":{"id":"lake-359","name":"Mapped lake/tank"},"geometry":{"type":"MultiPolygon","coordinates":[[[[77.69366,12.77036],[77.69363,12.77029],[77.69346,12.77035],[77.69331,12.77033],[77.69324,12.77007],[77.69273,12.76941],[77.69213,12.76878],[77.69182,12.7681],[77.69145,12.7681],[77.69137,12.76815],[77.69128,12.76832],[77.6907,12.76845],[77.69063,12.76831],[77.69039,12.76826],[77.69041,12.76857],[77.69056,12.76908],[77.69065,12.77],[77.69058,12.77004],[77.69057,12.7701],[77.69082,12.77098],[77.6908,12.77113],[77.69067,12.77122],[77.69066,12.77132],[77.69084,12.77121],[77.69366,12.77036]]]]}},{"type":"Feature","properties":{"id":"lake-360","name":"Mapped lake/tank"},"geometry":{"type":"MultiPolygon","coordinates":[[[[77.69888,12.75297],[77.69891,12.75291],[77.69875,12.75256],[77.69828,12.75228],[77.69822,12.7522],[77.69817,12.75182],[77.69802,12.75151],[77.69787,12.75137],[77.69763,12.75129],[77.69751,12.7512],[77.69731,12.7507],[77.69721,12.75069],[77.69719,12.75072],[77.69732,12.75118],[77.69737,12.75157],[77.69723,12.75231],[77.69718,12.75287],[77.69733,12.75287],[77.69745,12.753],[77.69755,12.75302],[77.69856,12.75289],[77.69888,12.75297]]]]}},{"type":"Feature","properties":{"id":"lake-361","name":"Mapped lake/tank"},"geometry":{"type":"MultiPolygon","coordinates":[[[[77.70878,12.76136],[77.70877,12.76133],[77.70899,12.76104],[77.70918,12.76094],[77.70953,12.76086],[77.70966,12.76087],[77.70986,12.76098],[77.71014,12.76094],[77.71035,12.76097],[77.7084,12.75995],[77.70814,12.75974],[77.70794,12.75951],[77.70783,12.75911],[77.70761,12.75901],[77.70774,12.75944],[77.70766,12.75979],[77.7071,12.76062],[77.70689,12.76102],[77.70675,12.76144],[77.70682,12.76159],[77.70676,12.76181],[77.70721,12.76177],[77.70759,12.76158],[77.70811,12.76146],[77.70839,12.76149],[77.70878,12.76136]]]]}},{"type":"Feature","properties":{"id":"lake-362","name":"Mapped lake/tank"},"geometry":{"type":"MultiPolygon","coordinates":[[[[77.68471,12.74403],[77.68474,12.74396],[77.6847,12.74389],[77.68423,12.74366],[77.68415,12.74355],[77.68403,12.74298],[77.68391,12.74169],[77.68382,12.74154],[77.68362,12.7415],[77.6833,12.74176],[77.68318,12.7418],[77.68301,12.74212],[77.68257,12.74348],[77.68303,12.74356],[77.68292,12.74437],[77.68342,12.74448],[77.68414,12.74427],[77.68471,12.74403]]]]}},{"type":"Feature","properties":{"id":"lake-363","name":"Mapped lake/tank"},"geometry":{"type":"MultiPolygon","coordinates":[[[[77.67596,12.75224],[77.6759,12.75219],[77.67508,12.75202],[77.67499,12.75205],[77.67468,12.75271],[77.67425,12.75323],[77.67392,12.75375],[77.6737,12.75389],[77.67367,12.75402],[77.67374,12.75419],[77.67419,12.75423],[77.67431,12.75432],[77.67464,12.75412],[77.67518,12.75403],[77.67539,12.75403],[77.67554,12.75413],[77.676,12.75467],[77.67617,12.75512],[77.67621,12.75511],[77.67628,12.75487],[77.67627,12.75462],[77.67619,12.75438],[77.67582,12.75388],[77.6758,12.75355],[77.67591,12.75336],[77.67588,12.75297],[77.67596,12.75224]]]]}},{"type":"Feature","properties":{"id":"lake-364","name":"Mapped lake/tank"},"geometry":{"type":"MultiPolygon","coordinates":[[[[77.69686,12.77841],[77.69732,12.77839],[77.69735,12.77833],[77.69712,12.77745],[77.69704,12.77742],[77.69645,12.77744],[77.69612,12.77726],[77.69577,12.77719],[77.69565,12.77706],[77.69547,12.77707],[77.69507,12.77677],[77.69502,12.77678],[77.69482,12.77733],[77.69495,12.77773],[77.69496,12.77787],[77.69482,12.77837],[77.69483,12.77853],[77.69488,12.77868],[77.69502,12.77885],[77.6952,12.77901],[77.6959,12.7786],[77.69686,12.77841]]]]}},{"type":"Feature","properties":{"id":"lake-365","name":"Mapped lake/tank"},"geometry":{"type":"MultiPolygon","coordinates":[[[[77.7031,12.76696],[77.7032,12.76728],[77.70336,12.76742],[77.70346,12.76742],[77.70364,12.76708],[77.7036,12.76693],[77.70331,12.7668],[77.70313,12.76688],[77.7031,12.76696]]]]}},{"type":"Feature","properties":{"id":"lake-366","name":"Mapped lake/tank"},"geometry":{"type":"MultiPolygon","coordinates":[[[[77.69918,12.74235],[77.69917,12.74214],[77.69864,12.74101],[77.69827,12.74099],[77.69826,12.74119],[77.69894,12.74238],[77.69918,12.74235]]]]}},{"type":"Feature","properties":{"id":"lake-367","name":"Mapped lake/tank"},"geometry":{"type":"MultiPolygon","coordinates":[[[[77.70231,12.7514],[77.7025,12.75132],[77.70234,12.75089],[77.70229,12.75056],[77.70221,12.74895],[77.7021,12.7485],[77.70224,12.74825],[77.7029,12.74765],[77.70327,12.74738],[77.70338,12.74711],[77.70331,12.747],[77.70313,12.74691],[77.70284,12.74692],[77.70236,12.7467],[77.70161,12.74653],[77.70102,12.74645],[77.70092,12.74638],[77.70091,12.7462],[77.70086,12.74611],[77.70053,12.74595],[77.70049,12.74576],[77.70003,12.74582],[77.69996,12.74565],[77.69862,12.74613],[77.69832,12.7463],[77.69783,12.74639],[77.69782,12.74645],[77.69936,12.74929],[77.69958,12.74934],[77.69976,12.74925],[77.69995,12.74923],[77.70001,12.74926],[77.70001,12.74949],[77.70059,12.74957],[77.70072,12.74975],[77.70077,12.75043],[77.70082,12.75049],[77.70134,12.75061],[77.70171,12.75095],[77.70182,12.75111],[77.70216,12.75126],[77.70218,12.7514],[77.70231,12.7514]]]]}},{"type":"Feature","properties":{"id":"lake-368","name":"Mapped lake/tank"},"geometry":{"type":"MultiPolygon","coordinates":[[[[77.71852,12.7917],[77.71841,12.79154],[77.71843,12.79144],[77.71872,12.79133],[77.71893,12.79114],[77.71866,12.79079],[77.71827,12.79067],[77.71787,12.79065],[77.71755,12.79073],[77.71718,12.79091],[77.7172,12.79227],[77.71852,12.7917]]]]}},{"type":"Feature","properties":{"id":"lake-369","name":"Mapped lake/tank"},"geometry":{"type":"MultiPolygon","coordinates":[[[[77.66317,12.78087],[77.66273,12.78032],[77.66251,12.78014],[77.66223,12.78005],[77.66202,12.77991],[77.66183,12.77967],[77.66167,12.77972],[77.66157,12.77997],[77.6612,12.78006],[77.66131,12.78028],[77.66152,12.78047],[77.6622,12.78069],[77.66274,12.78108],[77.66289,12.78086],[77.66317,12.78087]]]]}},{"type":"Feature","properties":{"id":"lake-370","name":"Mapped lake/tank"},"geometry":{"type":"MultiPolygon","coordinates":[[[[77.62627,12.75649],[77.62629,12.75581],[77.62612,12.75528],[77.62599,12.75539],[77.62571,12.75581],[77.62571,12.7559],[77.62588,12.75647],[77.62598,12.75653],[77.62627,12.75649]]]]}},{"type":"Feature","properties":{"id":"lake-371","name":"Mapped lake/tank"},"geometry":{"type":"MultiPolygon","coordinates":[[[[77.65535,12.74298],[77.65509,12.74304],[77.65519,12.74363],[77.65508,12.74403],[77.65501,12.74405],[77.65504,12.74434],[77.65511,12.74443],[77.65525,12.74422],[77.65533,12.74401],[77.6554,12.74337],[77.65535,12.74298]]]]}},{"type":"Feature","properties":{"id":"lake-372","name":"Mapped lake/tank"},"geometry":{"type":"MultiPolygon","coordinates":[[[[77.63419,12.77079],[77.63486,12.77054],[77.63491,12.77043],[77.63449,12.77026],[77.6344,12.7703],[77.63415,12.77019],[77.63386,12.7699],[77.63363,12.76956],[77.63342,12.76878],[77.63351,12.76831],[77.63371,12.76781],[77.63365,12.76762],[77.63355,12.76758],[77.63338,12.76766],[77.63321,12.76783],[77.63318,12.76819],[77.63281,12.76895],[77.63181,12.77019],[77.63126,12.7707],[77.63208,12.77171],[77.63309,12.77134],[77.63408,12.77075],[77.63419,12.77079]]]]}},{"type":"Feature","properties":{"id":"lake-373","name":"Mapped lake/tank"},"geometry":{"type":"MultiPolygon","coordinates":[[[[77.63098,12.77263],[77.63084,12.7722],[77.63205,12.77179],[77.63175,12.77134],[77.63123,12.77073],[77.63087,12.77126],[77.63057,12.77155],[77.63023,12.77175],[77.62971,12.77189],[77.62976,12.77207],[77.63014,12.77253],[77.63026,12.77282],[77.63036,12.77287],[77.63063,12.7727],[77.63096,12.77259],[77.63098,12.77263]]]]}},{"type":"Feature","properties":{"id":"lake-374","name":"Mapped lake/tank"},"geometry":{"type":"MultiPolygon","coordinates":[[[[77.65881,12.77216],[77.65847,12.77211],[77.65783,12.77189],[77.65698,12.77185],[77.65678,12.77185],[77.65618,12.77205],[77.65569,12.77209],[77.65519,12.77186],[77.65452,12.77176],[77.65404,12.77176],[77.65379,12.77172],[77.6537,12.77173],[77.65365,12.77181],[77.65365,12.77261],[77.6537,12.7728],[77.65379,12.77287],[77.65392,12.7729],[77.65402,12.77306],[77.65386,12.77331],[77.65429,12.77313],[77.65441,12.77291],[77.65448,12.77285],[77.65485,12.77276],[77.65509,12.77286],[77.65519,12.77312],[77.65559,12.77303],[77.65602,12.77324],[77.65677,12.77326],[77.65822,12.77301],[77.65852,12.77265],[77.65863,12.77238],[77.65876,12.77226],[77.65881,12.77216]]]]}},{"type":"Feature","properties":{"id":"lake-375","name":"Mapped lake/tank"},"geometry":{"type":"MultiPolygon","coordinates":[[[[77.66614,12.78488],[77.66615,12.78481],[77.66602,12.7845],[77.66592,12.78434],[77.66544,12.78381],[77.66505,12.78295],[77.66481,12.78265],[77.66437,12.78177],[77.66367,12.78119],[77.66309,12.78088],[77.66291,12.78089],[77.66276,12.7811],[77.66347,12.78183],[77.66361,12.7819],[77.66362,12.782],[77.66412,12.7827],[77.66443,12.78331],[77.66452,12.78381],[77.66452,12.78512],[77.66513,12.78516],[77.66541,12.78514],[77.66614,12.78488]]]]}},{"type":"Feature","properties":{"id":"lake-376","name":"Mapped lake/tank"},"geometry":{"type":"MultiPolygon","coordinates":[[[[77.65264,12.77737],[77.65203,12.77923],[77.6523,12.7793],[77.65252,12.77929],[77.6528,12.7789],[77.65311,12.77808],[77.65312,12.77749],[77.65264,12.77737]]]]}},{"type":"Feature","properties":{"id":"lake-377","name":"Mapped lake/tank"},"geometry":{"type":"MultiPolygon","coordinates":[[[[77.66962,12.78034],[77.66974,12.7799],[77.66988,12.77975],[77.67001,12.77972],[77.67031,12.77972],[77.67067,12.7798],[77.67084,12.77967],[77.67077,12.77931],[77.67055,12.77922],[77.67024,12.77926],[77.66979,12.77919],[77.66923,12.77941],[77.66904,12.77942],[77.66877,12.77934],[77.66837,12.77909],[77.66802,12.77878],[77.66676,12.77739],[77.66606,12.77652],[77.66557,12.77571],[77.66477,12.77496],[77.66459,12.7747],[77.6641,12.77452],[77.66338,12.77414],[77.66257,12.77389],[77.66185,12.77355],[77.66137,12.77344],[77.66011,12.77274],[77.65941,12.77246],[77.65902,12.77222],[77.65884,12.77216],[77.65879,12.77228],[77.65865,12.77239],[77.65854,12.77267],[77.65823,12.77304],[77.65788,12.77313],[77.65661,12.7733],[77.65599,12.77326],[77.65564,12.77306],[77.65519,12.77315],[77.65513,12.77334],[77.65513,12.7739],[77.65525,12.77423],[77.6555,12.77444],[77.65596,12.77468],[77.65609,12.77492],[77.65613,12.77542],[77.65622,12.77551],[77.65639,12.77552],[77.65671,12.77545],[77.65689,12.7755],[77.657,12.77563],[77.65712,12.77597],[77.65751,12.77616],[77.65767,12.77621],[77.65809,12.7762],[77.65828,12.77629],[77.65836,12.77643],[77.6585,12.77696],[77.65859,12.77703],[77.65935,12.77716],[77.65929,12.77736],[77.65898,12.77779],[77.65864,12.77797],[77.6585,12.77817],[77.65835,12.77889],[77.65829,12.77898],[77.65809,12.77902],[77.65772,12.77895],[77.65753,12.77887],[77.6569,12.77841],[77.65681,12.77821],[77.65732,12.77764],[77.65732,12.77748],[77.65728,12.77745],[77.65657,12.77729],[77.65579,12.77698],[77.6553,12.77687],[77.65488,12.77689],[77.6546,12.77727],[77.65398,12.77715],[77.65401,12.77805],[77.65373,12.77832],[77.65383,12.779],[77.65358,12.77936],[77.65361,12.77951],[77.65392,12.77971],[77.65477,12.77991],[77.65624,12.77971],[77.65645,12.7806],[77.65814,12.77985],[77.6583,12.77934],[77.65839,12.77924],[77.65862,12.77919],[77.65889,12.77922],[77.65907,12.77913],[77.65925,12.77896],[77.65956,12.77879],[77.66005,12.77842],[77.66015,12.77833],[77.66025,12.7781],[77.66097,12.77742],[77.66128,12.77656],[77.66143,12.77642],[77.66154,12.77639],[77.66174,12.77641],[77.66303,12.77685],[77.66492,12.77767],[77.66606,12.7786],[77.66727,12.77975],[77.66848,12.78039],[77.66926,12.7804],[77.66962,12.78034]]]]}},{"type":"Feature","properties":{"id":"lake-378","name":"Mapped lake/tank"},"geometry":{"type":"MultiPolygon","coordinates":[[[[77.71874,12.79057],[77.71856,12.79043],[77.71827,12.7903],[77.71812,12.79016],[77.71807,12.79022],[77.71814,12.79063],[77.71843,12.79066],[77.71874,12.79057]]]]}},{"type":"Feature","properties":{"id":"lake-379","name":"Mapped lake/tank"},"geometry":{"type":"MultiPolygon","coordinates":[[[[77.72383,12.80103],[77.72367,12.80012],[77.72407,12.79894],[77.72424,12.79868],[77.72441,12.79819],[77.72458,12.798],[77.72521,12.79762],[77.72561,12.79751],[77.72563,12.79731],[77.72547,12.79713],[77.72547,12.79701],[77.72551,12.79695],[77.7258,12.79687],[77.72589,12.79678],[77.72594,12.7964],[77.72618,12.79573],[77.72436,12.79549],[77.72425,12.79559],[77.72414,12.79595],[77.72376,12.79626],[77.72367,12.79618],[77.72365,12.79594],[77.72351,12.79581],[77.72315,12.79592],[77.72259,12.79582],[77.72173,12.79593],[77.72165,12.79588],[77.72158,12.79551],[77.72117,12.7956],[77.72079,12.79561],[77.72077,12.79569],[77.72087,12.79627],[77.72112,12.79705],[77.72099,12.79822],[77.72091,12.79835],[77.72055,12.79872],[77.72031,12.79946],[77.72017,12.79958],[77.71981,12.79961],[77.71958,12.80017],[77.71902,12.80068],[77.71885,12.80075],[77.7188,12.80088],[77.71895,12.80101],[77.71909,12.80106],[77.71947,12.80085],[77.71984,12.80054],[77.72035,12.79979],[77.72065,12.79947],[77.72083,12.79934],[77.72116,12.79931],[77.72301,12.79981],[77.72309,12.79987],[77.72316,12.8004],[77.72331,12.80101],[77.72331,12.80171],[77.72342,12.80176],[77.72366,12.80175],[77.72372,12.80171],[77.72373,12.80119],[77.72383,12.80103]]]]}},{"type":"Feature","properties":{"id":"lake-380","name":"Mapped lake/tank"},"geometry":{"type":"MultiPolygon","coordinates":[[[[77.7458,12.8009],[77.74592,12.80048],[77.74596,12.8001],[77.74594,12.79971],[77.74613,12.79893],[77.74622,12.79881],[77.74634,12.79874],[77.74693,12.79867],[77.747,12.7986],[77.747,12.79848],[77.74654,12.7984],[77.7461,12.79819],[77.74566,12.79808],[77.74534,12.79784],[77.7446,12.79744],[77.7443,12.79735],[77.74373,12.79729],[77.74368,12.79737],[77.7437,12.79768],[77.74363,12.79807],[77.74364,12.79845],[77.74361,12.79873],[77.74364,12.79884],[77.74372,12.79892],[77.74396,12.79902],[77.74417,12.79931],[77.74535,12.80041],[77.74569,12.80114],[77.74581,12.80111],[77.7458,12.8009]]]]}},{"type":"Feature","properties":{"id":"lake-381","name":"Mapped lake/tank"},"geometry":{"type":"MultiPolygon","coordinates":[[[[77.74045,12.79754],[77.74023,12.79762],[77.74024,12.79801],[77.74016,12.7983],[77.74007,12.79836],[77.73989,12.79836],[77.73985,12.7984],[77.7393,12.79963],[77.7393,12.79975],[77.73949,12.80008],[77.73961,12.8002],[77.73975,12.80027],[77.74044,12.80029],[77.74113,12.80062],[77.74134,12.80064],[77.74129,12.80037],[77.74118,12.80009],[77.74063,12.79895],[77.74045,12.79754]]]]}},{"type":"Feature","properties":{"id":"lake-382","name":"Mapped lake/tank"},"geometry":{"type":"MultiPolygon","coordinates":[[[[77.76086,12.8012],[77.76089,12.80117],[77.76081,12.80083],[77.76047,12.80092],[77.76013,12.80091],[77.75948,12.80066],[77.75882,12.80052],[77.75824,12.80048],[77.75718,12.80062],[77.75486,12.80067],[77.75489,12.80082],[77.75503,12.80106],[77.75532,12.80134],[77.75588,12.80203],[77.75659,12.8025],[77.75694,12.80286],[77.75734,12.80339],[77.75756,12.80338],[77.75762,12.80335],[77.75769,12.80321],[77.75773,12.80221],[77.75784,12.80191],[77.75808,12.80162],[77.7583,12.80151],[77.75851,12.80148],[77.75907,12.80162],[77.7599,12.80168],[77.7602,12.80156],[77.76056,12.80128],[77.76086,12.8012]]]]}},{"type":"Feature","properties":{"id":"lake-383","name":"Mapped lake/tank"},"geometry":{"type":"MultiPolygon","coordinates":[[[[77.74418,12.81129],[77.74408,12.81114],[77.74364,12.81094],[77.74345,12.81078],[77.74333,12.81051],[77.74328,12.81001],[77.74297,12.80941],[77.74239,12.80957],[77.74226,12.80932],[77.74215,12.80925],[77.74176,12.80921],[77.74148,12.80927],[77.7413,12.80925],[77.74106,12.80956],[77.74084,12.8102],[77.74093,12.81098],[77.74093,12.8114],[77.74087,12.81212],[77.74088,12.81272],[77.7408,12.81304],[77.74108,12.81308],[77.74128,12.813],[77.74162,12.81252],[77.74187,12.812],[77.74201,12.81183],[77.7422,12.81171],[77.74321,12.81144],[77.74401,12.81144],[77.74415,12.81138],[77.74418,12.81129]]]]}},{"type":"Feature","properties":{"id":"lake-384","name":"Mapped lake/tank"},"geometry":{"type":"MultiPolygon","coordinates":[[[[77.75943,12.82401],[77.75948,12.82384],[77.75921,12.82311],[77.75927,12.82281],[77.75929,12.8224],[77.75923,12.82207],[77.75929,12.82199],[77.75962,12.82184],[77.75964,12.82179],[77.75941,12.82184],[77.75914,12.82178],[77.75856,12.82204],[77.7584,12.82208],[77.75768,12.82215],[77.75679,12.82217],[77.75682,12.82226],[77.75745,12.82261],[77.7578,12.82264],[77.75791,12.82269],[77.75826,12.82304],[77.75842,12.82313],[77.75875,12.82351],[77.75886,12.8237],[77.75924,12.824],[77.75943,12.82401]]]]}},{"type":"Feature","properties":{"id":"lake-385","name":"Mapped lake/tank"},"geometry":{"type":"MultiPolygon","coordinates":[[[[77.70669,12.78088],[77.70666,12.78029],[77.70657,12.77968],[77.70562,12.77811],[77.70527,12.77785],[77.70506,12.77796],[77.70479,12.77826],[77.70418,12.77934],[77.7037,12.77971],[77.70319,12.7798],[77.70265,12.77981],[77.70242,12.77977],[77.70265,12.78017],[77.7035,12.78125],[77.70436,12.78072],[77.70514,12.78042],[77.70555,12.78046],[77.70669,12.78088]]]]}},{"type":"Feature","properties":{"id":"lake-386","name":"Mapped lake/tank"},"geometry":{"type":"MultiPolygon","coordinates":[[[[77.70442,12.78307],[77.70449,12.78286],[77.7046,12.78274],[77.70507,12.78244],[77.70659,12.78178],[77.70667,12.78166],[77.70671,12.78137],[77.70669,12.78088],[77.70555,12.78046],[77.70514,12.78042],[77.70436,12.78072],[77.7035,12.78125],[77.70387,12.78184],[77.70397,12.78212],[77.70396,12.78255],[77.70374,12.78326],[77.70428,12.78322],[77.70442,12.78307]]]]}},{"type":"Feature","properties":{"id":"lake-387","name":"Mapped lake/tank"},"geometry":{"type":"MultiPolygon","coordinates":[[[[77.69863,12.74098],[77.69855,12.74085],[77.69829,12.74085],[77.69828,12.74096],[77.69863,12.74098]]]]}},{"type":"Feature","properties":{"id":"lake-388","name":"Mapped lake/tank"},"geometry":{"type":"MultiPolygon","coordinates":[[[[77.69827,12.74085],[77.6981,12.74085],[77.69823,12.7411],[77.69827,12.74085]]]]}},{"type":"Feature","properties":{"id":"lake-389","name":"Mapped lake/tank"},"geometry":{"type":"MultiPolygon","coordinates":[[[[77.6934,12.74271],[77.69354,12.7422],[77.69373,12.74188],[77.69388,12.74172],[77.69401,12.74166],[77.69482,12.74153],[77.69548,12.74137],[77.69604,12.74114],[77.69654,12.74087],[77.69293,12.7409],[77.69321,12.74121],[77.6933,12.74138],[77.69333,12.74172],[77.69322,12.74199],[77.69324,12.74245],[77.69331,12.74269],[77.6934,12.74271]]]]}},{"type":"Feature","properties":{"id":"lake-390","name":"Mapped lake/tank"},"geometry":{"type":"MultiPolygon","coordinates":[[[[77.71841,12.80712],[77.71839,12.80647],[77.7185,12.80537],[77.71822,12.80524],[77.71805,12.80523],[77.71796,12.80531],[77.71762,12.80532],[77.71734,12.80528],[77.71735,12.80664],[77.71786,12.80684],[77.7183,12.80726],[77.71853,12.80736],[77.71841,12.80712]]]]}},{"type":"Feature","properties":{"id":"lake-391","name":"Mapped lake/tank"},"geometry":{"type":"MultiPolygon","coordinates":[[[[77.71869,12.81565],[77.71849,12.81509],[77.71825,12.81494],[77.71812,12.81475],[77.71806,12.81427],[77.71786,12.81452],[77.71779,12.81472],[77.71769,12.81482],[77.71771,12.81529],[77.71757,12.81545],[77.71764,12.81591],[77.71803,12.81601],[77.71802,12.81588],[77.71809,12.81579],[77.71819,12.81577],[77.71826,12.81579],[77.71838,12.81605],[77.71838,12.81588],[77.71852,12.81568],[77.71869,12.81565]]]]}},{"type":"Feature","properties":{"id":"lake-392","name":"Mapped lake/tank"},"geometry":{"type":"MultiPolygon","coordinates":[[[[77.72458,12.81528],[77.72466,12.81494],[77.72383,12.81468],[77.72379,12.81479],[77.7238,12.81464],[77.72309,12.81438],[77.72297,12.8144],[77.72281,12.81493],[77.72169,12.81466],[77.72165,12.81481],[77.72138,12.81482],[77.72062,12.81455],[77.72059,12.81441],[77.72069,12.81367],[77.72031,12.81358],[77.71971,12.81335],[77.71957,12.81288],[77.71935,12.81277],[77.71938,12.81266],[77.71897,12.8125],[77.71895,12.81218],[77.71871,12.81215],[77.71848,12.81207],[77.7183,12.81233],[77.71752,12.81213],[77.71752,12.81236],[77.71768,12.8126],[77.71758,12.81265],[77.71741,12.81266],[77.71743,12.81374],[77.718,12.81394],[77.71805,12.814],[77.71815,12.8142],[77.7182,12.81469],[77.71831,12.81488],[77.71859,12.81504],[77.71879,12.81564],[77.71935,12.81561],[77.71971,12.81566],[77.72002,12.81578],[77.72033,12.8158],[77.72072,12.81574],[77.72115,12.81561],[77.72196,12.81588],[77.72209,12.81586],[77.72225,12.81568],[77.72282,12.81531],[77.72321,12.81497],[77.72345,12.8149],[77.72387,12.81489],[77.72407,12.81494],[77.72428,12.81502],[77.72458,12.81528]]]]}},{"type":"Feature","properties":{"id":"lake-393","name":"Mapped lake/tank"},"geometry":{"type":"MultiPolygon","coordinates":[[[[77.72754,12.82693],[77.72762,12.82685],[77.72765,12.82675],[77.72765,12.82628],[77.72769,12.82624],[77.72794,12.82622],[77.72824,12.82612],[77.72875,12.82606],[77.72895,12.82595],[77.72909,12.82579],[77.72927,12.82573],[77.73032,12.82558],[77.73039,12.82561],[77.73042,12.82574],[77.73048,12.82578],[77.73178,12.82615],[77.73276,12.8266],[77.73357,12.82733],[77.73375,12.82724],[77.7338,12.82701],[77.73293,12.82618],[77.73247,12.82584],[77.73161,12.82558],[77.73105,12.82548],[77.72981,12.82544],[77.72849,12.82589],[77.72834,12.82588],[77.72819,12.82572],[77.72785,12.82515],[77.72773,12.82479],[77.72751,12.82467],[77.72737,12.82469],[77.72729,12.82475],[77.72729,12.82502],[77.72739,12.82536],[77.72732,12.82552],[77.72634,12.82549],[77.72537,12.82519],[77.72476,12.82475],[77.72443,12.82487],[77.72427,12.82486],[77.72419,12.82512],[77.72423,12.82543],[77.72358,12.82672],[77.72366,12.82681],[77.72407,12.82699],[77.72413,12.82727],[77.72419,12.82731],[77.72448,12.82728],[77.72529,12.82757],[77.72583,12.82769],[77.72589,12.82777],[77.7259,12.828],[77.72612,12.82803],[77.72646,12.82747],[77.727,12.82673],[77.72709,12.82671],[77.72754,12.82693]]]]}},{"type":"Feature","properties":{"id":"lake-394","name":"Mapped lake/tank"},"geometry":{"type":"MultiPolygon","coordinates":[[[[77.44167,13.03567],[77.44148,13.0354],[77.4411,13.03529],[77.44097,13.03488],[77.4409,13.03479],[77.4404,13.0346],[77.44024,13.03467],[77.43994,13.03533],[77.43971,13.03554],[77.4396,13.03573],[77.4396,13.03576],[77.43987,13.03586],[77.44,13.03587],[77.44064,13.03571],[77.44167,13.03567]]]]}},{"type":"Feature","properties":{"id":"lake-395","name":"Mapped lake/tank"},"geometry":{"type":"MultiPolygon","coordinates":[[[[77.40114,13.04218],[77.40108,13.04199],[77.4002,13.04192],[77.39982,13.04193],[77.39916,13.04174],[77.39892,13.04177],[77.39888,13.04197],[77.39889,13.04203],[77.3992,13.04226],[77.39952,13.04304],[77.39969,13.04314],[77.40056,13.04321],[77.40068,13.04319],[77.40105,13.04297],[77.40112,13.04289],[77.40115,13.04275],[77.40114,13.04218]]]]}},{"type":"Feature","properties":{"id":"lake-396","name":"Mapped lake/tank"},"geometry":{"type":"MultiPolygon","coordinates":[[[[77.41615,13.05933],[77.41629,13.05924],[77.41674,13.05874],[77.4172,13.05832],[77.41736,13.05819],[77.4174,13.05825],[77.41796,13.0579],[77.41874,13.05724],[77.41883,13.05712],[77.41896,13.05646],[77.41926,13.05565],[77.41944,13.05566],[77.41988,13.05585],[77.41991,13.05547],[77.42002,13.055],[77.41977,13.05513],[77.41949,13.05521],[77.41884,13.05476],[77.41872,13.05461],[77.41826,13.05377],[77.41826,13.05304],[77.41819,13.05276],[77.41803,13.05242],[77.41783,13.05243],[77.41755,13.05267],[77.41764,13.05287],[77.41762,13.05309],[77.41738,13.05345],[77.41691,13.05374],[77.41561,13.05431],[77.41529,13.05457],[77.41522,13.05471],[77.41518,13.05482],[77.41527,13.05521],[77.41525,13.05534],[77.41507,13.05562],[77.41506,13.05571],[77.41511,13.05578],[77.41579,13.05606],[77.41578,13.05629],[77.41563,13.05692],[77.41549,13.05697],[77.41444,13.05689],[77.41435,13.05692],[77.41437,13.05703],[77.4148,13.05788],[77.41491,13.05858],[77.41505,13.0587],[77.41531,13.05875],[77.4154,13.05892],[77.41567,13.05925],[77.41571,13.05937],[77.41599,13.05938],[77.41615,13.05933]]]]}},{"type":"Feature","properties":{"id":"lake-397","name":"Mapped lake/tank"},"geometry":{"type":"MultiPolygon","coordinates":[[[[77.40367,13.05473],[77.40351,13.05452],[77.40356,13.05389],[77.40354,13.05275],[77.40351,13.05232],[77.40346,13.05228],[77.4034,13.0523],[77.40336,13.0524],[77.4034,13.05276],[77.40327,13.053],[77.40307,13.05314],[77.40289,13.0532],[77.40217,13.05387],[77.40203,13.05396],[77.40183,13.054],[77.40159,13.05423],[77.40113,13.05439],[77.40094,13.05453],[77.40103,13.0548],[77.40115,13.05499],[77.40137,13.05515],[77.40266,13.05491],[77.40273,13.05495],[77.40281,13.05519],[77.4032,13.05516],[77.40371,13.05502],[77.40373,13.05483],[77.40367,13.05473]]]]}},{"type":"Feature","properties":{"id":"lake-398","name":"Mapped lake/tank"},"geometry":{"type":"MultiPolygon","coordinates":[[[[77.44333,13.0542],[77.44358,13.05418],[77.44357,13.05304],[77.44326,13.05348],[77.44334,13.05376],[77.44322,13.05412],[77.44325,13.05421],[77.44333,13.0542]]]]}},{"type":"Feature","properties":{"id":"lake-399","name":"Mapped lake/tank"},"geometry":{"type":"MultiPolygon","coordinates":[[[[77.40174,13.03134],[77.40193,13.0312],[77.40203,13.03105],[77.40204,13.03093],[77.4007,13.02907],[77.4005,13.02854],[77.40043,13.02856],[77.40044,13.02897],[77.40069,13.02966],[77.40059,13.02993],[77.40002,13.03046],[77.39969,13.03054],[77.39934,13.03076],[77.39869,13.03102],[77.39846,13.03125],[77.39852,13.0313],[77.39884,13.03129],[77.39901,13.03133],[77.39923,13.03118],[77.39969,13.03125],[77.40054,13.03116],[77.40149,13.03139],[77.40174,13.03134]]]]}},{"type":"Feature","properties":{"id":"lake-400","name":"Mapped lake/tank"},"geometry":{"type":"MultiPolygon","coordinates":[[[[77.41415,13.04094],[77.41494,13.04051],[77.41509,13.0403],[77.41514,13.03872],[77.41521,13.03858],[77.41551,13.03847],[77.41575,13.03824],[77.41576,13.03805],[77.41569,13.03773],[77.41551,13.03775],[77.41535,13.03786],[77.41518,13.03785],[77.41518,13.03809],[77.41506,13.03827],[77.41423,13.03876],[77.41374,13.039],[77.41354,13.03936],[77.41286,13.0404],[77.41303,13.04057],[77.41324,13.0406],[77.4136,13.04099],[77.41391,13.04093],[77.41415,13.04094]]]]}},{"type":"Feature","properties":{"id":"lake-401","name":"Mapped lake/tank"},"geometry":{"type":"MultiPolygon","coordinates":[[[[77.40159,13.03339],[77.40171,13.03302],[77.40136,13.03287],[77.40129,13.03274],[77.40134,13.03235],[77.40156,13.0318],[77.40151,13.03144],[77.40054,13.03119],[77.39973,13.03129],[77.39971,13.03138],[77.39986,13.03149],[77.39996,13.03162],[77.40031,13.0327],[77.40072,13.03296],[77.40105,13.0333],[77.40146,13.03346],[77.40155,13.03345],[77.40159,13.03339]]]]}},{"type":"Feature","properties":{"id":"lake-402","name":"Mapped lake/tank"},"geometry":{"type":"MultiPolygon","coordinates":[[[[77.39909,13.01088],[77.39902,13.01052],[77.39857,13.01051],[77.39857,13.01097],[77.39864,13.01139],[77.39869,13.0115],[77.39896,13.01151],[77.39915,13.01143],[77.39916,13.01129],[77.39909,13.01088]]]]}},{"type":"Feature","properties":{"id":"lake-403","name":"Mapped lake/tank"},"geometry":{"type":"MultiPolygon","coordinates":[[[[77.40922,13.00188],[77.40906,13.00186],[77.40878,13.00203],[77.40829,13.00215],[77.408,13.00227],[77.40789,13.00242],[77.40786,13.00262],[77.40789,13.00276],[77.40801,13.00293],[77.40856,13.00323],[77.40931,13.0031],[77.40936,13.00299],[77.40927,13.00221],[77.40928,13.00198],[77.40922,13.00188]]]]}},{"type":"Feature","properties":{"id":"lake-404","name":"Mapped lake/tank"},"geometry":{"type":"MultiPolygon","coordinates":[[[[77.42596,12.99132],[77.42599,12.99117],[77.42595,12.99101],[77.42554,12.9905],[77.42544,12.99044],[77.4252,12.99048],[77.42436,12.99081],[77.42448,12.9909],[77.42461,12.99116],[77.42464,12.99142],[77.42486,12.99161],[77.4249,12.99181],[77.42497,12.99192],[77.42503,12.99194],[77.42534,12.99182],[77.42545,12.99183],[77.42579,12.99227],[77.42584,12.99172],[77.42596,12.99132]]]]}},{"type":"Feature","properties":{"id":"lake-405","name":"Mapped lake/tank"},"geometry":{"type":"MultiPolygon","coordinates":[[[[77.42398,12.99478],[77.42475,12.99386],[77.42553,12.99336],[77.42579,12.9923],[77.42544,12.99185],[77.42535,12.99185],[77.42504,12.99197],[77.42495,12.99194],[77.42487,12.99183],[77.42484,12.99162],[77.42462,12.99143],[77.42458,12.99117],[77.42445,12.99092],[77.42432,12.99083],[77.42371,12.99117],[77.42338,12.9914],[77.4233,12.99163],[77.42316,12.99177],[77.42249,12.99211],[77.42259,12.99232],[77.42304,12.99245],[77.42381,12.99346],[77.42392,12.99373],[77.42395,12.99404],[77.42385,12.99444],[77.42362,12.99482],[77.42398,12.99478]]]]}},{"type":"Feature","properties":{"id":"lake-406","name":"Mapped lake/tank"},"geometry":{"type":"MultiPolygon","coordinates":[[[[77.43329,12.99063],[77.43474,12.99056],[77.43605,12.99036],[77.4361,12.99028],[77.43592,12.98949],[77.43581,12.9893],[77.43575,12.9893],[77.43535,12.98908],[77.43302,12.98804],[77.43299,12.9881],[77.43243,12.9879],[77.43241,12.98814],[77.43275,12.98853],[77.43281,12.98887],[77.43262,12.98977],[77.43258,12.99041],[77.43249,12.99081],[77.4324,12.99096],[77.43221,12.99109],[77.43248,12.99108],[77.43266,12.99097],[77.43295,12.99069],[77.43329,12.99063]]]]}},{"type":"Feature","properties":{"id":"lake-407","name":"Mapped lake/tank"},"geometry":{"type":"MultiPolygon","coordinates":[[[[77.42109,12.98557],[77.42138,12.98539],[77.4216,12.98519],[77.42182,12.98505],[77.42157,12.98475],[77.42156,12.98465],[77.42233,12.98398],[77.422,12.98354],[77.42174,12.98331],[77.42155,12.98336],[77.42063,12.9842],[77.42023,12.98441],[77.41999,12.98444],[77.4204,12.98535],[77.42043,12.98575],[77.42089,12.986],[77.42082,12.98578],[77.42109,12.98557]]]]}},{"type":"Feature","properties":{"id":"lake-408","name":"Mapped lake/tank"},"geometry":{"type":"MultiPolygon","coordinates":[[[[77.40022,12.98523],[77.40014,12.98405],[77.39974,12.98359],[77.39964,12.98361],[77.39949,12.98388],[77.39933,12.98401],[77.39823,12.98437],[77.39822,12.98457],[77.39832,12.9847],[77.39869,12.98476],[77.39906,12.98488],[77.39945,12.9851],[77.3998,12.98522],[77.40002,12.98525],[77.40022,12.98523]]]]}},{"type":"Feature","properties":{"id":"lake-409","name":"Mapped lake/tank"},"geometry":{"type":"MultiPolygon","coordinates":[[[[77.41066,12.97978],[77.41081,12.97975],[77.41092,12.97967],[77.41096,12.97959],[77.41093,12.97948],[77.41038,12.97918],[77.41024,12.97902],[77.41003,12.97863],[77.40974,12.97835],[77.40926,12.97829],[77.4086,12.97849],[77.40843,12.97856],[77.40836,12.97865],[77.40834,12.97883],[77.4084,12.97921],[77.40833,12.97948],[77.40834,12.97983],[77.4086,12.98012],[77.40872,12.98014],[77.40964,12.97989],[77.41066,12.97978]]]]}},{"type":"Feature","properties":{"id":"lake-410","name":"Mapped lake/tank"},"geometry":{"type":"MultiPolygon","coordinates":[[[[77.41681,12.98137],[77.41676,12.98095],[77.41665,12.9808],[77.41659,12.98053],[77.41653,12.9797],[77.41647,12.97966],[77.41638,12.97966],[77.41594,12.97972],[77.41588,12.97978],[77.41553,12.98111],[77.41532,12.98199],[77.41534,12.98208],[77.41551,12.98206],[77.41591,12.9817],[77.41626,12.98147],[77.41681,12.98137]]]]}},{"type":"Feature","properties":{"id":"lake-411","name":"Mapped lake/tank"},"geometry":{"type":"MultiPolygon","coordinates":[[[[77.42855,12.98042],[77.42848,12.98026],[77.42951,12.97987],[77.42957,12.97974],[77.42952,12.97959],[77.42935,12.97949],[77.42882,12.97944],[77.4285,12.97927],[77.42827,12.97925],[77.42773,12.9791],[77.42764,12.97904],[77.42748,12.97879],[77.42739,12.97876],[77.42724,12.97881],[77.4275,12.97976],[77.42743,12.98054],[77.42733,12.98101],[77.42748,12.981],[77.42774,12.98064],[77.42814,12.98049],[77.42855,12.98042]]]]}},{"type":"Feature","properties":{"id":"lake-412","name":"Mapped lake/tank"},"geometry":{"type":"MultiPolygon","coordinates":[[[[77.38931,13.01476],[77.38948,13.01459],[77.38969,13.01447],[77.38975,13.01436],[77.38947,13.01407],[77.38932,13.01403],[77.38921,13.01406],[77.38904,13.01419],[77.38878,13.01456],[77.38818,13.0149],[77.38914,13.01489],[77.38931,13.01476]]]]}},{"type":"Feature","properties":{"id":"lake-413","name":"Mapped lake/tank"},"geometry":{"type":"MultiPolygon","coordinates":[[[[77.39359,12.97767],[77.39401,12.97756],[77.39419,12.97747],[77.39429,12.97733],[77.39443,12.97599],[77.39382,12.97561],[77.39307,12.97537],[77.39255,12.97559],[77.39214,12.97596],[77.39198,12.97622],[77.39191,12.9764],[77.39198,12.97693],[77.39191,12.97761],[77.392,12.97771],[77.39212,12.97774],[77.39276,12.97758],[77.39316,12.97758],[77.39359,12.97767]]]]}},{"type":"Feature","properties":{"id":"lake-414","name":"Mapped lake/tank"},"geometry":{"type":"MultiPolygon","coordinates":[[[[77.39058,12.9704],[77.39071,12.97024],[77.39075,12.9701],[77.39079,12.96984],[77.39073,12.9697],[77.39004,12.96971],[77.39011,12.97039],[77.39016,12.97054],[77.39048,12.97058],[77.39058,12.9704]]]]}},{"type":"Feature","properties":{"id":"lake-415","name":"Mapped lake/tank"},"geometry":{"type":"MultiPolygon","coordinates":[[[[77.39486,12.97462],[77.39482,12.97452],[77.39465,12.97439],[77.39442,12.97429],[77.3942,12.97428],[77.39401,12.9742],[77.39361,12.97365],[77.39349,12.97357],[77.39316,12.97348],[77.39264,12.97354],[77.39258,12.97357],[77.39256,12.97374],[77.39257,12.9741],[77.39236,12.97481],[77.3923,12.97563],[77.39242,12.97568],[77.39265,12.97548],[77.39313,12.97533],[77.39384,12.97558],[77.39445,12.97595],[77.39457,12.97599],[77.39473,12.97597],[77.39486,12.9759],[77.39495,12.97574],[77.39486,12.97462]]]]}},{"type":"Feature","properties":{"id":"lake-416","name":"Mapped lake/tank"},"geometry":{"type":"MultiPolygon","coordinates":[[[[77.38412,13.0146],[77.38355,13.01478],[77.3835,13.01482],[77.3835,13.01495],[77.38385,13.01494],[77.38408,13.01471],[77.38412,13.0146]]]]}},{"type":"Feature","properties":{"id":"lake-417","name":"Mapped lake/tank"},"geometry":{"type":"MultiPolygon","coordinates":[[[[77.38496,12.96482],[77.38493,12.96471],[77.38481,12.96468],[77.38446,12.96481],[77.38429,12.96615],[77.38434,12.96625],[77.38443,12.96631],[77.38473,12.96631],[77.38524,12.96639],[77.38529,12.96631],[77.38502,12.9653],[77.38496,12.96482]]]]}},{"type":"Feature","properties":{"id":"lake-418","name":"Mapped lake/tank"},"geometry":{"type":"MultiPolygon","coordinates":[[[[77.39527,12.9636],[77.39591,12.96351],[77.39639,12.96351],[77.39663,12.96358],[77.39661,12.9614],[77.39616,12.96232],[77.39576,12.96272],[77.39552,12.96321],[77.39517,12.96346],[77.39517,12.96355],[77.39527,12.9636]]]]}},{"type":"Feature","properties":{"id":"lake-419","name":"Mapped lake/tank"},"geometry":{"type":"MultiPolygon","coordinates":[[[[77.37818,12.96255],[77.37906,12.96262],[77.37921,12.96258],[77.37924,12.96246],[77.37918,12.96229],[77.3791,12.96223],[77.37893,12.96217],[77.37858,12.96214],[77.37846,12.96201],[77.3781,12.96191],[77.37792,12.9617],[77.37755,12.96164],[77.37749,12.96168],[77.37729,12.96224],[77.37689,12.96285],[77.37724,12.96288],[77.37735,12.96277],[77.37771,12.96263],[77.37784,12.96252],[77.37808,12.96248],[77.37818,12.96255]]]]}},{"type":"Feature","properties":{"id":"lake-420","name":"Mapped lake/tank"},"geometry":{"type":"MultiPolygon","coordinates":[[[[77.36425,12.95878],[77.36462,12.95858],[77.3652,12.95858],[77.36524,12.95849],[77.365,12.95769],[77.36496,12.95768],[77.36481,12.9578],[77.36453,12.95791],[77.36422,12.95811],[77.36423,12.95845],[77.36417,12.9588],[77.36425,12.95878]]]]}},{"type":"Feature","properties":{"id":"lake-421","name":"Mapped lake/tank"},"geometry":{"type":"MultiPolygon","coordinates":[[[[77.37681,12.95858],[77.3771,12.95824],[77.3773,12.95809],[77.37756,12.95798],[77.37801,12.95792],[77.37805,12.95785],[77.37795,12.95743],[77.37804,12.9569],[77.37802,12.95678],[77.3779,12.95652],[77.37763,12.95621],[77.37747,12.95624],[77.37734,12.957],[77.37719,12.95739],[77.37708,12.95763],[77.37689,12.9577],[77.37682,12.95777],[77.37676,12.95812],[77.37657,12.95849],[77.37663,12.9586],[77.37681,12.95858]]]]}},{"type":"Feature","properties":{"id":"lake-422","name":"Mapped lake/tank"},"geometry":{"type":"MultiPolygon","coordinates":[[[[77.39073,12.96966],[77.39069,12.96955],[77.39034,12.9695],[77.39016,12.96955],[77.39003,12.9697],[77.39073,12.9697],[77.39073,12.96966]]]]}},{"type":"Feature","properties":{"id":"lake-423","name":"Mapped lake/tank"},"geometry":{"type":"MultiPolygon","coordinates":[[[[77.43828,13.14284],[77.43843,13.14272],[77.43854,13.14257],[77.43858,13.14231],[77.43836,13.142],[77.43809,13.14194],[77.43787,13.14204],[77.4377,13.14223],[77.43768,13.14256],[77.43773,13.14272],[77.43786,13.14283],[77.43805,13.14286],[77.43828,13.14284]]]]}},{"type":"Feature","properties":{"id":"lake-424","name":"Mapped lake/tank"},"geometry":{"type":"MultiPolygon","coordinates":[[[[77.4079,13.12279],[77.40821,13.12267],[77.40908,13.12252],[77.40918,13.12239],[77.40885,13.1215],[77.40873,13.12084],[77.40882,13.1205],[77.40921,13.12002],[77.40952,13.11934],[77.40963,13.11834],[77.40958,13.1182],[77.4095,13.11823],[77.40948,13.11842],[77.40906,13.11941],[77.40876,13.11983],[77.4085,13.12005],[77.40819,13.12013],[77.40741,13.12015],[77.40726,13.12021],[77.4071,13.12034],[77.40691,13.12039],[77.40633,13.12117],[77.40604,13.12134],[77.40567,13.12131],[77.40504,13.12106],[77.40485,13.12108],[77.40476,13.12116],[77.40478,13.12127],[77.40494,13.12145],[77.40538,13.12168],[77.40553,13.12183],[77.40573,13.12185],[77.40647,13.12223],[77.40676,13.12254],[77.40685,13.12259],[77.40713,13.12271],[77.40757,13.12282],[77.4079,13.12279]]]]}},{"type":"Feature","properties":{"id":"lake-425","name":"Mapped lake/tank"},"geometry":{"type":"MultiPolygon","coordinates":[[[[77.42166,13.10876],[77.42299,13.10834],[77.42337,13.10818],[77.42396,13.10812],[77.42421,13.10804],[77.42465,13.10819],[77.42517,13.10784],[77.42523,13.10761],[77.42512,13.10728],[77.42507,13.10724],[77.42471,13.1072],[77.4245,13.10705],[77.42411,13.10654],[77.42381,13.10592],[77.42371,13.10559],[77.4237,13.10536],[77.42377,13.1052],[77.42399,13.10492],[77.42329,13.10493],[77.42288,13.10591],[77.42277,13.10604],[77.42237,13.10633],[77.42227,13.10656],[77.42212,13.10668],[77.4218,13.10684],[77.42149,13.1068],[77.42114,13.10696],[77.42089,13.107],[77.42069,13.1071],[77.42086,13.10825],[77.42072,13.10846],[77.42071,13.10855],[77.42086,13.10888],[77.42091,13.10895],[77.42099,13.10897],[77.42122,13.10887],[77.42166,13.10876]]]]}},{"type":"Feature","properties":{"id":"lake-426","name":"Mapped lake/tank"},"geometry":{"type":"MultiPolygon","coordinates":[[[[77.44429,13.12642],[77.44424,13.12101],[77.44361,13.12072],[77.44332,13.12054],[77.443,13.12025],[77.44289,13.12002],[77.44265,13.12004],[77.44224,13.11995],[77.4419,13.12011],[77.44177,13.12038],[77.44151,13.12056],[77.44127,13.12086],[77.4411,13.12096],[77.44084,13.12097],[77.44076,13.12119],[77.44054,13.12133],[77.44049,13.12142],[77.44052,13.12206],[77.44083,13.12215],[77.44161,13.12283],[77.44266,13.12412],[77.44299,13.12439],[77.44306,13.12449],[77.44341,13.12546],[77.44361,13.12619],[77.44376,13.12649],[77.44387,13.12653],[77.44429,13.12642]]]]}},{"type":"Feature","properties":{"id":"lake-427","name":"Mapped lake/tank"},"geometry":{"type":"MultiPolygon","coordinates":[[[[77.43043,13.13078],[77.43073,13.13012],[77.43104,13.12999],[77.43208,13.12842],[77.43256,13.12786],[77.43311,13.12742],[77.43327,13.12742],[77.43359,13.12759],[77.43387,13.12755],[77.4343,13.12716],[77.43444,13.12692],[77.43402,13.12657],[77.43339,13.1263],[77.43304,13.12621],[77.43205,13.12608],[77.43176,13.12598],[77.43165,13.12583],[77.43145,13.12509],[77.43125,13.12467],[77.43127,13.12502],[77.43124,13.12515],[77.43077,13.12562],[77.43027,13.12636],[77.43026,13.1268],[77.43021,13.12717],[77.42979,13.12823],[77.42947,13.12951],[77.42939,13.12959],[77.42872,13.12992],[77.42863,13.13008],[77.42867,13.13031],[77.42893,13.13102],[77.42909,13.13125],[77.42934,13.13139],[77.42979,13.13145],[77.43016,13.13156],[77.43021,13.13154],[77.43028,13.13143],[77.43032,13.1311],[77.43043,13.13078]]]]}},{"type":"Feature","properties":{"id":"lake-428","name":"Mapped lake/tank"},"geometry":{"type":"MultiPolygon","coordinates":[[[[77.43222,13.12406],[77.43221,13.12386],[77.43212,13.12363],[77.43198,13.12354],[77.43182,13.12355],[77.43148,13.12376],[77.43147,13.12431],[77.43141,13.12434],[77.43117,13.12435],[77.43161,13.12544],[77.43205,13.12473],[77.43216,13.1244],[77.43222,13.12406]]]]}},{"type":"Feature","properties":{"id":"lake-429","name":"Mapped lake/tank"},"geometry":{"type":"MultiPolygon","coordinates":[[[[77.4334,13.14352],[77.4335,13.14336],[77.43374,13.14279],[77.43453,13.14161],[77.43454,13.14154],[77.43448,13.14147],[77.43425,13.14146],[77.43395,13.14168],[77.43366,13.14176],[77.43309,13.14173],[77.43238,13.14152],[77.43225,13.14154],[77.43215,13.14163],[77.43214,13.14178],[77.43235,13.14231],[77.43234,13.14274],[77.43217,13.14309],[77.43171,13.14365],[77.43168,13.14378],[77.43172,13.14392],[77.43202,13.14433],[77.43214,13.14436],[77.4331,13.14376],[77.4334,13.14352]]]]}},{"type":"Feature","properties":{"id":"lake-430","name":"Mapped lake/tank"},"geometry":{"type":"MultiPolygon","coordinates":[[[[77.43361,12.94957],[77.4338,12.94952],[77.43384,12.94933],[77.43382,12.94917],[77.43402,12.94913],[77.43454,12.94918],[77.43471,12.94934],[77.43482,12.94932],[77.43486,12.94845],[77.43405,12.94843],[77.43372,12.94847],[77.43337,12.94893],[77.43332,12.94907],[77.43304,12.94949],[77.43308,12.94973],[77.43322,12.94966],[77.43332,12.94973],[77.43346,12.94958],[77.43361,12.94957]]]]}},{"type":"Feature","properties":{"id":"lake-431","name":"Mapped lake/tank"},"geometry":{"type":"MultiPolygon","coordinates":[[[[77.41243,12.95756],[77.41254,12.95735],[77.41251,12.95717],[77.41246,12.95712],[77.41213,12.95707],[77.41191,12.95697],[77.41169,12.95677],[77.41152,12.95646],[77.41143,12.95643],[77.4114,12.957],[77.41134,12.95724],[77.4114,12.95758],[77.4113,12.95776],[77.41132,12.95781],[77.41161,12.95789],[77.41187,12.95791],[77.41224,12.95774],[77.41243,12.95756]]]]}},{"type":"Feature","properties":{"id":"lake-432","name":"Mapped lake/tank"},"geometry":{"type":"MultiPolygon","coordinates":[[[[77.42272,12.96514],[77.423,12.96479],[77.42308,12.96452],[77.42311,12.96433],[77.42308,12.96429],[77.42215,12.96428],[77.42137,12.96415],[77.42102,12.96417],[77.42105,12.96478],[77.42115,12.96528],[77.42142,12.96577],[77.42155,12.96576],[77.42211,12.96551],[77.42272,12.96514]]]]}},{"type":"Feature","properties":{"id":"lake-433","name":"Mapped lake/tank"},"geometry":{"type":"MultiPolygon","coordinates":[[[[77.42639,12.96363],[77.42646,12.96282],[77.42652,12.96258],[77.42663,12.96231],[77.42685,12.96197],[77.42701,12.96137],[77.42706,12.96127],[77.42721,12.96118],[77.42765,12.96054],[77.42806,12.96032],[77.428,12.96023],[77.4279,12.96023],[77.42761,12.96044],[77.42703,12.96098],[77.42684,12.96105],[77.4266,12.96106],[77.42632,12.96099],[77.42601,12.96085],[77.42551,12.96047],[77.42515,12.96006],[77.42499,12.95999],[77.42479,12.95998],[77.42471,12.96016],[77.42475,12.96053],[77.42469,12.96076],[77.42427,12.96104],[77.42416,12.96125],[77.42381,12.96145],[77.42387,12.96197],[77.42398,12.9622],[77.42405,12.96223],[77.42416,12.96222],[77.42443,12.96209],[77.42483,12.96208],[77.42521,12.96217],[77.42534,12.96229],[77.42566,12.96303],[77.42571,12.96326],[77.42568,12.96349],[77.42555,12.96364],[77.42557,12.96372],[77.42639,12.96363]]]]}},{"type":"Feature","properties":{"id":"lake-434","name":"Mapped lake/tank"},"geometry":{"type":"MultiPolygon","coordinates":[[[[77.4176,12.96316],[77.41766,12.96247],[77.41779,12.96202],[77.41624,12.96213],[77.41623,12.96224],[77.41645,12.96241],[77.41651,12.9626],[77.41638,12.9629],[77.41632,12.96324],[77.41634,12.96337],[77.41643,12.96343],[77.41645,12.9638],[77.41625,12.96389],[77.41631,12.96417],[77.41614,12.96432],[77.41625,12.96451],[77.4163,12.9645],[77.4163,12.96438],[77.41664,12.96395],[77.41731,12.96376],[77.41737,12.96383],[77.41742,12.9638],[77.4174,12.96365],[77.41735,12.96358],[77.41756,12.96334],[77.4176,12.96316]]]]}},{"type":"Feature","properties":{"id":"lake-435","name":"Mapped lake/tank"},"geometry":{"type":"MultiPolygon","coordinates":[[[[77.39808,12.96395],[77.39814,12.96383],[77.39817,12.96291],[77.39813,12.96247],[77.39821,12.9622],[77.39843,12.96201],[77.39849,12.96126],[77.39818,12.96104],[77.39797,12.96103],[77.39768,12.96129],[77.39751,12.96156],[77.39729,12.96171],[77.39704,12.96164],[77.39679,12.96136],[77.39665,12.96135],[77.39661,12.9614],[77.39663,12.96358],[77.39751,12.96394],[77.39808,12.96395]]]]}},{"type":"Feature","properties":{"id":"lake-436","name":"Mapped lake/tank"},"geometry":{"type":"MultiPolygon","coordinates":[[[[77.39848,12.96122],[77.3981,12.96011],[77.39759,12.95955],[77.39751,12.95952],[77.39707,12.95967],[77.39706,12.95987],[77.39683,12.95999],[77.39674,12.96012],[77.39684,12.96046],[77.39686,12.96093],[77.39681,12.96132],[77.39695,12.96153],[77.39715,12.96166],[77.39735,12.96167],[77.39752,12.96152],[77.39767,12.96126],[77.39788,12.96105],[77.398,12.96099],[77.3982,12.96102],[77.39848,12.96122]]]]}},{"type":"Feature","properties":{"id":"lake-437","name":"Mapped lake/tank"},"geometry":{"type":"MultiPolygon","coordinates":[[[[77.43642,12.95095],[77.43669,12.95096],[77.43678,12.9509],[77.4368,12.95078],[77.43656,12.95066],[77.43648,12.95047],[77.43623,12.95026],[77.43615,12.95008],[77.43605,12.95007],[77.43564,12.95089],[77.43565,12.951],[77.4358,12.95119],[77.43598,12.95126],[77.43604,12.95125],[77.43608,12.95107],[77.43633,12.9509],[77.43642,12.95095]]]]}},{"type":"Feature","properties":{"id":"lake-438","name":"Mapped lake/tank"},"geometry":{"type":"MultiPolygon","coordinates":[[[[77.41981,13.01315],[77.4197,13.013],[77.41969,13.01285],[77.41957,13.01266],[77.41954,13.01248],[77.41953,13.01197],[77.41971,13.01075],[77.41964,13.01051],[77.4195,13.01048],[77.41832,13.01071],[77.41743,13.01073],[77.41705,13.01087],[77.417,13.01107],[77.41707,13.0115],[77.41691,13.0116],[77.41695,13.01183],[77.41676,13.0118],[77.41667,13.01185],[77.4167,13.01214],[77.41728,13.01218],[77.41875,13.01254],[77.41885,13.01264],[77.4192,13.01317],[77.41981,13.01315]]]]}},{"type":"Feature","properties":{"id":"lake-439","name":"Hesarghatta"},"geometry":{"type":"MultiPolygon","coordinates":[[[[77.49053,13.14125],[77.4888,13.14201],[77.48841,13.14226],[77.48656,13.14309],[77.48415,13.14336],[77.48402,13.14349],[77.48392,13.14404],[77.4838,13.14426],[77.48322,13.14469],[77.48189,13.14536],[77.48096,13.14553],[77.48006,13.14564],[77.47982,13.14595],[77.48034,13.1464],[77.48053,13.14651],[77.48118,13.14677],[77.48143,13.1467],[77.48191,13.14781],[77.48193,13.14824],[77.48223,13.14954],[77.49062,13.14946],[77.49053,13.14125]]]]}},{"type":"Feature","properties":{"id":"lake-440","name":"Mapped lake/tank"},"geometry":{"type":"MultiPolygon","coordinates":[[[[77.44957,13.12379],[77.44945,13.12367],[77.44911,13.12359],[77.44904,13.12247],[77.44906,13.12172],[77.44949,13.1204],[77.44978,13.11976],[77.44991,13.11913],[77.45028,13.11858],[77.45029,13.11841],[77.45014,13.11837],[77.44997,13.11845],[77.44989,13.11861],[77.44998,13.11875],[77.44967,13.11938],[77.44957,13.11968],[77.44934,13.11999],[77.44924,13.12002],[77.44913,13.11997],[77.4491,13.11982],[77.449,13.1198],[77.4486,13.12011],[77.4485,13.12023],[77.44758,13.12075],[77.4464,13.12133],[77.44594,13.12137],[77.44522,13.12117],[77.44468,13.12113],[77.44424,13.12101],[77.44429,13.12642],[77.44957,13.12379]]]]}},{"type":"Feature","properties":{"id":"lake-441","name":"Mapped lake/tank"},"geometry":{"type":"MultiPolygon","coordinates":[[[[77.46723,13.13408],[77.46733,13.13391],[77.46783,13.13373],[77.46803,13.13356],[77.46832,13.13313],[77.46844,13.13284],[77.46824,13.13135],[77.46832,13.13091],[77.46856,13.13052],[77.46867,13.13025],[77.46909,13.12987],[77.46918,13.12972],[77.46913,13.12954],[77.46893,13.12944],[77.46873,13.12956],[77.46783,13.13057],[77.46753,13.13083],[77.46712,13.13108],[77.46629,13.13144],[77.46489,13.13189],[77.4647,13.13216],[77.46459,13.13274],[77.46464,13.13312],[77.46513,13.13318],[77.46527,13.13325],[77.46568,13.13366],[77.4658,13.13386],[77.466,13.13402],[77.46638,13.13411],[77.46685,13.13414],[77.4672,13.13414],[77.46723,13.13408]]]]}},{"type":"Feature","properties":{"id":"lake-442","name":"Mapped lake/tank"},"geometry":{"type":"MultiPolygon","coordinates":[[[[77.53687,13.16446],[77.53685,13.16284],[77.53643,13.16275],[77.53564,13.16288],[77.53541,13.16288],[77.53528,13.1628],[77.53503,13.16285],[77.53494,13.16296],[77.53499,13.16322],[77.53565,13.16425],[77.53568,13.1647],[77.53558,13.16483],[77.53483,13.16541],[77.53442,13.16557],[77.53391,13.16589],[77.53391,13.16603],[77.53396,13.1661],[77.53411,13.16614],[77.53413,13.16622],[77.53446,13.16617],[77.5354,13.16628],[77.53587,13.16621],[77.53608,13.16603],[77.53623,13.16575],[77.53643,13.16499],[77.53656,13.16465],[77.53663,13.16457],[77.53687,13.16446]]]]}},{"type":"Feature","properties":{"id":"lake-443","name":"Mapped lake/tank"},"geometry":{"type":"MultiPolygon","coordinates":[[[[77.50846,13.19076],[77.50798,13.19052],[77.50732,13.19029],[77.50709,13.19017],[77.50694,13.18971],[77.50692,13.18904],[77.50697,13.18883],[77.50646,13.18934],[77.50562,13.18989],[77.50545,13.19009],[77.50587,13.19007],[77.5065,13.19023],[77.50694,13.19048],[77.50799,13.19085],[77.50817,13.19088],[77.50846,13.19076]]]]}},{"type":"Feature","properties":{"id":"lake-444","name":"Mapped lake/tank"},"geometry":{"type":"MultiPolygon","coordinates":[[[[77.5183,13.2017],[77.51828,13.20109],[77.51816,13.20046],[77.51815,13.19998],[77.51803,13.19913],[77.51801,13.19847],[77.51814,13.19823],[77.51827,13.19822],[77.51828,13.19786],[77.51785,13.1959],[77.51776,13.19581],[77.51761,13.19579],[77.51751,13.1957],[77.51691,13.19576],[77.5167,13.19565],[77.51666,13.19547],[77.5161,13.19547],[77.51612,13.19539],[77.51469,13.19538],[77.51396,13.19521],[77.51298,13.19487],[77.51246,13.19456],[77.51234,13.19443],[77.51199,13.19443],[77.51245,13.19528],[77.51328,13.19593],[77.51383,13.19578],[77.51451,13.19639],[77.51458,13.19678],[77.51524,13.19739],[77.5161,13.19851],[77.51596,13.19885],[77.5168,13.20005],[77.51702,13.19998],[77.51727,13.20055],[77.51694,13.20083],[77.51742,13.20151],[77.51776,13.20128],[77.51792,13.20181],[77.5183,13.2017]]]]}},{"type":"Feature","properties":{"id":"lake-445","name":"Mapped lake/tank"},"geometry":{"type":"MultiPolygon","coordinates":[[[[77.52147,13.2025],[77.52121,13.20245],[77.52109,13.20262],[77.52089,13.20259],[77.52094,13.20316],[77.5209,13.20332],[77.52063,13.20355],[77.52052,13.20371],[77.52046,13.20401],[77.52068,13.20409],[77.52075,13.2042],[77.52065,13.20473],[77.52026,13.20497],[77.52,13.20502],[77.51974,13.20494],[77.51934,13.2046],[77.51821,13.20396],[77.51842,13.2031],[77.51821,13.20285],[77.5187,13.20235],[77.51852,13.20218],[77.5183,13.2017],[77.51792,13.20181],[77.51776,13.20128],[77.51742,13.20151],[77.51694,13.20083],[77.51727,13.20055],[77.51702,13.19998],[77.5168,13.20005],[77.51596,13.19885],[77.5161,13.19851],[77.51524,13.19739],[77.51458,13.19678],[77.51451,13.19639],[77.51383,13.19578],[77.51328,13.19593],[77.51245,13.19528],[77.51199,13.19443],[77.50626,13.19448],[77.50676,13.19529],[77.50688,13.19578],[77.50691,13.19624],[77.50676,13.19689],[77.5067,13.19746],[77.50724,13.19821],[77.5074,13.1985],[77.5075,13.19883],[77.50761,13.1988],[77.50767,13.19822],[77.50768,13.19817],[77.50784,13.19812],[77.50782,13.19782],[77.50796,13.19769],[77.50818,13.19761],[77.50841,13.19765],[77.50847,13.19791],[77.50857,13.19799],[77.50872,13.19787],[77.50883,13.19788],[77.50875,13.19762],[77.50893,13.19764],[77.50939,13.19792],[77.5093,13.19837],[77.51011,13.19882],[77.51075,13.19928],[77.51099,13.19958],[77.51121,13.20005],[77.51159,13.20043],[77.51186,13.20054],[77.512,13.20044],[77.51228,13.20066],[77.51222,13.2007],[77.51235,13.20078],[77.51251,13.20085],[77.51274,13.20074],[77.51287,13.20081],[77.51274,13.20094],[77.51299,13.20105],[77.51327,13.20107],[77.51336,13.20114],[77.5137,13.20156],[77.5137,13.2017],[77.5136,13.20172],[77.51355,13.20183],[77.51364,13.20204],[77.51382,13.20219],[77.51392,13.20238],[77.51393,13.20261],[77.51414,13.20302],[77.5142,13.20327],[77.51429,13.20393],[77.51442,13.20437],[77.51461,13.20473],[77.51493,13.205],[77.51516,13.20498],[77.51506,13.20409],[77.51543,13.20405],[77.51551,13.20412],[77.5155,13.20495],[77.51579,13.20506],[77.51575,13.20419],[77.51598,13.20414],[77.51628,13.20416],[77.51635,13.20427],[77.5164,13.20493],[77.51617,13.20507],[77.51608,13.20525],[77.51621,13.20535],[77.51683,13.20606],[77.51724,13.20576],[77.51746,13.20598],[77.51763,13.20653],[77.51726,13.20667],[77.5178,13.20822],[77.51785,13.20843],[77.51801,13.20837],[77.51812,13.20827],[77.5189,13.20734],[77.52021,13.20631],[77.52082,13.20577],[77.52098,13.20541],[77.52131,13.20435],[77.52147,13.2025]]]]}},{"type":"Feature","properties":{"id":"lake-446","name":"Mapped lake/tank"},"geometry":{"type":"MultiPolygon","coordinates":[[[[77.52072,13.19996],[77.52077,13.19986],[77.5208,13.1994],[77.5209,13.1992],[77.52099,13.19887],[77.5212,13.19877],[77.52131,13.19862],[77.52127,13.19816],[77.52091,13.19817],[77.52096,13.19772],[77.52106,13.19735],[77.52156,13.19712],[77.52137,13.19663],[77.52166,13.19656],[77.52151,13.19602],[77.5218,13.19598],[77.52197,13.19657],[77.52173,13.19668],[77.52186,13.19707],[77.52266,13.1965],[77.52338,13.19609],[77.52356,13.19582],[77.5238,13.19582],[77.52407,13.19549],[77.52406,13.1954],[77.52372,13.19536],[77.5235,13.19549],[77.52308,13.1956],[77.52295,13.19518],[77.52301,13.19514],[77.52294,13.19483],[77.52324,13.19468],[77.52302,13.19432],[77.52154,13.19433],[77.52158,13.19462],[77.52125,13.19471],[77.5212,13.19468],[77.5211,13.19434],[77.51941,13.19436],[77.51989,13.1956],[77.52005,13.19584],[77.52032,13.19639],[77.52035,13.1968],[77.52044,13.19703],[77.52046,13.19728],[77.52059,13.19753],[77.52049,13.19838],[77.52051,13.19874],[77.52029,13.19922],[77.52023,13.19943],[77.52023,13.19993],[77.52027,13.19999],[77.52072,13.19996]]]]}},{"type":"Feature","properties":{"id":"lake-447","name":"Hesarghatta Tank"},"geometry":{"type":"MultiPolygon","coordinates":[[[[77.50742,13.18856],[77.50713,13.1883],[77.50703,13.18816],[77.50708,13.18673],[77.50689,13.18612],[77.50681,13.18545],[77.50665,13.18494],[77.50642,13.18467],[77.50531,13.18383],[77.50507,13.18349],[77.50482,13.18284],[77.50477,13.18218],[77.5046,13.18155],[77.50416,13.18163],[77.50398,13.1816],[77.50386,13.18156],[77.50347,13.18116],[77.50317,13.18064],[77.5029,13.17988],[77.50264,13.17938],[77.50241,13.17817],[77.50226,13.17787],[77.50181,13.17744],[77.50157,13.1771],[77.50111,13.17578],[77.50078,13.17523],[77.50045,13.17514],[77.50025,13.17498],[77.50011,13.17443],[77.50008,13.17401],[77.50012,13.17322],[77.50007,13.17235],[77.50011,13.17217],[77.49738,13.17341],[77.49891,13.17598],[77.49813,13.17627],[77.49788,13.17484],[77.4977,13.17444],[77.49696,13.17447],[77.49661,13.1743],[77.49636,13.17298],[77.49585,13.17245],[77.49574,13.17154],[77.49583,13.17065],[77.49627,13.16952],[77.49637,13.16874],[77.49767,13.16836],[77.49758,13.16818],[77.49736,13.16739],[77.49718,13.16647],[77.49693,13.16471],[77.49669,13.16358],[77.49656,13.16235],[77.4966,13.1618],[77.49689,13.16129],[77.49726,13.1604],[77.4983,13.15971],[77.49858,13.15947],[77.49876,13.15913],[77.49873,13.15882],[77.49841,13.15844],[77.49792,13.15806],[77.49756,13.15814],[77.49697,13.15805],[77.49646,13.15805],[77.49558,13.15789],[77.49503,13.15769],[77.49466,13.15751],[77.49452,13.1564],[77.4943,13.15558],[77.49437,13.15523],[77.49436,13.15435],[77.49444,13.15397],[77.49478,13.15388],[77.49562,13.1538],[77.49667,13.15379],[77.49704,13.15366],[77.49727,13.15332],[77.49695,13.15259],[77.49684,13.15216],[77.49683,13.15196],[77.49693,13.15128],[77.49679,13.15046],[77.49676,13.15],[77.49569,13.14999],[77.49483,13.15006],[77.49346,13.15025],[77.49309,13.15035],[77.49286,13.15049],[77.49273,13.15075],[77.49279,13.1527],[77.49275,13.1543],[77.49295,13.15678],[77.49299,13.15705],[77.49314,13.15724],[77.49312,13.15731],[77.49246,13.15743],[77.49184,13.15744],[77.4916,13.1574],[77.4914,13.15731],[77.49121,13.15696],[77.49069,13.15686],[77.49091,13.17886],[77.49109,13.17898],[77.49122,13.17886],[77.49137,13.17836],[77.49153,13.17812],[77.49153,13.17803],[77.49134,13.17776],[77.49136,13.17771],[77.49153,13.17758],[77.49169,13.17755],[77.49179,13.17763],[77.49196,13.17792],[77.4934,13.17922],[77.49445,13.18025],[77.49526,13.18093],[77.49576,13.18141],[77.49615,13.18189],[77.49641,13.18231],[77.49738,13.18471],[77.49784,13.18519],[77.49863,13.18571],[77.49907,13.1861],[77.49931,13.1864],[77.49945,13.18792],[77.49952,13.1882],[77.49975,13.18855],[77.50051,13.18914],[77.5019,13.19178],[77.5021,13.19263],[77.50203,13.1935],[77.50352,13.19281],[77.50414,13.1926],[77.50434,13.19247],[77.50453,13.19196],[77.50494,13.19146],[77.50512,13.19109],[77.50525,13.19043],[77.50542,13.19],[77.50557,13.18985],[77.50649,13.18918],[77.50703,13.18871],[77.50742,13.18856]]]]}},{"type":"Feature","properties":{"id":"lake-448","name":"Mapped lake/tank"},"geometry":{"type":"MultiPolygon","coordinates":[[[[77.50366,13.19376],[77.50358,13.19359],[77.50369,13.19346],[77.50411,13.19332],[77.50486,13.19318],[77.50512,13.19322],[77.5057,13.19341],[77.50633,13.19385],[77.50676,13.19375],[77.50692,13.19364],[77.50699,13.19339],[77.50699,13.19321],[77.50681,13.19265],[77.50678,13.19207],[77.50689,13.19176],[77.50713,13.19164],[77.50758,13.19162],[77.5078,13.19171],[77.50847,13.19213],[77.50902,13.19227],[77.50961,13.19274],[77.50975,13.19268],[77.50978,13.19214],[77.50989,13.19197],[77.50996,13.19174],[77.50959,13.19119],[77.50934,13.19108],[77.50846,13.19076],[77.50817,13.19088],[77.50799,13.19085],[77.50694,13.19048],[77.5065,13.19023],[77.50587,13.19007],[77.50545,13.19009],[77.50531,13.19045],[77.50518,13.19112],[77.50499,13.1915],[77.50459,13.19199],[77.50439,13.19251],[77.50417,13.19266],[77.50355,13.19287],[77.50234,13.19344],[77.50237,13.19349],[77.50284,13.19351],[77.5031,13.19388],[77.50328,13.19388],[77.50366,13.19376]]]]}},{"type":"Feature","properties":{"id":"lake-449","name":"Mapped lake/tank"},"geometry":{"type":"MultiPolygon","coordinates":[[[[77.52365,13.15915],[77.52346,13.15894],[77.52338,13.15873],[77.52335,13.15841],[77.52328,13.15833],[77.52283,13.15834],[77.52267,13.15841],[77.52262,13.15849],[77.52264,13.15856],[77.52301,13.15904],[77.52305,13.15915],[77.52297,13.15939],[77.52269,13.15973],[77.52224,13.16003],[77.52151,13.16065],[77.52127,13.16094],[77.52092,13.16116],[77.52066,13.16125],[77.52045,13.1616],[77.52041,13.16186],[77.52046,13.16193],[77.52057,13.16194],[77.52111,13.16187],[77.52148,13.16188],[77.52183,13.16224],[77.52207,13.16256],[77.52222,13.16259],[77.52251,13.16315],[77.52262,13.16323],[77.52299,13.16321],[77.52322,13.16354],[77.52347,13.16351],[77.52352,13.16354],[77.52407,13.16442],[77.52438,13.16426],[77.52447,13.16415],[77.52447,13.1639],[77.52438,13.16343],[77.52419,13.16276],[77.52424,13.16244],[77.52422,13.16218],[77.52394,13.16046],[77.52365,13.15915]]]]}},{"type":"Feature","properties":{"id":"lake-450","name":"Mapped lake/tank"},"geometry":{"type":"MultiPolygon","coordinates":[[[[77.5163,13.15708],[77.51615,13.1567],[77.51615,13.15654],[77.51639,13.15618],[77.51641,13.15598],[77.51621,13.15535],[77.51609,13.15528],[77.51596,13.15471],[77.51595,13.15447],[77.51598,13.15437],[77.51623,13.15405],[77.51651,13.15345],[77.51689,13.15284],[77.51697,13.15264],[77.51693,13.15251],[77.51671,13.15251],[77.51582,13.15292],[77.51554,13.15294],[77.51524,13.15291],[77.51466,13.15278],[77.51425,13.15264],[77.51411,13.15256],[77.51393,13.15239],[77.51326,13.15198],[77.51304,13.15174],[77.51263,13.15092],[77.5125,13.15053],[77.51238,13.15037],[77.51203,13.15039],[77.51175,13.15052],[77.51174,13.15073],[77.51187,13.15091],[77.51219,13.15107],[77.51224,13.1514],[77.51215,13.15176],[77.51177,13.15281],[77.51164,13.15334],[77.51163,13.1537],[77.51135,13.15443],[77.51124,13.15555],[77.51109,13.15581],[77.51081,13.15607],[77.51053,13.1562],[77.51027,13.15624],[77.51012,13.15645],[77.51058,13.15692],[77.51064,13.15667],[77.51069,13.15657],[77.51079,13.15652],[77.51135,13.15638],[77.51183,13.1562],[77.5123,13.15609],[77.51252,13.15609],[77.51335,13.15628],[77.51383,13.15664],[77.51376,13.15681],[77.51456,13.1572],[77.51633,13.15729],[77.5163,13.15708]]]]}},{"type":"Feature","properties":{"id":"lake-451","name":"Mapped lake/tank"},"geometry":{"type":"MultiPolygon","coordinates":[[[[77.5192,13.18395],[77.51941,13.18386],[77.51936,13.18355],[77.5197,13.18263],[77.51927,13.18284],[77.51881,13.18334],[77.51868,13.18364],[77.51866,13.18403],[77.51861,13.18423],[77.5192,13.18395]]]]}},{"type":"Feature","properties":{"id":"lake-452","name":"Mapped lake/tank"},"geometry":{"type":"MultiPolygon","coordinates":[[[[77.52868,13.18821],[77.52882,13.18795],[77.52901,13.18698],[77.5291,13.1865],[77.52905,13.18629],[77.52868,13.18638],[77.52804,13.18641],[77.52787,13.18593],[77.52744,13.18616],[77.52599,13.18718],[77.52522,13.1875],[77.525,13.1875],[77.52449,13.18738],[77.52458,13.18759],[77.52492,13.1878],[77.52523,13.1881],[77.52547,13.18867],[77.52599,13.19022],[77.5262,13.19046],[77.5263,13.19032],[77.52625,13.1901],[77.52629,13.18995],[77.5267,13.18957],[77.52687,13.18935],[77.52718,13.18876],[77.52769,13.18829],[77.5279,13.18811],[77.5281,13.1881],[77.52828,13.18818],[77.52841,13.18832],[77.52859,13.1883],[77.52868,13.18821]]]]}},{"type":"Feature","properties":{"id":"lake-453","name":"Mapped lake/tank"},"geometry":{"type":"MultiPolygon","coordinates":[[[[77.53603,13.18971],[77.53596,13.18968],[77.53574,13.18974],[77.53515,13.19006],[77.53542,13.19034],[77.53565,13.19036],[77.53593,13.19026],[77.53609,13.18989],[77.53603,13.18971]]]]}},{"type":"Feature","properties":{"id":"lake-454","name":"Mapped lake/tank"},"geometry":{"type":"MultiPolygon","coordinates":[[[[77.51955,13.15216],[77.52035,13.15176],[77.52091,13.15086],[77.52112,13.15044],[77.52142,13.14955],[77.52145,13.14935],[77.52129,13.14922],[77.52115,13.14917],[77.51942,13.14918],[77.51878,13.14927],[77.51868,13.14939],[77.51845,13.14951],[77.51846,13.14956],[77.51856,13.1496],[77.519,13.14971],[77.51925,13.14994],[77.51942,13.15022],[77.51969,13.15086],[77.51972,13.15104],[77.51958,13.15173],[77.51952,13.15187],[77.51931,13.15192],[77.51929,13.152],[77.51946,13.15217],[77.51955,13.15216]]]]}},{"type":"Feature","properties":{"id":"lake-455","name":"Mapped lake/tank"},"geometry":{"type":"MultiPolygon","coordinates":[[[[77.53306,13.18279],[77.53308,13.1826],[77.53314,13.1825],[77.53346,13.18231],[77.53358,13.1823],[77.53374,13.18218],[77.53362,13.18196],[77.5336,13.18172],[77.53396,13.18037],[77.53403,13.17956],[77.53402,13.17945],[77.53393,13.17936],[77.53292,13.17952],[77.53269,13.1797],[77.53245,13.17977],[77.53237,13.17978],[77.53229,13.17973],[77.53218,13.17976],[77.53195,13.18005],[77.53182,13.18012],[77.53146,13.1801],[77.53125,13.17996],[77.53114,13.17996],[77.5313,13.18029],[77.53173,13.18066],[77.53221,13.18136],[77.53248,13.18185],[77.53295,13.18288],[77.53301,13.18288],[77.53306,13.18279]]]]}},{"type":"Feature","properties":{"id":"lake-456","name":"Mapped lake/tank"},"geometry":{"type":"MultiPolygon","coordinates":[[[[77.50891,13.17729],[77.50956,13.17715],[77.50992,13.17702],[77.51011,13.17693],[77.5104,13.17664],[77.51065,13.17612],[77.51069,13.17586],[77.51063,13.17527],[77.51044,13.17483],[77.51024,13.17478],[77.50984,13.17493],[77.5093,13.17552],[77.50895,13.17568],[77.50842,13.17574],[77.50767,13.17562],[77.50748,13.17563],[77.50748,13.17575],[77.50762,13.17587],[77.50777,13.17613],[77.50787,13.1766],[77.50792,13.17723],[77.50784,13.17759],[77.50754,13.17813],[77.50774,13.1782],[77.50789,13.17809],[77.50816,13.17774],[77.50834,13.17758],[77.50874,13.17733],[77.50891,13.17729]]]]}},{"type":"Feature","properties":{"id":"lake-457","name":"Mapped lake/tank"},"geometry":{"type":"MultiPolygon","coordinates":[[[[77.44879,13.13868],[77.44882,13.13848],[77.44879,13.13841],[77.44816,13.13803],[77.44753,13.13744],[77.44743,13.13738],[77.44704,13.13731],[77.44694,13.13797],[77.44696,13.139],[77.44688,13.13935],[77.44692,13.13942],[77.44707,13.13944],[77.44718,13.13941],[77.44737,13.13918],[77.44757,13.13906],[77.44879,13.13868]]]]}},{"type":"Feature","properties":{"id":"lake-458","name":"Mapped lake/tank"},"geometry":{"type":"MultiPolygon","coordinates":[[[[77.51145,13.19247],[77.51118,13.19251],[77.51105,13.19261],[77.51105,13.19279],[77.51123,13.19333],[77.51166,13.19389],[77.51199,13.19443],[77.51234,13.19443],[77.51218,13.194],[77.51194,13.19265],[77.51173,13.1925],[77.51145,13.19247]]]]}},{"type":"Feature","properties":{"id":"lake-459","name":"Mapped lake/tank"},"geometry":{"type":"MultiPolygon","coordinates":[[[[77.50633,13.19385],[77.5057,13.19341],[77.50512,13.19322],[77.50486,13.19318],[77.50411,13.19332],[77.50369,13.19346],[77.50358,13.19359],[77.50366,13.19376],[77.50447,13.19353],[77.50485,13.19354],[77.50524,13.19371],[77.50592,13.19407],[77.50609,13.19422],[77.50622,13.19441],[77.50649,13.19439],[77.50659,13.19428],[77.50658,13.19409],[77.50633,13.19385]]]]}},{"type":"Feature","properties":{"id":"lake-460","name":"Mapped lake/tank"},"geometry":{"type":"MultiPolygon","coordinates":[[[[77.51145,13.19247],[77.51093,13.19187],[77.51062,13.19167],[77.51034,13.19157],[77.50959,13.19119],[77.50996,13.19174],[77.50989,13.19197],[77.50978,13.19214],[77.50975,13.19268],[77.50961,13.19274],[77.50902,13.19227],[77.50847,13.19213],[77.5078,13.19171],[77.50758,13.19162],[77.50713,13.19164],[77.50689,13.19176],[77.50678,13.19207],[77.50681,13.19265],[77.50699,13.19321],[77.50699,13.1935],[77.50692,13.19364],[77.50676,13.19375],[77.50633,13.19385],[77.50658,13.19409],[77.50659,13.19428],[77.50649,13.19439],[77.50622,13.19441],[77.50626,13.19448],[77.51199,13.19443],[77.51166,13.19389],[77.51123,13.19333],[77.51105,13.19279],[77.51105,13.19261],[77.51118,13.19251],[77.51145,13.19247]]]]}},{"type":"Feature","properties":{"id":"lake-461","name":"Mapped lake/tank"},"geometry":{"type":"MultiPolygon","coordinates":[[[[77.48118,13.14677],[77.48132,13.14698],[77.48135,13.1472],[77.48115,13.14813],[77.48089,13.14859],[77.48027,13.14916],[77.47999,13.14957],[77.48223,13.14954],[77.48193,13.14824],[77.48191,13.14781],[77.48143,13.1467],[77.48118,13.14677]]]]}},{"type":"Feature","properties":{"id":"lake-462","name":"Mapped lake/tank"},"geometry":{"type":"MultiPolygon","coordinates":[[[[77.49291,13.21292],[77.49304,13.21267],[77.49315,13.21261],[77.49328,13.21234],[77.49339,13.21224],[77.49355,13.21187],[77.4934,13.2116],[77.49308,13.21156],[77.49308,13.21187],[77.49255,13.21248],[77.49194,13.21245],[77.49193,13.21208],[77.49213,13.21155],[77.49197,13.21124],[77.49163,13.21122],[77.49155,13.21141],[77.49124,13.21137],[77.49127,13.21366],[77.49203,13.21362],[77.4927,13.21365],[77.49283,13.21351],[77.49291,13.21292]]]]}},{"type":"Feature","properties":{"id":"lake-463","name":"Mapped lake/tank"},"geometry":{"type":"MultiPolygon","coordinates":[[[[77.49355,13.21187],[77.49377,13.21176],[77.49384,13.2116],[77.49384,13.21116],[77.49373,13.21091],[77.49294,13.21091],[77.49269,13.21083],[77.49235,13.21061],[77.49208,13.2104],[77.49175,13.20993],[77.49145,13.20965],[77.4914,13.20957],[77.49139,13.20919],[77.49131,13.20914],[77.49122,13.20915],[77.49124,13.21137],[77.49155,13.21141],[77.49163,13.21122],[77.49197,13.21124],[77.49213,13.21155],[77.49193,13.21208],[77.49194,13.21245],[77.49255,13.21248],[77.49308,13.21187],[77.49308,13.21156],[77.4934,13.2116],[77.49355,13.21187]]]]}},{"type":"Feature","properties":{"id":"lake-464","name":"Mapped lake/tank"},"geometry":{"type":"MultiPolygon","coordinates":[[[[77.53364,13.1974],[77.5337,13.19735],[77.53379,13.19703],[77.53438,13.19644],[77.53481,13.19588],[77.53515,13.19562],[77.53584,13.19526],[77.53615,13.19476],[77.53634,13.19458],[77.53698,13.19418],[77.53551,13.1942],[77.53493,13.19435],[77.53414,13.19469],[77.53329,13.19491],[77.53223,13.19507],[77.53187,13.19507],[77.53176,13.195],[77.53156,13.19479],[77.53149,13.19478],[77.53139,13.19485],[77.53129,13.19467],[77.53118,13.1947],[77.53116,13.19476],[77.53126,13.19486],[77.53146,13.19531],[77.53195,13.19584],[77.53228,13.19658],[77.53251,13.19692],[77.53277,13.19747],[77.53284,13.19754],[77.53352,13.19738],[77.53364,13.1974]]]]}},{"type":"Feature","properties":{"id":"lake-465","name":"Mapped lake/tank"},"geometry":{"type":"MultiPolygon","coordinates":[[[[77.49596,13.2017],[77.49615,13.20161],[77.49633,13.20135],[77.49642,13.2013],[77.49709,13.20141],[77.49724,13.20134],[77.49731,13.20118],[77.49733,13.20077],[77.4976,13.20004],[77.49797,13.19955],[77.49786,13.19946],[77.49747,13.19943],[77.49676,13.19996],[77.49637,13.20011],[77.49469,13.20018],[77.49419,13.20017],[77.49409,13.20012],[77.49395,13.20016],[77.49407,13.20036],[77.49435,13.20052],[77.49473,13.20045],[77.49487,13.20049],[77.49502,13.20063],[77.49512,13.20083],[77.49509,13.20124],[77.49513,13.2013],[77.49558,13.20149],[77.49582,13.20169],[77.49596,13.2017]]]]}},{"type":"Feature","properties":{"id":"lake-466","name":"Mapped lake/tank"},"geometry":{"type":"MultiPolygon","coordinates":[[[[77.51561,13.22097],[77.5158,13.22092],[77.51589,13.22058],[77.51576,13.21976],[77.51548,13.21875],[77.51549,13.21799],[77.51541,13.21681],[77.51553,13.21637],[77.51597,13.21582],[77.51607,13.21542],[77.51572,13.21485],[77.51549,13.21484],[77.51537,13.21487],[77.51531,13.21494],[77.51544,13.21542],[77.51542,13.21561],[77.51452,13.21697],[77.51429,13.21711],[77.51322,13.21741],[77.5133,13.21766],[77.51328,13.21784],[77.51265,13.21814],[77.5126,13.21796],[77.51247,13.21797],[77.51234,13.21827],[77.51219,13.2183],[77.51221,13.21845],[77.51212,13.21919],[77.51218,13.2194],[77.51227,13.21945],[77.51316,13.21948],[77.51325,13.21954],[77.51324,13.21977],[77.51331,13.22015],[77.51334,13.22027],[77.51344,13.22036],[77.51366,13.22037],[77.51407,13.22025],[77.51457,13.22022],[77.51525,13.22061],[77.51531,13.22087],[77.5154,13.22099],[77.51561,13.22097]]]]}},{"type":"Feature","properties":{"id":"lake-467","name":"Mapped lake/tank"},"geometry":{"type":"MultiPolygon","coordinates":[[[[77.50011,13.17217],[77.50029,13.17142],[77.50044,13.17119],[77.50066,13.17109],[77.50084,13.17114],[77.50088,13.17088],[77.50103,13.17047],[77.50182,13.17033],[77.50211,13.17007],[77.50223,13.16873],[77.50174,13.16881],[77.50068,13.16858],[77.50054,13.16849],[77.5003,13.16847],[77.5001,13.16849],[77.49932,13.16885],[77.49884,13.16894],[77.49845,13.16893],[77.49803,13.16879],[77.49775,13.16852],[77.49767,13.16836],[77.49637,13.16874],[77.49627,13.16952],[77.49583,13.17065],[77.49574,13.17154],[77.49585,13.17245],[77.49636,13.17298],[77.49661,13.1743],[77.49696,13.17447],[77.4977,13.17444],[77.49788,13.17484],[77.49813,13.17627],[77.49891,13.17598],[77.49738,13.17341],[77.50011,13.17217]]]]}},{"type":"Feature","properties":{"id":"lake-468","name":"Mapped lake/tank"},"geometry":{"type":"MultiPolygon","coordinates":[[[[77.51926,13.20248],[77.51878,13.20243],[77.5187,13.20235],[77.51821,13.20285],[77.51842,13.2031],[77.51821,13.20396],[77.51934,13.2046],[77.52007,13.20414],[77.52036,13.20374],[77.52031,13.20301],[77.51966,13.20305],[77.51907,13.20288],[77.51926,13.20248]]]]}},{"type":"Feature","properties":{"id":"lake-469","name":"Mapped lake/tank"},"geometry":{"type":"MultiPolygon","coordinates":[[[[77.54366,13.23077],[77.54407,13.2307],[77.54435,13.23059],[77.54455,13.23023],[77.54471,13.23009],[77.54482,13.23009],[77.54488,13.2288],[77.54507,13.22807],[77.54546,13.22692],[77.54559,13.2267],[77.54483,13.22648],[77.54355,13.22651],[77.54268,13.22644],[77.5416,13.22592],[77.54189,13.22617],[77.54199,13.22649],[77.54207,13.22696],[77.54204,13.22708],[77.54236,13.22763],[77.5426,13.22831],[77.54286,13.22882],[77.54307,13.22943],[77.5431,13.23069],[77.54327,13.23076],[77.54366,13.23077]]]]}},{"type":"Feature","properties":{"id":"lake-470","name":"Mapped lake/tank"},"geometry":{"type":"MultiPolygon","coordinates":[[[[77.57584,13.19965],[77.57587,13.19926],[77.57595,13.19897],[77.57627,13.19873],[77.5769,13.19848],[77.57711,13.19808],[77.57705,13.19751],[77.5771,13.19679],[77.57702,13.19631],[77.57689,13.19588],[77.57665,13.19569],[77.57662,13.19558],[77.57646,13.19547],[77.57616,13.19551],[77.57574,13.19574],[77.57553,13.19589],[77.57543,13.19607],[77.57518,13.19621],[77.57505,13.19621],[77.57497,13.19598],[77.5748,13.19596],[77.57481,13.1963],[77.57476,13.19638],[77.57434,13.1966],[77.57402,13.19684],[77.57402,13.19694],[77.57452,13.19746],[77.57505,13.19816],[77.57533,13.19869],[77.57542,13.19915],[77.57541,13.19949],[77.57554,13.19966],[77.57564,13.19971],[77.5758,13.19971],[77.57584,13.19965]]]]}},{"type":"Feature","properties":{"id":"lake-471","name":"Mapped lake/tank"},"geometry":{"type":"MultiPolygon","coordinates":[[[[77.54545,13.21793],[77.54643,13.21772],[77.54662,13.21762],[77.54647,13.2173],[77.54608,13.21669],[77.54561,13.21559],[77.54511,13.21407],[77.54513,13.21364],[77.54523,13.21342],[77.54515,13.21328],[77.54471,13.21322],[77.5445,13.21298],[77.54441,13.21293],[77.54306,13.21292],[77.54286,13.21289],[77.54265,13.21271],[77.54213,13.21193],[77.54193,13.2118],[77.54064,13.21312],[77.53905,13.21447],[77.53926,13.21465],[77.53964,13.21512],[77.54034,13.21569],[77.54063,13.2159],[77.54116,13.21617],[77.54134,13.21652],[77.54149,13.2166],[77.54157,13.21669],[77.5417,13.21699],[77.54189,13.21713],[77.54233,13.21725],[77.54282,13.21753],[77.54321,13.21758],[77.54364,13.21787],[77.54436,13.21792],[77.5446,13.2181],[77.54545,13.21793]]]]}},{"type":"Feature","properties":{"id":"lake-472","name":"Mapped lake/tank"},"geometry":{"type":"MultiPolygon","coordinates":[[[[77.55797,13.22705],[77.55823,13.22198],[77.5579,13.22187],[77.55785,13.2218],[77.55708,13.22],[77.55697,13.21994],[77.55664,13.21998],[77.55649,13.21993],[77.55638,13.21957],[77.55627,13.2194],[77.55589,13.21913],[77.5557,13.21886],[77.5556,13.2188],[77.55485,13.21893],[77.5547,13.21893],[77.55447,13.21881],[77.55434,13.2186],[77.55424,13.21827],[77.55381,13.21753],[77.55369,13.2174],[77.55376,13.21862],[77.55445,13.21965],[77.55456,13.21996],[77.55505,13.22081],[77.55513,13.22139],[77.55504,13.2219],[77.55506,13.22237],[77.55476,13.22281],[77.5544,13.22386],[77.55425,13.224],[77.55367,13.22421],[77.55316,13.22423],[77.55275,13.22414],[77.55236,13.22415],[77.55198,13.22409],[77.55191,13.22409],[77.55183,13.22418],[77.5519,13.22427],[77.55206,13.22432],[77.55269,13.22439],[77.55383,13.22433],[77.55413,13.22426],[77.55442,13.22428],[77.55481,13.22446],[77.55515,13.22478],[77.55543,13.2249],[77.55641,13.22517],[77.55651,13.22525],[77.55663,13.22548],[77.55678,13.22561],[77.55758,13.22605],[77.55775,13.22651],[77.55782,13.22703],[77.55788,13.22708],[77.55797,13.22705]]]]}},{"type":"Feature","properties":{"id":"lake-473","name":"Mapped lake/tank"},"geometry":{"type":"MultiPolygon","coordinates":[[[[77.56481,13.21427],[77.56473,13.21366],[77.56477,13.21354],[77.56484,13.21351],[77.56525,13.21367],[77.56544,13.2137],[77.56557,13.2137],[77.56565,13.21361],[77.56564,13.21323],[77.56544,13.21279],[77.56543,13.21251],[77.56574,13.21067],[77.5661,13.21032],[77.56673,13.20991],[77.56681,13.20965],[77.56674,13.20953],[77.56592,13.20899],[77.56535,13.20882],[77.56524,13.20885],[77.56501,13.209],[77.56443,13.2095],[77.56429,13.20954],[77.56385,13.20952],[77.56372,13.20961],[77.56341,13.21002],[77.56332,13.21053],[77.56289,13.2109],[77.56281,13.21141],[77.56268,13.21172],[77.5626,13.21185],[77.56237,13.21201],[77.5622,13.21228],[77.56167,13.21257],[77.56131,13.21263],[77.56112,13.21274],[77.56073,13.21277],[77.5607,13.213],[77.5606,13.21313],[77.55965,13.21356],[77.55962,13.21363],[77.55969,13.21382],[77.55994,13.21386],[77.56049,13.21365],[77.56091,13.21347],[77.56125,13.21326],[77.56148,13.21319],[77.56169,13.21322],[77.56237,13.21344],[77.56411,13.21429],[77.56452,13.21454],[77.56471,13.21457],[77.56477,13.21454],[77.56481,13.21427]]]]}},{"type":"Feature","properties":{"id":"lake-474","name":"Mapped lake/tank"},"geometry":{"type":"MultiPolygon","coordinates":[[[[77.55046,13.21148],[77.55014,13.21076],[77.55003,13.2099],[77.55005,13.20917],[77.55026,13.20833],[77.55023,13.20805],[77.55012,13.20791],[77.54995,13.20782],[77.54963,13.20774],[77.54949,13.20763],[77.54917,13.20722],[77.54892,13.20712],[77.54879,13.20723],[77.54864,13.20754],[77.54853,13.20786],[77.54846,13.20838],[77.54836,13.20855],[77.54768,13.20927],[77.54768,13.20932],[77.54785,13.20939],[77.54781,13.20948],[77.54673,13.20969],[77.54685,13.20995],[77.54695,13.21006],[77.54727,13.21025],[77.54755,13.21035],[77.54808,13.21045],[77.54844,13.21059],[77.5493,13.21077],[77.5495,13.21086],[77.55014,13.21139],[77.55041,13.21172],[77.55046,13.21148]]]]}},{"type":"Feature","properties":{"id":"lake-475","name":"Mapped lake/tank"},"geometry":{"type":"MultiPolygon","coordinates":[[[[77.56713,13.20256],[77.56741,13.20238],[77.56778,13.20233],[77.56793,13.2022],[77.56797,13.20208],[77.56795,13.20127],[77.56801,13.20088],[77.56819,13.20048],[77.56822,13.20033],[77.56795,13.19967],[77.56792,13.19947],[77.56614,13.19993],[77.56585,13.19992],[77.56576,13.2002],[77.56553,13.2005],[77.56527,13.20102],[77.56495,13.20149],[77.56485,13.20184],[77.5647,13.20182],[77.56459,13.20168],[77.5645,13.20165],[77.56442,13.20166],[77.5643,13.20173],[77.56443,13.20189],[77.56461,13.20196],[77.56599,13.20198],[77.56634,13.20204],[77.56678,13.20234],[77.5669,13.2025],[77.56702,13.20257],[77.56713,13.20256]]]]}},{"type":"Feature","properties":{"id":"lake-476","name":"Mapped lake/tank"},"geometry":{"type":"MultiPolygon","coordinates":[[[[77.56021,13.19946],[77.56027,13.19943],[77.56024,13.19927],[77.56005,13.199],[77.55995,13.19878],[77.55943,13.19812],[77.55855,13.19819],[77.55822,13.19804],[77.5577,13.19808],[77.55768,13.19815],[77.55799,13.19847],[77.55841,13.19904],[77.55842,13.19937],[77.55822,13.19984],[77.55857,13.19959],[77.55879,13.19957],[77.55939,13.19935],[77.55949,13.19937],[77.55969,13.19955],[77.55981,13.19957],[77.56021,13.19946]]]]}},{"type":"Feature","properties":{"id":"lake-477","name":"Mapped lake/tank"},"geometry":{"type":"MultiPolygon","coordinates":[[[[77.54023,13.21345],[77.54011,13.21328],[77.54009,13.21287],[77.53992,13.21181],[77.53961,13.21161],[77.53954,13.21091],[77.53944,13.21078],[77.53929,13.21068],[77.53897,13.21057],[77.53885,13.21045],[77.53886,13.20933],[77.53832,13.20908],[77.53733,13.20905],[77.53737,13.21307],[77.53841,13.21351],[77.5388,13.21384],[77.53922,13.21432],[77.54023,13.21345]]]]}},{"type":"Feature","properties":{"id":"lake-478","name":"Hesarghatta Tank"},"geometry":{"type":"MultiPolygon","coordinates":[[[[77.49676,13.15],[77.49674,13.1494],[77.49062,13.14946],[77.49069,13.15686],[77.49121,13.15696],[77.4914,13.15731],[77.4916,13.1574],[77.49184,13.15744],[77.49246,13.15743],[77.49312,13.15731],[77.49314,13.15724],[77.49299,13.15705],[77.49295,13.15678],[77.49275,13.1543],[77.49279,13.1527],[77.49273,13.15075],[77.49286,13.15049],[77.49309,13.15035],[77.49413,13.15014],[77.49569,13.14999],[77.49676,13.15]]]]}},{"type":"Feature","properties":{"id":"lake-479","name":"Mapped lake/tank"},"geometry":{"type":"MultiPolygon","coordinates":[[[[77.53717,13.19414],[77.53716,13.19341],[77.537,13.19361],[77.53687,13.19369],[77.53551,13.1942],[77.53698,13.19418],[77.53717,13.19414]]]]}},{"type":"Feature","properties":{"id":"lake-480","name":"Mapped lake/tank"},"geometry":{"type":"MultiPolygon","coordinates":[[[[77.5211,13.19434],[77.52154,13.19433],[77.52132,13.19361],[77.52122,13.19363],[77.52098,13.19386],[77.5211,13.19434]]]]}},{"type":"Feature","properties":{"id":"lake-481","name":"Mapped lake/tank"},"geometry":{"type":"MultiPolygon","coordinates":[[[[77.52184,13.19319],[77.5216,13.19315],[77.52146,13.19304],[77.52139,13.19287],[77.52101,13.19302],[77.52069,13.19323],[77.5205,13.19328],[77.5201,13.19356],[77.51985,13.19364],[77.51944,13.19353],[77.51915,13.19351],[77.51871,13.19365],[77.51787,13.19371],[77.51771,13.19377],[77.51715,13.19369],[77.51734,13.19394],[77.51763,13.19412],[77.51831,13.1941],[77.51908,13.19415],[77.51935,13.19428],[77.51941,13.19436],[77.5211,13.19434],[77.52098,13.19386],[77.52122,13.19363],[77.52132,13.19361],[77.52154,13.19433],[77.52302,13.19432],[77.52268,13.19369],[77.52253,13.19315],[77.52184,13.19319]]]]}},{"type":"Feature","properties":{"id":"lake-482","name":"Mapped lake/tank"},"geometry":{"type":"MultiPolygon","coordinates":[[[[77.51186,13.20054],[77.51222,13.2007],[77.51228,13.20066],[77.512,13.20044],[77.51186,13.20054]]]]}},{"type":"Feature","properties":{"id":"lake-483","name":"Mapped lake/tank"},"geometry":{"type":"MultiPolygon","coordinates":[[[[77.51251,13.20085],[77.51274,13.20094],[77.51287,13.20081],[77.51274,13.20074],[77.51251,13.20085]]]]}},{"type":"Feature","properties":{"id":"lake-484","name":"Mapped lake/tank"},"geometry":{"type":"MultiPolygon","coordinates":[[[[77.52154,13.19433],[77.5211,13.19434],[77.5212,13.19468],[77.52135,13.1947],[77.52158,13.19462],[77.52154,13.19433]]]]}},{"type":"Feature","properties":{"id":"lake-485","name":"Mapped lake/tank"},"geometry":{"type":"MultiPolygon","coordinates":[[[[77.53421,13.20819],[77.5341,13.20808],[77.5339,13.2082],[77.53377,13.20837],[77.53401,13.20882],[77.53422,13.20872],[77.53438,13.20853],[77.53421,13.20819]]]]}},{"type":"Feature","properties":{"id":"lake-486","name":"Mapped lake/tank"},"geometry":{"type":"MultiPolygon","coordinates":[[[[77.53733,13.20905],[77.53653,13.20887],[77.53597,13.20902],[77.53585,13.20899],[77.53569,13.20965],[77.53591,13.20969],[77.53585,13.21051],[77.53468,13.21048],[77.53462,13.2118],[77.53512,13.21188],[77.53507,13.21239],[77.53588,13.21257],[77.53589,13.21279],[77.53624,13.21296],[77.53633,13.21272],[77.53737,13.21307],[77.53733,13.20905]]]]}},{"type":"Feature","properties":{"id":"lake-487","name":"Mapped lake/tank"},"geometry":{"type":"MultiPolygon","coordinates":[[[[77.51322,13.21741],[77.51287,13.21754],[77.51253,13.21781],[77.51218,13.21788],[77.51219,13.2183],[77.51234,13.21827],[77.51247,13.21797],[77.5126,13.21796],[77.51265,13.21814],[77.51328,13.21784],[77.5133,13.21766],[77.51322,13.21741]]]]}},{"type":"Feature","properties":{"id":"lake-488","name":"Mapped lake/tank"},"geometry":{"type":"MultiPolygon","coordinates":[[[[77.5155,13.20495],[77.51551,13.20412],[77.51543,13.20405],[77.51506,13.20409],[77.51516,13.20498],[77.5155,13.20495]]]]}},{"type":"Feature","properties":{"id":"lake-489","name":"Mapped lake/tank"},"geometry":{"type":"MultiPolygon","coordinates":[[[[77.51579,13.20506],[77.51608,13.20525],[77.51617,13.20507],[77.5164,13.20493],[77.51635,13.20427],[77.51628,13.20416],[77.51598,13.20414],[77.51575,13.20419],[77.51579,13.20506]]]]}},{"type":"Feature","properties":{"id":"lake-490","name":"Mapped lake/tank"},"geometry":{"type":"MultiPolygon","coordinates":[[[[77.51683,13.20606],[77.51726,13.20667],[77.51763,13.20653],[77.51746,13.20598],[77.51724,13.20576],[77.51683,13.20606]]]]}},{"type":"Feature","properties":{"id":"lake-491","name":"Mapped lake/tank"},"geometry":{"type":"MultiPolygon","coordinates":[[[[77.50883,13.19788],[77.50891,13.19811],[77.5093,13.19837],[77.50939,13.19792],[77.50893,13.19764],[77.50875,13.19762],[77.50883,13.19788]]]]}},{"type":"Feature","properties":{"id":"lake-492","name":"Mapped lake/tank"},"geometry":{"type":"MultiPolygon","coordinates":[[[[77.52121,13.20245],[77.52068,13.20235],[77.52056,13.20237],[77.52055,13.20253],[77.52109,13.20262],[77.52121,13.20245]]]]}},{"type":"Feature","properties":{"id":"lake-493","name":"Mapped lake/tank"},"geometry":{"type":"MultiPolygon","coordinates":[[[[77.52127,13.19816],[77.52146,13.19778],[77.52225,13.19727],[77.52274,13.19687],[77.52315,13.19661],[77.5235,13.1963],[77.52366,13.1961],[77.5238,13.19582],[77.52356,13.19582],[77.52338,13.19609],[77.52266,13.1965],[77.52186,13.19707],[77.52173,13.19668],[77.52197,13.19657],[77.5218,13.19598],[77.52151,13.19602],[77.52166,13.19656],[77.52137,13.19663],[77.52156,13.19712],[77.52106,13.19735],[77.52096,13.19772],[77.52091,13.19817],[77.52127,13.19816]]]]}},{"type":"Feature","properties":{"id":"lake-494","name":"Mapped lake/tank"},"geometry":{"type":"MultiPolygon","coordinates":[[[[77.52372,13.19536],[77.52359,13.19514],[77.52347,13.19458],[77.52294,13.19483],[77.52301,13.19514],[77.52295,13.19518],[77.52308,13.1956],[77.5235,13.19549],[77.52372,13.19536]]]]}},{"type":"Feature","properties":{"id":"lake-495","name":"Mapped lake/tank"},"geometry":{"type":"MultiPolygon","coordinates":[[[[77.52089,13.20259],[77.52055,13.20253],[77.52056,13.20237],[77.52068,13.20235],[77.5205,13.20205],[77.52039,13.20203],[77.51994,13.2021],[77.51981,13.20217],[77.51975,13.2023],[77.51968,13.20234],[77.51926,13.20248],[77.51907,13.20288],[77.51966,13.20305],[77.52031,13.20301],[77.52036,13.20374],[77.52007,13.20414],[77.51934,13.2046],[77.51974,13.20494],[77.52,13.20502],[77.52026,13.20497],[77.52065,13.20473],[77.52075,13.2042],[77.52068,13.20409],[77.52046,13.20401],[77.52052,13.20371],[77.52063,13.20355],[77.5209,13.20332],[77.52094,13.20316],[77.52089,13.20259]]]]}},{"type":"Feature","properties":{"id":"lake-496","name":"Mapped lake/tank"},"geometry":{"type":"MultiPolygon","coordinates":[[[[77.54193,13.2118],[77.54138,13.21174],[77.54106,13.21152],[77.54095,13.21133],[77.54066,13.21101],[77.54031,13.21043],[77.53992,13.2101],[77.53954,13.20998],[77.53933,13.20977],[77.53909,13.20942],[77.53886,13.20933],[77.53885,13.21045],[77.53897,13.21057],[77.53929,13.21068],[77.53944,13.21078],[77.53954,13.21091],[77.53961,13.21161],[77.53992,13.21181],[77.54009,13.21287],[77.54011,13.21328],[77.54023,13.21345],[77.54064,13.21312],[77.54193,13.2118]]]]}},{"type":"Feature","properties":{"id":"lake-497","name":"Mapped lake/tank"},"geometry":{"type":"MultiPolygon","coordinates":[[[[77.53922,13.21432],[77.5388,13.21384],[77.53841,13.21351],[77.53737,13.21307],[77.53738,13.21385],[77.53881,13.21442],[77.53905,13.21447],[77.53922,13.21432]]]]}},{"type":"Feature","properties":{"id":"lake-498","name":"Mapped lake/tank"},"geometry":{"type":"MultiPolygon","coordinates":[[[[77.35583,12.94956],[77.35637,12.94917],[77.35672,12.94878],[77.35723,12.94846],[77.35721,12.94839],[77.35712,12.94833],[77.35674,12.94831],[77.35652,12.94814],[77.35617,12.94721],[77.35609,12.94666],[77.35601,12.94661],[77.35592,12.94664],[77.35585,12.94681],[77.35572,12.94745],[77.35568,12.94809],[77.35579,12.94855],[77.35574,12.94866],[77.35562,12.94874],[77.35559,12.94901],[77.35542,12.94914],[77.35535,12.94932],[77.35523,12.94944],[77.35527,12.94951],[77.35545,12.9495],[77.35564,12.94961],[77.35583,12.94956]]]]}},{"type":"Feature","properties":{"id":"lake-499","name":"Mapped lake/tank"},"geometry":{"type":"MultiPolygon","coordinates":[[[[77.77783,12.91886],[77.77765,12.91886],[77.77756,12.91891],[77.77753,12.91908],[77.77757,12.91922],[77.77795,12.9199],[77.7781,12.91997],[77.77826,12.91993],[77.77838,12.91984],[77.77838,12.91972],[77.77806,12.91928],[77.77797,12.91896],[77.77783,12.91886]]]]}},{"type":"Feature","properties":{"id":"lake-500","name":"Mapped lake/tank"},"geometry":{"type":"MultiPolygon","coordinates":[[[[77.79208,12.90207],[77.7917,12.90209],[77.79163,12.90213],[77.79163,12.9022],[77.79179,12.90242],[77.79188,12.90245],[77.79248,12.90241],[77.79266,12.90233],[77.79261,12.90219],[77.79235,12.9021],[77.79208,12.90207]]]]}},{"type":"Feature","properties":{"id":"lake-501","name":"Mapped lake/tank"},"geometry":{"type":"MultiPolygon","coordinates":[[[[77.76583,12.9207],[77.76582,12.92049],[77.76571,12.92029],[77.7652,12.92024],[77.76492,12.91984],[77.76461,12.91958],[77.76463,12.9208],[77.76513,12.9207],[77.76583,12.9207]]]]}},{"type":"Feature","properties":{"id":"lake-502","name":"Mapped lake/tank"},"geometry":{"type":"MultiPolygon","coordinates":[[[[77.77378,12.88774],[77.77407,12.88766],[77.77507,12.88723],[77.77512,12.88738],[77.77529,12.88733],[77.77559,12.88651],[77.77585,12.88599],[77.77602,12.88554],[77.77602,12.88538],[77.77593,12.88526],[77.77584,12.88461],[77.77578,12.88447],[77.77562,12.88447],[77.77509,12.88482],[77.7745,12.88502],[77.77377,12.88558],[77.77361,12.88562],[77.77311,12.88549],[77.77247,12.88506],[77.77225,12.88502],[77.77221,12.88507],[77.77222,12.88501],[77.77089,12.88462],[77.77065,12.88468],[77.77063,12.88475],[77.77073,12.88489],[77.77118,12.88522],[77.77127,12.88528],[77.77161,12.88536],[77.77181,12.88547],[77.77196,12.88566],[77.77215,12.88607],[77.77229,12.88607],[77.7725,12.88597],[77.77262,12.88602],[77.77283,12.88653],[77.77305,12.88679],[77.77326,12.88736],[77.77363,12.88759],[77.7737,12.88773],[77.77378,12.88774]]]]}},{"type":"Feature","properties":{"id":"lake-503","name":"Mapped lake/tank"},"geometry":{"type":"MultiPolygon","coordinates":[[[[77.78725,12.89491],[77.78732,12.89479],[77.78734,12.89433],[77.78741,12.89411],[77.78794,12.89302],[77.78822,12.8928],[77.78827,12.89269],[77.78823,12.89259],[77.78811,12.89259],[77.78781,12.89278],[77.78764,12.89299],[77.78694,12.89334],[77.78664,12.89327],[77.78611,12.89307],[77.78582,12.89285],[77.7855,12.89283],[77.78548,12.89286],[77.78571,12.89329],[77.78638,12.89506],[77.7865,12.89509],[77.78725,12.89491]]]]}},{"type":"Feature","properties":{"id":"lake-504","name":"Mapped lake/tank"},"geometry":{"type":"MultiPolygon","coordinates":[[[[77.78835,12.91206],[77.78839,12.91197],[77.78866,12.91176],[77.78867,12.91166],[77.78848,12.9114],[77.78873,12.91084],[77.78888,12.91026],[77.78952,12.90932],[77.78953,12.90918],[77.78929,12.90909],[77.78887,12.90907],[77.78868,12.90947],[77.78841,12.90976],[77.7879,12.91002],[77.78697,12.91065],[77.78634,12.91094],[77.78628,12.91101],[77.78627,12.91108],[77.78634,12.91115],[77.78707,12.91134],[77.78726,12.91144],[77.78742,12.91162],[77.78784,12.91239],[77.788,12.91253],[77.78814,12.91256],[77.78823,12.91249],[77.78835,12.91206]]]]}},{"type":"Feature","properties":{"id":"lake-505","name":"Mapped lake/tank"},"geometry":{"type":"MultiPolygon","coordinates":[[[[77.78953,12.88656],[77.78964,12.88641],[77.78993,12.88618],[77.79022,12.88608],[77.78971,12.88542],[77.78917,12.88442],[77.78905,12.8841],[77.789,12.8833],[77.78891,12.88323],[77.78872,12.88334],[77.78858,12.88379],[77.78852,12.88386],[77.78753,12.88412],[77.78688,12.88445],[77.78656,12.88466],[77.78627,12.88527],[77.78578,12.88607],[77.78569,12.88629],[77.78563,12.88698],[77.78549,12.88733],[77.7853,12.88807],[77.78547,12.88806],[77.78567,12.88817],[77.78596,12.88803],[77.78631,12.88796],[77.78658,12.88777],[77.78713,12.88752],[77.78762,12.88711],[77.78842,12.88666],[77.78953,12.88656]]]]}},{"type":"Feature","properties":{"id":"lake-506","name":"Mapped lake/tank"},"geometry":{"type":"MultiPolygon","coordinates":[[[[77.80263,12.91864],[77.80246,12.91866],[77.80232,12.91876],[77.8022,12.91887],[77.80218,12.91899],[77.80225,12.91907],[77.80278,12.91922],[77.80281,12.91907],[77.80279,12.91875],[77.80275,12.91867],[77.80263,12.91864]]]]}},{"type":"Feature","properties":{"id":"lake-507","name":"Mapped lake/tank"},"geometry":{"type":"MultiPolygon","coordinates":[[[[77.79925,12.90244],[77.79932,12.90239],[77.79935,12.90225],[77.79912,12.90177],[77.799,12.90172],[77.79883,12.90178],[77.79873,12.90193],[77.79879,12.90226],[77.79897,12.90239],[77.79925,12.90244]]]]}},{"type":"Feature","properties":{"id":"lake-508","name":"Mapped lake/tank"},"geometry":{"type":"MultiPolygon","coordinates":[[[[77.80006,12.89658],[77.80005,12.89641],[77.80018,12.89612],[77.80018,12.8959],[77.80013,12.89584],[77.79999,12.8958],[77.79977,12.89581],[77.79959,12.89592],[77.79928,12.89643],[77.79913,12.89658],[77.79891,12.89668],[77.79796,12.89692],[77.79789,12.89713],[77.79798,12.8975],[77.79804,12.89758],[77.7982,12.89761],[77.79886,12.89741],[77.79974,12.89737],[77.80005,12.89748],[77.80054,12.89779],[77.80077,12.89783],[77.80093,12.89761],[77.80094,12.89746],[77.80024,12.8969],[77.80006,12.89658]]]]}},{"type":"Feature","properties":{"id":"lake-509","name":"Mapped lake/tank"},"geometry":{"type":"MultiPolygon","coordinates":[[[[77.80166,12.8817],[77.80152,12.88142],[77.80115,12.88143],[77.8005,12.88155],[77.80042,12.8815],[77.80037,12.88134],[77.79967,12.88095],[77.79893,12.88098],[77.79871,12.88095],[77.7984,12.88036],[77.79798,12.87939],[77.79785,12.87917],[77.7977,12.87904],[77.79742,12.87906],[77.79657,12.87947],[77.79674,12.87988],[77.79703,12.88095],[77.7972,12.8813],[77.79752,12.88179],[77.79798,12.88208],[77.7994,12.88237],[77.79962,12.88237],[77.80055,12.8822],[77.80107,12.88193],[77.80166,12.8817]]]]}},{"type":"Feature","properties":{"id":"lake-510","name":"Mapped lake/tank"},"geometry":{"type":"MultiPolygon","coordinates":[[[[77.80398,12.89675],[77.80402,12.89664],[77.8036,12.89577],[77.80357,12.89552],[77.80371,12.8946],[77.80377,12.89448],[77.80415,12.8941],[77.80427,12.89388],[77.80426,12.89373],[77.80326,12.89427],[77.80319,12.89436],[77.80315,12.89456],[77.80262,12.89494],[77.80201,12.89494],[77.80156,12.89515],[77.8015,12.89529],[77.80159,12.89604],[77.80169,12.89626],[77.80186,12.89631],[77.80298,12.89625],[77.80316,12.89627],[77.80371,12.89647],[77.80398,12.89675]]]]}},{"type":"Feature","properties":{"id":"lake-511","name":"Mapped lake/tank"},"geometry":{"type":"MultiPolygon","coordinates":[[[[77.78971,12.90566],[77.78987,12.90575],[77.79061,12.90578],[77.79067,12.90574],[77.7906,12.90543],[77.79026,12.90472],[77.79005,12.90469],[77.78975,12.90475],[77.78944,12.90486],[77.78934,12.90494],[77.7893,12.90564],[77.78933,12.90582],[77.78941,12.90588],[77.78951,12.90587],[77.78962,12.90581],[77.78971,12.90566]]]]}},{"type":"Feature","properties":{"id":"lake-512","name":"Mapped lake/tank"},"geometry":{"type":"MultiPolygon","coordinates":[[[[77.78488,12.87561],[77.78471,12.87545],[77.78445,12.87545],[77.78363,12.87569],[77.78354,12.87563],[77.78354,12.87546],[77.78114,12.87549],[77.78117,12.87565],[77.78123,12.87569],[77.78249,12.87607],[77.78386,12.87593],[77.78488,12.87561]]]]}},{"type":"Feature","properties":{"id":"lake-513","name":"Mapped lake/tank"},"geometry":{"type":"MultiPolygon","coordinates":[[[[77.80197,12.90742],[77.80134,12.90695],[77.80073,12.90616],[77.80064,12.90611],[77.80049,12.90616],[77.80025,12.90639],[77.79983,12.90658],[77.79969,12.90682],[77.79947,12.90687],[77.79935,12.90694],[77.79935,12.90723],[77.79958,12.90738],[77.79961,12.90746],[77.79965,12.90796],[77.79985,12.90798],[77.80046,12.90783],[77.80132,12.90784],[77.80156,12.90779],[77.80175,12.90783],[77.80194,12.90795],[77.80206,12.9079],[77.80211,12.90775],[77.80197,12.90742]]]]}},{"type":"Feature","properties":{"id":"lake-514","name":"Mapped lake/tank"},"geometry":{"type":"MultiPolygon","coordinates":[[[[77.79792,12.91035],[77.7978,12.91005],[77.79755,12.91005],[77.79742,12.91027],[77.79742,12.91034],[77.79749,12.91044],[77.79782,12.91042],[77.79792,12.91035]]]]}},{"type":"Feature","properties":{"id":"lake-515","name":"Mapped lake/tank"},"geometry":{"type":"MultiPolygon","coordinates":[[[[77.77491,12.92054],[77.77471,12.91995],[77.7745,12.91983],[77.77427,12.91987],[77.77411,12.92025],[77.77404,12.92073],[77.77495,12.92072],[77.77491,12.92054]]]]}},{"type":"Feature","properties":{"id":"lake-516","name":"Mapped lake/tank"},"geometry":{"type":"MultiPolygon","coordinates":[[[[77.8019,12.88165],[77.80198,12.88157],[77.80203,12.88138],[77.80223,12.88132],[77.80227,12.88125],[77.80229,12.88112],[77.80223,12.88103],[77.80138,12.88095],[77.80119,12.88088],[77.80087,12.88074],[77.79994,12.88017],[77.79977,12.88],[77.79936,12.87931],[77.7991,12.87909],[77.79877,12.87889],[77.79865,12.87877],[77.79825,12.87811],[77.79818,12.87768],[77.79806,12.87763],[77.79742,12.87906],[77.7977,12.87904],[77.79785,12.87917],[77.79871,12.88095],[77.79893,12.88098],[77.79967,12.88095],[77.80037,12.88134],[77.80042,12.8815],[77.8005,12.88155],[77.80139,12.8814],[77.80152,12.88142],[77.80166,12.8817],[77.8019,12.88165]]]]}},{"type":"Feature","properties":{"id":"lake-517","name":"Mapped lake/tank"},"geometry":{"type":"MultiPolygon","coordinates":[[[[77.79177,12.88772],[77.79149,12.8871],[77.79121,12.88678],[77.79108,12.88665],[77.79063,12.88645],[77.79022,12.88608],[77.78993,12.88618],[77.78964,12.88641],[77.78953,12.88656],[77.79016,12.88658],[77.79101,12.8868],[77.7913,12.88702],[77.79156,12.8876],[77.79176,12.88782],[77.79177,12.88772]]]]}},{"type":"Feature","properties":{"id":"lake-518","name":"Mapped lake/tank"},"geometry":{"type":"MultiPolygon","coordinates":[[[[77.79978,12.91131],[77.79985,12.91102],[77.79985,12.91082],[77.79965,12.91012],[77.79981,12.90983],[77.79983,12.90919],[77.79988,12.90896],[77.7995,12.90881],[77.79936,12.90924],[77.79917,12.90947],[77.7982,12.90987],[77.79792,12.91005],[77.79783,12.91006],[77.79793,12.91029],[77.798,12.91074],[77.79808,12.91083],[77.79912,12.91094],[77.79934,12.91104],[77.79955,12.91137],[77.79966,12.91138],[77.79978,12.91131]]]]}},{"type":"Feature","properties":{"id":"lake-519","name":"Mapped lake/tank"},"geometry":{"type":"MultiPolygon","coordinates":[[[[77.8024,12.90841],[77.80262,12.90836],[77.8026,12.90817],[77.80238,12.908],[77.80236,12.90768],[77.80231,12.90761],[77.80219,12.90751],[77.80197,12.90742],[77.80211,12.90775],[77.80206,12.9079],[77.80194,12.90795],[77.80175,12.90783],[77.80156,12.90779],[77.80132,12.90784],[77.80046,12.90783],[77.79985,12.90798],[77.79964,12.90795],[77.79966,12.90839],[77.79951,12.90878],[77.79989,12.90893],[77.80026,12.90835],[77.80039,12.90827],[77.80069,12.9082],[77.80117,12.90819],[77.80199,12.90837],[77.8024,12.90841]]]]}},{"type":"Feature","properties":{"id":"lake-520","name":"Mapped lake/tank"},"geometry":{"type":"MultiPolygon","coordinates":[[[[77.72442,13.0703],[77.72417,13.07016],[77.72418,13.0696],[77.72446,13.06895],[77.72498,13.0681],[77.72507,13.06783],[77.72565,13.06753],[77.7257,13.06745],[77.72574,13.06705],[77.72586,13.06671],[77.72588,13.0665],[77.72544,13.06453],[77.7252,13.06391],[77.72474,13.06213],[77.72443,13.06159],[77.72387,13.06102],[77.72387,13.0608],[77.72397,13.06044],[77.72396,13.06036],[77.72391,13.06035],[77.7238,13.06041],[77.7235,13.06075],[77.72323,13.06139],[77.72258,13.06231],[77.72244,13.06258],[77.72232,13.06323],[77.72219,13.06348],[77.72207,13.0636],[77.72194,13.06366],[77.7218,13.06367],[77.7207,13.0635],[77.72013,13.06332],[77.72013,13.06349],[77.7205,13.06373],[77.72128,13.06445],[77.7227,13.0661],[77.72291,13.06652],[77.72305,13.067],[77.72314,13.06751],[77.72314,13.06862],[77.72299,13.06911],[77.72312,13.06951],[77.7231,13.06974],[77.72305,13.06979],[77.72243,13.07005],[77.72215,13.07025],[77.72167,13.07048],[77.72175,13.07083],[77.7219,13.07094],[77.72217,13.0709],[77.7228,13.07108],[77.72414,13.07114],[77.72428,13.07105],[77.72433,13.07058],[77.72442,13.0703]]]]}},{"type":"Feature","properties":{"id":"lake-521","name":"Mapped lake/tank"},"geometry":{"type":"MultiPolygon","coordinates":[[[[77.75715,13.07132],[77.75706,13.07138],[77.75702,13.07171],[77.7564,13.07186],[77.75578,13.07223],[77.75477,13.07239],[77.7553,13.07457],[77.75639,13.07416],[77.75646,13.07409],[77.75654,13.07374],[77.75706,13.07278],[77.75715,13.07246],[77.75722,13.07196],[77.75721,13.07143],[77.75715,13.07132]]]]}},{"type":"Feature","properties":{"id":"lake-522","name":"Mapped lake/tank"},"geometry":{"type":"MultiPolygon","coordinates":[[[[77.74545,13.07739],[77.74575,13.07709],[77.74636,13.07683],[77.74732,13.07615],[77.74741,13.07603],[77.74724,13.07575],[77.74718,13.07572],[77.74633,13.07623],[77.74601,13.0763],[77.74552,13.07617],[77.74487,13.0758],[77.7447,13.07576],[77.74452,13.07577],[77.74418,13.07593],[77.74392,13.076],[77.74349,13.07592],[77.74334,13.07578],[77.74305,13.07569],[77.74259,13.07573],[77.74238,13.07583],[77.74237,13.07596],[77.74259,13.07669],[77.74313,13.07703],[77.74334,13.07757],[77.74356,13.07848],[77.74373,13.07959],[77.74383,13.07995],[77.74393,13.07997],[77.74413,13.0799],[77.74427,13.07975],[77.74431,13.07956],[77.74435,13.07875],[77.74444,13.07844],[77.74545,13.07739]]]]}},{"type":"Feature","properties":{"id":"lake-523","name":"Mapped lake/tank"},"geometry":{"type":"MultiPolygon","coordinates":[[[[77.74894,13.0909],[77.74921,13.09078],[77.74928,13.09054],[77.7492,13.09045],[77.74907,13.09043],[77.74876,13.09063],[77.7488,13.09079],[77.74889,13.09089],[77.74894,13.0909]]]]}},{"type":"Feature","properties":{"id":"lake-524","name":"Mapped lake/tank"},"geometry":{"type":"MultiPolygon","coordinates":[[[[77.74954,13.09694],[77.74921,13.09689],[77.74916,13.09732],[77.74867,13.09727],[77.74876,13.09645],[77.74742,13.09626],[77.74736,13.09627],[77.74731,13.09672],[77.74721,13.09687],[77.74685,13.0969],[77.74687,13.09705],[77.747,13.09716],[77.74732,13.09728],[77.74743,13.09742],[77.74758,13.0979],[77.74763,13.0984],[77.74782,13.09928],[77.74803,13.09929],[77.74827,13.09977],[77.74831,13.09998],[77.74814,13.10022],[77.74884,13.10073],[77.749,13.10023],[77.74923,13.09925],[77.74942,13.0982],[77.74954,13.09694]]]]}},{"type":"Feature","properties":{"id":"lake-525","name":"Mapped lake/tank"},"geometry":{"type":"MultiPolygon","coordinates":[[[[77.73252,13.10073],[77.73288,13.10054],[77.73292,13.1004],[77.73289,13.1003],[77.73275,13.10026],[77.73257,13.10027],[77.73238,13.10033],[77.73232,13.10041],[77.73233,13.10053],[77.73238,13.10064],[77.73252,13.10073]]]]}},{"type":"Feature","properties":{"id":"lake-526","name":"Mapped lake/tank"},"geometry":{"type":"MultiPolygon","coordinates":[[[[77.72253,13.09451],[77.72278,13.09445],[77.72282,13.09436],[77.72262,13.09429],[77.72232,13.09429],[77.72213,13.09438],[77.72203,13.09449],[77.72202,13.09465],[77.72233,13.09467],[77.72253,13.09451]]]]}},{"type":"Feature","properties":{"id":"lake-527","name":"Mapped lake/tank"},"geometry":{"type":"MultiPolygon","coordinates":[[[[77.72793,13.09269],[77.72797,13.09225],[77.72794,13.09202],[77.72785,13.09192],[77.72763,13.0919],[77.72726,13.09194],[77.72721,13.09206],[77.72723,13.09291],[77.72731,13.09297],[77.72748,13.093],[77.72777,13.09294],[77.72786,13.09286],[77.72793,13.09269]]]]}},{"type":"Feature","properties":{"id":"lake-528","name":"Mapped lake/tank"},"geometry":{"type":"MultiPolygon","coordinates":[[[[77.72476,13.07411],[77.72483,13.07363],[77.72486,13.07283],[77.72466,13.07168],[77.72469,13.07073],[77.72478,13.07043],[77.72564,13.06914],[77.72526,13.06943],[77.72503,13.06976],[77.72451,13.07024],[77.72437,13.07059],[77.72432,13.07106],[77.72426,13.07113],[77.72404,13.07119],[77.7228,13.07113],[77.72223,13.07096],[77.722,13.07096],[77.72194,13.07103],[77.72182,13.0716],[77.72177,13.07219],[77.72178,13.07277],[77.72188,13.07304],[77.72314,13.07393],[77.72352,13.07398],[77.72396,13.07415],[77.72476,13.07411]]]]}},{"type":"Feature","properties":{"id":"lake-529","name":"Mapped lake/tank"},"geometry":{"type":"MultiPolygon","coordinates":[[[[77.74461,13.06665],[77.74458,13.0667],[77.74478,13.06701],[77.74511,13.06731],[77.74581,13.06781],[77.7459,13.06775],[77.74706,13.06558],[77.74699,13.0655],[77.74684,13.06553],[77.74637,13.0658],[77.74487,13.06643],[77.74461,13.06665]]]]}},{"type":"Feature","properties":{"id":"lake-530","name":"Mapped lake/tank"},"geometry":{"type":"MultiPolygon","coordinates":[[[[77.73701,13.08485],[77.73721,13.08451],[77.73724,13.08397],[77.73665,13.08402],[77.7366,13.08413],[77.73671,13.08456],[77.73665,13.08475],[77.73668,13.08483],[77.7368,13.08487],[77.73701,13.08485]]]]}},{"type":"Feature","properties":{"id":"lake-531","name":"Mapped lake/tank"},"geometry":{"type":"MultiPolygon","coordinates":[[[[77.73871,13.09978],[77.73859,13.09946],[77.73807,13.09946],[77.73807,13.10008],[77.73797,13.10072],[77.73842,13.10177],[77.74195,13.10174],[77.74187,13.10163],[77.74145,13.10144],[77.74033,13.10146],[77.73972,13.10138],[77.73946,13.10128],[77.73929,13.10116],[77.73905,13.10078],[77.73871,13.09978]]]]}},{"type":"Feature","properties":{"id":"lake-532","name":"Hoskote Kere"},"geometry":{"type":"MultiPolygon","coordinates":[[[[77.76425,13.09621],[77.76462,13.09616],[77.76459,13.09559],[77.76465,13.09489],[77.76577,13.09476],[77.76583,13.09362],[77.76603,13.09357],[77.76605,13.09281],[77.76653,13.09277],[77.76652,13.09194],[77.76607,13.09191],[77.76602,13.09152],[77.76594,13.09149],[77.76498,13.09143],[77.76409,13.09133],[77.76387,13.09124],[77.76365,13.09129],[77.76351,13.09115],[77.76339,13.09111],[77.76308,13.09118],[77.76286,13.09115],[77.76275,13.09127],[77.76275,13.09147],[77.76291,13.09156],[77.76309,13.0916],[77.76324,13.09148],[77.76334,13.09151],[77.76335,13.09156],[77.7633,13.09168],[77.76326,13.09261],[77.7629,13.09265],[77.76288,13.0934],[77.763,13.09359],[77.76305,13.09578],[77.76355,13.09575],[77.76361,13.09578],[77.76363,13.09589],[77.7639,13.0959],[77.764,13.0962],[77.76425,13.09621]]]]}},{"type":"Feature","properties":{"id":"lake-533","name":"Hoskote Kere"},"geometry":{"type":"MultiPolygon","coordinates":[[[[77.76464,13.09022],[77.76436,13.09025],[77.76433,13.09027],[77.76434,13.0904],[77.76415,13.09045],[77.76422,13.09099],[77.76456,13.09088],[77.76465,13.09074],[77.76462,13.09058],[77.76469,13.09046],[77.76464,13.09022]]]]}},{"type":"Feature","properties":{"id":"lake-534","name":"Hoskote Kere"},"geometry":{"type":"MultiPolygon","coordinates":[[[[77.75927,13.08867],[77.75924,13.08796],[77.75903,13.08797],[77.75907,13.08883],[77.75905,13.08918],[77.75891,13.08976],[77.7589,13.09015],[77.75934,13.09013],[77.75933,13.08977],[77.75963,13.08975],[77.7596,13.08928],[77.75933,13.08928],[77.75927,13.08867]]]]}},{"type":"Feature","properties":{"id":"lake-535","name":"Hoskote Kere"},"geometry":{"type":"MultiPolygon","coordinates":[[[[77.76425,13.09621],[77.76455,13.09767],[77.76112,13.09817],[77.76115,13.09905],[77.76109,13.09956],[77.76111,13.09994],[77.76144,13.10153],[77.76663,13.10147],[77.76658,13.09732],[77.76643,13.09732],[77.76633,13.09727],[77.76621,13.09698],[77.76589,13.09675],[77.76582,13.09634],[77.76594,13.09492],[77.76584,13.09454],[77.76585,13.09428],[77.76588,13.09416],[77.76595,13.09409],[77.76612,13.09407],[77.76655,13.09414],[77.76653,13.09277],[77.76605,13.09281],[77.76603,13.09357],[77.76583,13.09362],[77.76577,13.09476],[77.76465,13.09489],[77.76459,13.09559],[77.76462,13.09616],[77.76425,13.09621]]]]}},{"type":"Feature","properties":{"id":"lake-536","name":"Hoskote Kere"},"geometry":{"type":"MultiPolygon","coordinates":[[[[77.76425,13.09621],[77.764,13.0962],[77.7639,13.0959],[77.76363,13.09589],[77.76361,13.09578],[77.76355,13.09575],[77.76305,13.09578],[77.763,13.09359],[77.76231,13.09379],[77.762,13.09381],[77.76185,13.0937],[77.76156,13.09304],[77.76143,13.09289],[77.76109,13.09295],[77.76098,13.09282],[77.76085,13.09275],[77.76057,13.09272],[77.76042,13.09151],[77.76147,13.09146],[77.76151,13.09142],[77.76153,13.09062],[77.76158,13.09058],[77.76202,13.09047],[77.76206,13.08985],[77.76193,13.08963],[77.76172,13.0888],[77.76153,13.08846],[77.76127,13.08769],[77.7612,13.08762],[77.76002,13.08778],[77.76001,13.08865],[77.75927,13.08867],[77.75933,13.08928],[77.7596,13.08928],[77.75963,13.08975],[77.75933,13.08977],[77.75934,13.09013],[77.7589,13.09015],[77.75889,13.09059],[77.75915,13.09253],[77.75928,13.09281],[77.7591,13.09474],[77.75934,13.09546],[77.75887,13.09563],[77.75913,13.09674],[77.75905,13.09698],[77.75859,13.09711],[77.75811,13.09731],[77.75793,13.09808],[77.75801,13.09844],[77.75799,13.09899],[77.7582,13.09918],[77.7583,13.09939],[77.75828,13.09948],[77.7581,13.09954],[77.75803,13.09961],[77.75804,13.0997],[77.75819,13.10042],[77.75829,13.10055],[77.75845,13.10063],[77.75857,13.1011],[77.75857,13.10156],[77.76144,13.10153],[77.76111,13.09994],[77.76109,13.09956],[77.76115,13.09905],[77.76112,13.09817],[77.76455,13.09767],[77.76425,13.09621]]]]}},{"type":"Feature","properties":{"id":"lake-537","name":"Hoskote Kere"},"geometry":{"type":"MultiPolygon","coordinates":[[[[77.75876,13.08345],[77.75887,13.08413],[77.75906,13.08471],[77.75917,13.08546],[77.75931,13.08585],[77.75943,13.08678],[77.75933,13.08735],[77.75957,13.08736],[77.75949,13.08623],[77.76006,13.08627],[77.76008,13.08622],[77.76008,13.08543],[77.76003,13.08523],[77.75987,13.08511],[77.7598,13.08429],[77.76077,13.08416],[77.76209,13.08263],[77.76211,13.08257],[77.76144,13.08153],[77.76031,13.08146],[77.75849,13.08213],[77.75855,13.08222],[77.75878,13.08309],[77.75878,13.08323],[77.75873,13.08328],[77.75877,13.08336],[77.75876,13.08345]]]]}},{"type":"Feature","properties":{"id":"lake-538","name":"Hoskote Kere"},"geometry":{"type":"MultiPolygon","coordinates":[[[[77.75876,13.08345],[77.75866,13.08404],[77.75917,13.08546],[77.75906,13.08471],[77.75887,13.08413],[77.75876,13.08345]]]]}},{"type":"Feature","properties":{"id":"lake-539","name":"Mapped lake/tank"},"geometry":{"type":"MultiPolygon","coordinates":[[[[77.75476,13.05669],[77.75462,13.05644],[77.75226,13.05646],[77.7524,13.0568],[77.7525,13.05694],[77.75257,13.05696],[77.7537,13.05655],[77.75411,13.05663],[77.75441,13.05663],[77.75464,13.05672],[77.75476,13.05669]]]]}},{"type":"Feature","properties":{"id":"lake-540","name":"Mapped lake/tank"},"geometry":{"type":"MultiPolygon","coordinates":[[[[77.73726,13.05662],[77.73695,13.05664],[77.73716,13.05668],[77.73726,13.05662]]]]}},{"type":"Feature","properties":{"id":"lake-541","name":"Mapped lake/tank"},"geometry":{"type":"MultiPolygon","coordinates":[[[[77.72445,13.09403],[77.72447,13.09388],[77.72443,13.09386],[77.7236,13.09396],[77.72377,13.09412],[77.72386,13.09414],[77.72445,13.09403]]]]}},{"type":"Feature","properties":{"id":"lake-542","name":"Mapped lake/tank"},"geometry":{"type":"MultiPolygon","coordinates":[[[[77.72426,13.07446],[77.72409,13.07419],[77.72389,13.07417],[77.72359,13.07405],[77.72322,13.07404],[77.72318,13.07436],[77.72324,13.0745],[77.72333,13.07453],[77.72426,13.07446]]]]}},{"type":"Feature","properties":{"id":"lake-543","name":"Mapped lake/tank"},"geometry":{"type":"MultiPolygon","coordinates":[[[[77.76371,12.83962],[77.76372,12.83812],[77.76272,12.83857],[77.762,12.83869],[77.76085,12.83864],[77.76058,12.83853],[77.76032,12.83838],[77.75982,12.83877],[77.75975,12.8389],[77.75988,12.83921],[77.76016,12.83919],[77.76039,12.83943],[77.76061,12.83956],[77.76074,12.83973],[77.76091,12.84076],[77.76105,12.84072],[77.76113,12.84064],[77.76124,12.84015],[77.76139,12.83995],[77.76158,12.8399],[77.76236,12.8399],[77.76251,12.83907],[77.76284,12.83903],[77.76284,12.83889],[77.76323,12.83877],[77.76329,12.83889],[77.76363,12.83876],[77.76368,12.83891],[77.76343,12.83904],[77.76371,12.83962]]]]}},{"type":"Feature","properties":{"id":"lake-544","name":"Mapped lake/tank"},"geometry":{"type":"MultiPolygon","coordinates":[[[[77.7236,12.86918],[77.72351,12.86917],[77.72345,12.86925],[77.72356,12.86938],[77.72364,12.86939],[77.72368,12.86925],[77.7236,12.86918]]]]}},{"type":"Feature","properties":{"id":"lake-545","name":"Mapped lake/tank"},"geometry":{"type":"MultiPolygon","coordinates":[[[[77.73,12.83993],[77.72985,12.83995],[77.72975,12.84003],[77.72978,12.84026],[77.72991,12.8405],[77.73009,12.84044],[77.73008,12.84038],[77.73033,12.84017],[77.73024,12.84003],[77.73,12.83993]]]]}},{"type":"Feature","properties":{"id":"lake-546","name":"Mapped lake/tank"},"geometry":{"type":"MultiPolygon","coordinates":[[[[77.7453,12.85758],[77.7452,12.85758],[77.74511,12.85768],[77.74511,12.85805],[77.74516,12.85805],[77.74523,12.85798],[77.74533,12.85774],[77.7453,12.85758]]]]}},{"type":"Feature","properties":{"id":"lake-547","name":"Mapped lake/tank"},"geometry":{"type":"MultiPolygon","coordinates":[[[[77.75847,12.86662],[77.75841,12.86647],[77.75828,12.86648],[77.75821,12.8667],[77.75823,12.86679],[77.75832,12.86682],[77.75844,12.86679],[77.75847,12.86662]]]]}},{"type":"Feature","properties":{"id":"lake-548","name":"Mapped lake/tank"},"geometry":{"type":"MultiPolygon","coordinates":[[[[77.74997,12.87277],[77.75006,12.87263],[77.74998,12.87246],[77.74986,12.87241],[77.74984,12.87223],[77.74974,12.87218],[77.74947,12.87232],[77.74956,12.87251],[77.74961,12.8729],[77.74974,12.87289],[77.74997,12.87277]]]]}},{"type":"Feature","properties":{"id":"lake-549","name":"Mapped lake/tank"},"geometry":{"type":"MultiPolygon","coordinates":[[[[77.75415,12.87113],[77.75421,12.87107],[77.75421,12.87084],[77.75413,12.87062],[77.75404,12.87061],[77.75401,12.87111],[77.75415,12.87113]]]]}},{"type":"Feature","properties":{"id":"lake-550","name":"Mapped lake/tank"},"geometry":{"type":"MultiPolygon","coordinates":[[[[77.74994,12.85151],[77.75011,12.8514],[77.75014,12.8513],[77.74996,12.85074],[77.74998,12.85053],[77.74988,12.85029],[77.74973,12.85013],[77.74973,12.84935],[77.74958,12.84928],[77.74946,12.84881],[77.74946,12.8487],[77.74956,12.8487],[77.74961,12.84861],[77.74962,12.84823],[77.74843,12.84778],[77.7485,12.84807],[77.74871,12.8485],[77.7487,12.84928],[77.74859,12.84955],[77.74819,12.84994],[77.74826,12.85013],[77.7482,12.8502],[77.74776,12.85032],[77.74774,12.85046],[77.7478,12.85051],[77.74818,12.85053],[77.74866,12.85069],[77.74895,12.85094],[77.74916,12.85095],[77.74932,12.85133],[77.74945,12.85131],[77.74962,12.85134],[77.74975,12.85155],[77.74982,12.85158],[77.74994,12.85151]]]]}},{"type":"Feature","properties":{"id":"lake-551","name":"Mapped lake/tank"},"geometry":{"type":"MultiPolygon","coordinates":[[[[77.747,12.84937],[77.74686,12.84922],[77.74671,12.84921],[77.7467,12.84936],[77.74684,12.84941],[77.74696,12.84941],[77.747,12.84937]]]]}},{"type":"Feature","properties":{"id":"lake-552","name":"Mapped lake/tank"},"geometry":{"type":"MultiPolygon","coordinates":[[[[77.73378,12.84678],[77.73381,12.84671],[77.73371,12.84662],[77.73362,12.84665],[77.73355,12.84672],[77.73356,12.84683],[77.73361,12.84685],[77.73378,12.84678]]]]}},{"type":"Feature","properties":{"id":"lake-553","name":"Mapped lake/tank"},"geometry":{"type":"MultiPolygon","coordinates":[[[[77.7303,12.85374],[77.73016,12.85333],[77.72937,12.85367],[77.72954,12.85402],[77.73003,12.85387],[77.7303,12.85374]]]]}},{"type":"Feature","properties":{"id":"lake-554","name":"Mapped lake/tank"},"geometry":{"type":"MultiPolygon","coordinates":[[[[77.75883,12.85175],[77.75883,12.85167],[77.75877,12.85162],[77.75861,12.85164],[77.75864,12.85177],[77.75876,12.8518],[77.75883,12.85175]]]]}},{"type":"Feature","properties":{"id":"lake-555","name":"Mapped lake/tank"},"geometry":{"type":"MultiPolygon","coordinates":[[[[77.72256,12.83748],[77.72242,12.8373],[77.72226,12.83721],[77.72217,12.83721],[77.72197,12.83729],[77.72187,12.83761],[77.7219,12.83772],[77.72238,12.83761],[77.72256,12.83748]]]]}},{"type":"Feature","properties":{"id":"lake-556","name":"Mapped lake/tank"},"geometry":{"type":"MultiPolygon","coordinates":[[[[77.7357,12.85346],[77.73581,12.85334],[77.73576,12.85313],[77.73589,12.85297],[77.73603,12.85291],[77.73606,12.85285],[77.73604,12.85283],[77.73586,12.85284],[77.73531,12.85302],[77.73477,12.85301],[77.73473,12.85306],[77.73483,12.85335],[77.73512,12.85351],[77.73532,12.85359],[77.7357,12.85346]]]]}},{"type":"Feature","properties":{"id":"lake-557","name":"Mapped lake/tank"},"geometry":{"type":"MultiPolygon","coordinates":[[[[77.73781,12.86],[77.73808,12.85986],[77.73841,12.8599],[77.73889,12.85989],[77.73932,12.85981],[77.73865,12.85922],[77.73836,12.85854],[77.73817,12.85793],[77.73805,12.85786],[77.73762,12.85795],[77.73754,12.85803],[77.73747,12.85846],[77.73715,12.85867],[77.73681,12.8588],[77.73679,12.859],[77.73694,12.85973],[77.73742,12.85968],[77.73751,12.85974],[77.7377,12.86008],[77.73781,12.86]]]]}},{"type":"Feature","properties":{"id":"lake-558","name":"Mapped lake/tank"},"geometry":{"type":"MultiPolygon","coordinates":[[[[77.74831,12.86297],[77.74832,12.86288],[77.74859,12.86286],[77.74891,12.86268],[77.7485,12.86239],[77.74826,12.86248],[77.74805,12.86248],[77.74806,12.86256],[77.74824,12.86273],[77.74824,12.86277],[77.74813,12.86283],[77.74815,12.86297],[77.74825,12.86302],[77.74831,12.86297]]]]}},{"type":"Feature","properties":{"id":"lake-559","name":"Mapped lake/tank"},"geometry":{"type":"MultiPolygon","coordinates":[[[[77.76306,12.84089],[77.7633,12.84057],[77.76371,12.83962],[77.76343,12.83904],[77.76368,12.83891],[77.76363,12.83876],[77.76329,12.83889],[77.76323,12.83877],[77.76284,12.83889],[77.76284,12.83903],[77.76251,12.83907],[77.76236,12.8399],[77.76158,12.8399],[77.76139,12.83995],[77.76124,12.84015],[77.76113,12.84064],[77.76105,12.84072],[77.76091,12.84076],[77.7609,12.84141],[77.76115,12.84167],[77.76145,12.84181],[77.76228,12.84177],[77.76306,12.84089]]]]}},{"type":"Feature","properties":{"id":"lake-560","name":"Mapped lake/tank"},"geometry":{"type":"MultiPolygon","coordinates":[[[[77.74133,12.83686],[77.74141,12.83656],[77.74165,12.83602],[77.74169,12.83584],[77.74195,12.8355],[77.74215,12.83468],[77.742,12.83456],[77.74149,12.83515],[77.74076,12.83572],[77.74031,12.83595],[77.73981,12.83611],[77.7388,12.83628],[77.7383,12.83632],[77.7372,12.8363],[77.73694,12.8366],[77.73695,12.83759],[77.73718,12.8381],[77.7379,12.83779],[77.73795,12.83781],[77.73807,12.83825],[77.73814,12.83832],[77.73827,12.83832],[77.73836,12.83828],[77.73848,12.83793],[77.73855,12.83786],[77.73887,12.83786],[77.73897,12.83778],[77.73904,12.83764],[77.73915,12.83753],[77.73932,12.83747],[77.73966,12.83748],[77.74012,12.83718],[77.74048,12.83689],[77.74094,12.83681],[77.74133,12.83686]]]]}},{"type":"Feature","properties":{"id":"lake-561","name":"Mapped lake/tank"},"geometry":{"type":"MultiPolygon","coordinates":[[[[77.75228,12.86624],[77.75203,12.86625],[77.75205,12.86645],[77.75221,12.86644],[77.75229,12.86631],[77.75228,12.86624]]]]}},{"type":"Feature","properties":{"id":"lake-562","name":"Mapped lake/tank"},"geometry":{"type":"MultiPolygon","coordinates":[[[[77.75451,12.85676],[77.75453,12.85649],[77.75439,12.85647],[77.75423,12.85652],[77.7542,12.85662],[77.75426,12.85671],[77.75437,12.85678],[77.75451,12.85676]]]]}},{"type":"Feature","properties":{"id":"lake-563","name":"Mapped lake/tank"},"geometry":{"type":"MultiPolygon","coordinates":[[[[77.7581,12.87301],[77.75667,12.87327],[77.75639,12.87337],[77.75634,12.87348],[77.75626,12.87412],[77.75633,12.8744],[77.75619,12.87503],[77.7565,12.87515],[77.75657,12.87537],[77.75667,12.87543],[77.75711,12.8755],[77.75745,12.87561],[77.75781,12.87554],[77.75793,12.87515],[77.75834,12.87342],[77.75827,12.87318],[77.7581,12.87301]]]]}},{"type":"Feature","properties":{"id":"lake-564","name":"Mapped lake/tank"},"geometry":{"type":"MultiPolygon","coordinates":[[[[77.71896,12.84922],[77.71929,12.84844],[77.71991,12.84728],[77.72,12.84654],[77.72031,12.84563],[77.72032,12.84547],[77.71987,12.84451],[77.71982,12.8442],[77.71987,12.84384],[77.71951,12.84348],[77.71941,12.84345],[77.71934,12.84353],[77.71928,12.84389],[77.71908,12.84397],[77.7188,12.84399],[77.71868,12.84371],[77.71858,12.84364],[77.7182,12.84353],[77.71813,12.84323],[77.71802,12.84323],[77.71774,12.84338],[77.71781,12.84971],[77.71809,12.84977],[77.71866,12.84976],[77.71879,12.84966],[77.71896,12.84922]]]]}},{"type":"Feature","properties":{"id":"lake-565","name":"Mapped lake/tank"},"geometry":{"type":"MultiPolygon","coordinates":[[[[77.74144,12.85281],[77.74141,12.85224],[77.74145,12.85207],[77.7417,12.85188],[77.74162,12.85148],[77.74169,12.85129],[77.74171,12.85106],[77.74143,12.85069],[77.74139,12.85052],[77.7414,12.85005],[77.74127,12.84999],[77.74116,12.85001],[77.74089,12.85011],[77.74053,12.85034],[77.74045,12.85034],[77.74032,12.85018],[77.74025,12.85015],[77.73988,12.85017],[77.73972,12.8501],[77.73931,12.85026],[77.73946,12.85071],[77.73955,12.85074],[77.74019,12.85178],[77.74042,12.85188],[77.74056,12.85219],[77.74068,12.85231],[77.74079,12.85237],[77.74113,12.85238],[77.74122,12.85286],[77.74129,12.85291],[77.74137,12.85289],[77.74144,12.85281]]]]}},{"type":"Feature","properties":{"id":"lake-566","name":"Mapped lake/tank"},"geometry":{"type":"MultiPolygon","coordinates":[[[[77.76308,12.86063],[77.76344,12.86048],[77.76396,12.86042],[77.76396,12.86004],[77.76346,12.85962],[77.76338,12.85948],[77.76338,12.85926],[77.76344,12.85912],[77.76337,12.85905],[77.76288,12.85875],[77.76249,12.85877],[77.76251,12.85888],[77.76145,12.85925],[77.76153,12.85955],[77.76154,12.86052],[77.7617,12.86172],[77.76229,12.86132],[77.76252,12.86101],[77.76287,12.86073],[77.76308,12.86063]]]]}},{"type":"Feature","properties":{"id":"lake-567","name":"Mapped lake/tank"},"geometry":{"type":"MultiPolygon","coordinates":[[[[77.75383,12.86452],[77.75389,12.86448],[77.75391,12.8644],[77.75389,12.86424],[77.75384,12.8642],[77.75323,12.86439],[77.75311,12.86448],[77.75319,12.86482],[77.75365,12.86466],[77.75383,12.86452]]]]}},{"type":"Feature","properties":{"id":"lake-568","name":"Mapped lake/tank"},"geometry":{"type":"MultiPolygon","coordinates":[[[[77.73749,12.83078],[77.73673,12.83079],[77.73667,12.83104],[77.73644,12.83155],[77.73653,12.83169],[77.73715,12.83153],[77.73723,12.83147],[77.73738,12.83094],[77.73749,12.83078]]]]}},{"type":"Feature","properties":{"id":"lake-569","name":"Mapped lake/tank"},"geometry":{"type":"MultiPolygon","coordinates":[[[[77.74804,12.83138],[77.74802,12.83131],[77.7479,12.83124],[77.7478,12.83123],[77.74761,12.83131],[77.74768,12.83151],[77.74778,12.83151],[77.7478,12.83165],[77.74796,12.83154],[77.74804,12.83138]]]]}},{"type":"Feature","properties":{"id":"lake-570","name":"Mapped lake/tank"},"geometry":{"type":"MultiPolygon","coordinates":[[[[77.74951,12.87249],[77.74931,12.87248],[77.74921,12.87227],[77.7491,12.87232],[77.74901,12.87278],[77.74825,12.87357],[77.74809,12.87367],[77.74736,12.87391],[77.74732,12.87408],[77.74734,12.87438],[77.74694,12.87451],[77.74672,12.87482],[77.74664,12.87511],[77.74666,12.87541],[77.74684,12.87551],[77.74703,12.87551],[77.74731,12.8756],[77.74736,12.87585],[77.75104,12.87581],[77.75033,12.87511],[77.74985,12.87446],[77.74972,12.87408],[77.74951,12.87249]]]]}},{"type":"Feature","properties":{"id":"lake-571","name":"Mapped lake/tank"},"geometry":{"type":"MultiPolygon","coordinates":[[[[77.71887,12.86696],[77.71868,12.86684],[77.71864,12.8667],[77.71835,12.86636],[77.71816,12.866],[77.71811,12.86529],[77.71813,12.86508],[77.71821,12.86496],[77.71798,12.86488],[77.71801,12.86768],[77.71879,12.86769],[77.71891,12.86713],[77.71887,12.86696]]]]}},{"type":"Feature","properties":{"id":"lake-572","name":"Mapped lake/tank"},"geometry":{"type":"MultiPolygon","coordinates":[[[[77.73655,12.86456],[77.73653,12.86419],[77.73646,12.86413],[77.73637,12.86412],[77.73606,12.86434],[77.73587,12.86439],[77.73528,12.86422],[77.73513,12.86429],[77.73506,12.8644],[77.73498,12.86464],[77.73496,12.86502],[77.73504,12.86505],[77.73646,12.86471],[77.73655,12.86456]]]]}},{"type":"Feature","properties":{"id":"lake-573","name":"Mapped lake/tank"},"geometry":{"type":"MultiPolygon","coordinates":[[[[77.74108,12.87499],[77.74123,12.87497],[77.74132,12.8748],[77.7413,12.87461],[77.74118,12.87454],[77.74099,12.87458],[77.74098,12.87481],[77.74087,12.87495],[77.74091,12.87502],[77.74108,12.87499]]]]}},{"type":"Feature","properties":{"id":"lake-574","name":"Mapped lake/tank"},"geometry":{"type":"MultiPolygon","coordinates":[[[[77.72634,12.85838],[77.72633,12.8583],[77.72623,12.85819],[77.72595,12.85737],[77.72558,12.85767],[77.7256,12.85829],[77.72592,12.85834],[77.72619,12.85847],[77.72629,12.85844],[77.72634,12.85838]]]]}},{"type":"Feature","properties":{"id":"lake-575","name":"Mapped lake/tank"},"geometry":{"type":"MultiPolygon","coordinates":[[[[77.72558,12.85831],[77.72556,12.85766],[77.72593,12.85735],[77.72563,12.85708],[77.72555,12.85673],[77.72535,12.85679],[77.72514,12.8565],[77.72507,12.85652],[77.72483,12.85668],[77.72483,12.85676],[77.725,12.85695],[77.725,12.857],[77.72492,12.85703],[77.72483,12.85703],[77.72458,12.85681],[77.7243,12.85676],[77.72388,12.85755],[77.72387,12.85777],[77.72394,12.85814],[77.72433,12.85826],[77.72447,12.85835],[77.72451,12.8583],[77.72454,12.8581],[77.72466,12.85802],[77.72547,12.85833],[77.72558,12.85831]]]]}},{"type":"Feature","properties":{"id":"lake-576","name":"Mapped lake/tank"},"geometry":{"type":"MultiPolygon","coordinates":[[[[77.72706,12.84374],[77.72695,12.84377],[77.72694,12.84386],[77.72699,12.84391],[77.7271,12.84383],[77.72706,12.84374]]]]}},{"type":"Feature","properties":{"id":"lake-577","name":"Mapped lake/tank"},"geometry":{"type":"MultiPolygon","coordinates":[[[[77.74352,12.84739],[77.7436,12.84703],[77.74346,12.84704],[77.74341,12.8471],[77.74346,12.8474],[77.74352,12.84739]]]]}},{"type":"Feature","properties":{"id":"lake-578","name":"Mapped lake/tank"},"geometry":{"type":"MultiPolygon","coordinates":[[[[77.75021,12.84422],[77.75001,12.84427],[77.75013,12.84478],[77.75056,12.84476],[77.75059,12.84426],[77.75021,12.84422]]]]}},{"type":"Feature","properties":{"id":"lake-579","name":"Mapped lake/tank"},"geometry":{"type":"MultiPolygon","coordinates":[[[[77.7273,12.86912],[77.72739,12.86905],[77.72781,12.8689],[77.72816,12.86885],[77.72847,12.8685],[77.72851,12.86835],[77.72816,12.86817],[77.72749,12.86803],[77.72746,12.86786],[77.72739,12.86778],[77.72703,12.86772],[77.72699,12.8686],[77.72674,12.86894],[77.72661,12.86896],[77.72644,12.86871],[77.72627,12.86875],[77.7262,12.86884],[77.72586,12.86873],[77.72561,12.86872],[77.72562,12.86898],[77.72541,12.86951],[77.72532,12.87012],[77.7254,12.87],[77.72545,12.86978],[77.72563,12.86959],[77.72633,12.86932],[77.72672,12.86926],[77.72705,12.86925],[77.7273,12.86912]]]]}},{"type":"Feature","properties":{"id":"lake-580","name":"Mapped lake/tank"},"geometry":{"type":"MultiPolygon","coordinates":[[[[77.75577,12.85321],[77.7557,12.85322],[77.75563,12.85333],[77.75564,12.85343],[77.75571,12.85349],[77.7559,12.85341],[77.75589,12.85328],[77.75577,12.85321]]]]}},{"type":"Feature","properties":{"id":"lake-581","name":"Mapped lake/tank"},"geometry":{"type":"MultiPolygon","coordinates":[[[[77.75936,12.85518],[77.75919,12.85526],[77.75917,12.85537],[77.75921,12.85543],[77.7594,12.85539],[77.75942,12.85525],[77.75936,12.85518]]]]}},{"type":"Feature","properties":{"id":"lake-582","name":"Mapped lake/tank"},"geometry":{"type":"MultiPolygon","coordinates":[[[[77.71844,12.85922],[77.71837,12.85906],[77.71826,12.85898],[77.71809,12.85893],[77.71791,12.85893],[77.71792,12.86003],[77.71826,12.8594],[77.71835,12.85927],[77.71844,12.85922]]]]}},{"type":"Feature","properties":{"id":"lake-583","name":"Mapped lake/tank"},"geometry":{"type":"MultiPolygon","coordinates":[[[[77.73899,12.84239],[77.7392,12.8419],[77.73915,12.84089],[77.7391,12.84078],[77.73916,12.84033],[77.73937,12.83987],[77.73965,12.83956],[77.73968,12.83929],[77.7396,12.83924],[77.73878,12.83915],[77.73824,12.83895],[77.73784,12.83896],[77.73744,12.83878],[77.73694,12.83766],[77.73681,12.83868],[77.73662,12.83914],[77.73659,12.83934],[77.73675,12.84175],[77.73697,12.8418],[77.73702,12.84186],[77.73703,12.84198],[77.73711,12.84208],[77.73718,12.84226],[77.73712,12.84252],[77.7374,12.84266],[77.73769,12.84256],[77.73785,12.84259],[77.73796,12.84294],[77.7384,12.84383],[77.73873,12.84413],[77.73881,12.84415],[77.73893,12.84408],[77.739,12.84393],[77.73899,12.84381],[77.73906,12.84373],[77.73904,12.8434],[77.73885,12.84293],[77.73888,12.84256],[77.73899,12.84239]]]]}},{"type":"Feature","properties":{"id":"lake-584","name":"Mapped lake/tank"},"geometry":{"type":"MultiPolygon","coordinates":[[[[77.75087,12.83503],[77.75076,12.83465],[77.75054,12.83429],[77.7504,12.83414],[77.75,12.83428],[77.74942,12.83426],[77.74922,12.83429],[77.74977,12.83483],[77.75014,12.83481],[77.75065,12.83501],[77.7508,12.83505],[77.75087,12.83503]]]]}},{"type":"Feature","properties":{"id":"lake-585","name":"Mapped lake/tank"},"geometry":{"type":"MultiPolygon","coordinates":[[[[77.71987,12.84384],[77.71987,12.8433],[77.72019,12.84221],[77.72035,12.84186],[77.72065,12.84142],[77.7209,12.84137],[77.72085,12.84129],[77.72081,12.84105],[77.72083,12.84076],[77.7207,12.84075],[77.72021,12.84101],[77.71977,12.8411],[77.71921,12.84132],[77.71772,12.84118],[77.71774,12.84338],[77.71802,12.84323],[77.71813,12.84323],[77.7182,12.84353],[77.71858,12.84364],[77.71868,12.84371],[77.7188,12.84399],[77.71908,12.84397],[77.71928,12.84389],[77.71934,12.84353],[77.71941,12.84345],[77.71951,12.84348],[77.71987,12.84384]]]]}},{"type":"Feature","properties":{"id":"lake-586","name":"Mapped lake/tank"},"geometry":{"type":"MultiPolygon","coordinates":[[[[77.7417,12.85012],[77.74169,12.8497],[77.74174,12.8496],[77.74203,12.84945],[77.74214,12.8493],[77.74212,12.84923],[77.742,12.84917],[77.7413,12.84906],[77.74108,12.84915],[77.74002,12.84937],[77.73892,12.84941],[77.73848,12.84954],[77.73879,12.84966],[77.73931,12.85026],[77.73972,12.8501],[77.73988,12.85017],[77.74025,12.85015],[77.74032,12.85018],[77.74045,12.85034],[77.74053,12.85034],[77.74089,12.85011],[77.74127,12.84999],[77.7414,12.85005],[77.74139,12.85052],[77.74143,12.85069],[77.7417,12.85104],[77.74164,12.85056],[77.7417,12.85012]]]]}},{"type":"Feature","properties":{"id":"lake-587","name":"Mapped lake/tank"},"geometry":{"type":"MultiPolygon","coordinates":[[[[77.75954,12.87248],[77.75954,12.87226],[77.7595,12.87217],[77.75944,12.87215],[77.75939,12.87226],[77.7594,12.8725],[77.75931,12.87273],[77.75922,12.87278],[77.75854,12.87286],[77.7581,12.87301],[77.75827,12.87318],[77.75834,12.87342],[77.75793,12.87515],[77.75781,12.87554],[77.75745,12.87561],[77.75711,12.8755],[77.75667,12.87543],[77.75657,12.87537],[77.7565,12.87515],[77.75619,12.87503],[77.75613,12.8753],[77.75619,12.87544],[77.75633,12.87551],[77.75654,12.87551],[77.75653,12.87571],[77.75707,12.87574],[77.75762,12.87574],[77.75765,12.8757],[77.75766,12.87574],[77.7585,12.87573],[77.75862,12.87415],[77.75867,12.87385],[77.75889,12.87344],[77.75933,12.87311],[77.75952,12.87272],[77.75954,12.87248]]]]}},{"type":"Feature","properties":{"id":"lake-588","name":"Mapped lake/tank"},"geometry":{"type":"MultiPolygon","coordinates":[[[[77.72703,12.86772],[77.72548,12.86731],[77.72534,12.86732],[77.72529,12.86742],[77.72538,12.86794],[77.72561,12.86872],[77.72586,12.86873],[77.7262,12.86884],[77.72627,12.86875],[77.72644,12.86871],[77.72661,12.86896],[77.72674,12.86894],[77.72699,12.8686],[77.72703,12.86772]]]]}},{"type":"Feature","properties":{"id":"lake-589","name":"Mapped lake/tank"},"geometry":{"type":"MultiPolygon","coordinates":[[[[77.72555,12.85673],[77.7256,12.85587],[77.72547,12.8557],[77.72529,12.85568],[77.72508,12.85556],[77.7249,12.85555],[77.72478,12.85568],[77.7243,12.85676],[77.72458,12.85681],[77.72483,12.85703],[77.72492,12.85703],[77.725,12.857],[77.725,12.85695],[77.72483,12.85676],[77.72483,12.85668],[77.72507,12.85652],[77.72514,12.8565],[77.72535,12.85679],[77.72555,12.85673]]]]}},{"type":"Feature","properties":{"id":"lake-590","name":"Mapped lake/tank"},"geometry":{"type":"MultiPolygon","coordinates":[[[[77.7399,12.83905],[77.73995,12.83891],[77.74025,12.83866],[77.7403,12.83854],[77.7406,12.83816],[77.74082,12.8378],[77.74131,12.83739],[77.74133,12.83686],[77.74094,12.83681],[77.74048,12.83689],[77.74012,12.83718],[77.73966,12.83748],[77.73932,12.83747],[77.73915,12.83753],[77.73904,12.83764],[77.73897,12.83778],[77.73887,12.83786],[77.73855,12.83786],[77.73848,12.83793],[77.73836,12.83828],[77.73827,12.83832],[77.73814,12.83832],[77.73807,12.83825],[77.73795,12.83781],[77.7379,12.83779],[77.73718,12.8381],[77.73742,12.83873],[77.73781,12.83892],[77.73824,12.83893],[77.73878,12.83912],[77.73961,12.83921],[77.73971,12.83928],[77.7399,12.83905]]]]}},{"type":"Feature","properties":{"id":"lake-591","name":"Mapped lake/tank"},"geometry":{"type":"MultiPolygon","coordinates":[[[[77.75404,12.86931],[77.75404,12.86905],[77.75368,12.86917],[77.75367,12.86921],[77.75379,12.86937],[77.75397,12.86937],[77.75404,12.86931]]]]}},{"type":"Feature","properties":{"id":"lake-592","name":"Mapped lake/tank"},"geometry":{"type":"MultiPolygon","coordinates":[[[[77.70742,12.80865],[77.70728,12.80821],[77.70717,12.80808],[77.70707,12.80774],[77.70632,12.80611],[77.70617,12.8054],[77.70563,12.80491],[77.70519,12.80436],[77.705,12.80406],[77.70474,12.80415],[77.70447,12.80433],[77.70416,12.80422],[77.70403,12.80425],[77.70398,12.80431],[77.70381,12.80482],[77.70374,12.80535],[77.70376,12.80567],[77.70391,12.80595],[77.7042,12.80613],[77.70526,12.80663],[77.70544,12.80688],[77.70603,12.8074],[77.70637,12.8079],[77.70694,12.80893],[77.70729,12.80916],[77.70747,12.80914],[77.7075,12.80904],[77.70742,12.80865]]]]}},{"type":"Feature","properties":{"id":"lake-593","name":"Mapped lake/tank"},"geometry":{"type":"MultiPolygon","coordinates":[[[[77.6731,12.78639],[77.67308,12.78628],[77.67275,12.78628],[77.67289,12.78639],[77.6731,12.78639]]]]}},{"type":"Feature","properties":{"id":"lake-594","name":"Mapped lake/tank"},"geometry":{"type":"MultiPolygon","coordinates":[[[[77.67623,12.80391],[77.67666,12.80371],[77.67726,12.8033],[77.67746,12.80321],[77.67741,12.80304],[77.67728,12.80301],[77.67683,12.80311],[77.67653,12.80308],[77.67635,12.80281],[77.67625,12.80275],[77.67606,12.80278],[77.67564,12.80315],[77.67543,12.80309],[77.67533,12.80288],[77.67531,12.80255],[77.6754,12.80244],[77.67624,12.80199],[77.67625,12.80169],[77.67619,12.80154],[77.67599,12.80136],[77.67517,12.80207],[77.67478,12.80229],[77.67448,12.80254],[77.67439,12.80275],[77.67442,12.80314],[77.67459,12.80349],[77.67475,12.80355],[77.67545,12.80359],[77.67562,12.80367],[77.67577,12.8039],[77.67593,12.80397],[77.67623,12.80391]]]]}},{"type":"Feature","properties":{"id":"lake-595","name":"Mapped lake/tank"},"geometry":{"type":"MultiPolygon","coordinates":[[[[77.71657,12.79256],[77.71656,12.79253],[77.7172,12.79227],[77.71718,12.79091],[77.71648,12.79121],[77.71642,12.79134],[77.71626,12.79148],[77.71649,12.79207],[77.71643,12.79258],[77.71649,12.79262],[77.71657,12.79256]]]]}},{"type":"Feature","properties":{"id":"lake-596","name":"Mapped lake/tank"},"geometry":{"type":"MultiPolygon","coordinates":[[[[77.69289,12.79384],[77.69292,12.79373],[77.69301,12.79377],[77.6931,12.79372],[77.69315,12.79334],[77.69289,12.79325],[77.69288,12.79329],[77.69246,12.79324],[77.69249,12.79311],[77.69228,12.79304],[77.6922,12.79287],[77.69206,12.79294],[77.69203,12.79334],[77.6921,12.79352],[77.69219,12.79358],[77.69241,12.79361],[77.69242,12.79368],[77.69253,12.79375],[77.69278,12.79385],[77.69289,12.79384]]]]}},{"type":"Feature","properties":{"id":"lake-597","name":"Mapped lake/tank"},"geometry":{"type":"MultiPolygon","coordinates":[[[[77.70301,12.8189],[77.70312,12.81834],[77.7037,12.81789],[77.70393,12.81759],[77.70402,12.8173],[77.70415,12.81608],[77.70432,12.8153],[77.70445,12.81493],[77.70442,12.81485],[77.70396,12.81516],[77.70357,12.81535],[77.70243,12.81606],[77.70085,12.81717],[77.70071,12.81721],[77.70075,12.81757],[77.70085,12.81785],[77.701,12.81797],[77.70124,12.81802],[77.70129,12.81807],[77.70131,12.81843],[77.70243,12.81891],[77.70276,12.81896],[77.70301,12.8189]]]]}},{"type":"Feature","properties":{"id":"lake-598","name":"Mapped lake/tank"},"geometry":{"type":"MultiPolygon","coordinates":[[[[77.68714,12.82784],[77.68822,12.82791],[77.68898,12.82819],[77.69021,12.82817],[77.69018,12.82805],[77.68995,12.8279],[77.68914,12.82776],[77.68883,12.82768],[77.68873,12.82761],[77.68834,12.82711],[77.68826,12.82684],[77.68829,12.82627],[77.6884,12.82588],[77.6892,12.82517],[77.68939,12.82471],[77.68932,12.82465],[77.68919,12.82466],[77.68901,12.8248],[77.6886,12.82489],[77.68829,12.82508],[77.68783,12.8252],[77.68746,12.82536],[77.68624,12.8256],[77.68541,12.82588],[77.68517,12.82607],[77.6849,12.82653],[77.68493,12.82744],[77.68504,12.82826],[77.68532,12.82819],[77.68607,12.82811],[77.68679,12.82789],[77.68714,12.82784]]]]}},{"type":"Feature","properties":{"id":"lake-599","name":"Mapped lake/tank"},"geometry":{"type":"MultiPolygon","coordinates":[[[[77.69186,12.80947],[77.69174,12.80932],[77.69132,12.80917],[77.69108,12.80899],[77.69077,12.80853],[77.69032,12.80761],[77.68998,12.80673],[77.68992,12.80665],[77.68982,12.80662],[77.68974,12.80664],[77.68758,12.80896],[77.6873,12.8095],[77.68733,12.80963],[77.6875,12.80977],[77.68813,12.81006],[77.68849,12.81],[77.68907,12.80976],[77.68992,12.80972],[77.69109,12.80987],[77.69145,12.81007],[77.69177,12.81039],[77.692,12.81049],[77.69224,12.81039],[77.69229,12.81031],[77.69186,12.80947]]]]}},{"type":"Feature","properties":{"id":"lake-600","name":"Mapped lake/tank"},"geometry":{"type":"MultiPolygon","coordinates":[[[[77.67536,12.82775],[77.67513,12.82777],[77.6752,12.828],[77.6752,12.82818],[77.67516,12.82825],[77.67497,12.82836],[77.67468,12.82842],[77.67294,12.82842],[77.67274,12.82847],[77.67246,12.82871],[77.67248,12.82894],[77.67285,12.8295],[77.67311,12.83003],[77.67405,12.83144],[77.6755,12.83142],[77.67473,12.83044],[77.67465,12.83018],[77.67547,12.82878],[77.67536,12.82775]]]]}},{"type":"Feature","properties":{"id":"lake-601","name":"Mapped lake/tank"},"geometry":{"type":"MultiPolygon","coordinates":[[[[77.71734,12.80528],[77.71686,12.8053],[77.71648,12.8055],[77.71616,12.80621],[77.71735,12.80664],[77.71734,12.80528]]]]}},{"type":"Feature","properties":{"id":"lake-602","name":"Mapped lake/tank"},"geometry":{"type":"MultiPolygon","coordinates":[[[[77.70296,12.82128],[77.70296,12.82118],[77.70279,12.82107],[77.70258,12.82103],[77.70222,12.82103],[77.70158,12.82114],[77.70115,12.82148],[77.70102,12.8222],[77.70115,12.82296],[77.70123,12.82299],[77.70142,12.82295],[77.70199,12.82276],[77.70208,12.82262],[77.70209,12.8224],[77.7023,12.82181],[77.70257,12.82149],[77.70296,12.82128]]]]}},{"type":"Feature","properties":{"id":"lake-603","name":"Mapped lake/tank"},"geometry":{"type":"MultiPolygon","coordinates":[[[[77.69607,12.8283],[77.69605,12.82783],[77.69674,12.82755],[77.69798,12.82628],[77.69826,12.82603],[77.69844,12.82594],[77.69847,12.82576],[77.69828,12.82555],[77.69787,12.82572],[77.69743,12.82573],[77.6964,12.82513],[77.69595,12.82478],[77.69552,12.82464],[77.69539,12.82453],[77.6953,12.82438],[77.69536,12.82414],[77.69536,12.82392],[77.69517,12.82359],[77.69515,12.82335],[77.69517,12.82308],[77.69547,12.82238],[77.69547,12.8223],[77.69538,12.82225],[77.69528,12.82229],[77.69463,12.82311],[77.69444,12.82362],[77.69418,12.82372],[77.69357,12.82376],[77.69319,12.82389],[77.69258,12.82421],[77.69163,12.82482],[77.69136,12.82507],[77.69128,12.82528],[77.69129,12.82542],[77.69143,12.8259],[77.69152,12.82596],[77.69206,12.82606],[77.69237,12.82622],[77.69377,12.82664],[77.69454,12.82701],[77.6949,12.82732],[77.69494,12.82766],[77.69513,12.82811],[77.6955,12.82853],[77.69607,12.8283]]]]}},{"type":"Feature","properties":{"id":"lake-604","name":"Mapped lake/tank"},"geometry":{"type":"MultiPolygon","coordinates":[[[[77.67818,12.82982],[77.67897,12.82972],[77.67919,12.82993],[77.67928,12.82993],[77.68084,12.82918],[77.68138,12.82899],[77.68185,12.82763],[77.68116,12.82752],[77.68042,12.82753],[77.68008,12.82736],[77.67987,12.82741],[77.67981,12.82747],[77.67957,12.82808],[77.6788,12.82826],[77.67868,12.82838],[77.67844,12.82837],[77.67789,12.82805],[77.67732,12.82803],[77.67699,12.82804],[77.67607,12.82832],[77.67555,12.82857],[77.67551,12.82864],[77.67552,12.82879],[77.67544,12.82895],[77.6747,12.83018],[77.67477,12.83042],[77.67557,12.83142],[77.67669,12.83141],[77.67662,12.83114],[77.67644,12.83074],[77.67646,12.83063],[77.67732,12.83015],[77.67818,12.82982]]]]}},{"type":"Feature","properties":{"id":"lake-605","name":"Mapped lake/tank"},"geometry":{"type":"MultiPolygon","coordinates":[[[[77.71694,12.81299],[77.71711,12.81381],[77.71743,12.81374],[77.71741,12.81266],[77.71695,12.81268],[77.71694,12.81299]]]]}},{"type":"Feature","properties":{"id":"lake-606","name":"Mapped lake/tank"},"geometry":{"type":"MultiPolygon","coordinates":[[[[77.67853,12.80297],[77.67856,12.80288],[77.67853,12.80277],[77.67785,12.80196],[77.67744,12.80101],[77.67735,12.8005],[77.67739,12.80032],[77.67751,12.80016],[77.6777,12.80005],[77.67766,12.79982],[77.67706,12.80018],[77.67673,12.80067],[77.67599,12.80136],[77.67619,12.80154],[77.67625,12.80169],[77.67624,12.80199],[77.6754,12.80244],[77.67531,12.80255],[77.67533,12.80288],[77.67543,12.80309],[77.67564,12.80315],[77.67606,12.80278],[77.67625,12.80275],[77.67635,12.80281],[77.67653,12.80308],[77.67683,12.80311],[77.67728,12.80301],[77.67741,12.80304],[77.67746,12.80321],[77.67788,12.80306],[77.67853,12.80297]]]]}},{"type":"Feature","properties":{"id":"lake-607","name":"Mapped lake/tank"},"geometry":{"type":"MultiPolygon","coordinates":[[[[77.71801,12.86768],[77.71798,12.86488],[77.71777,12.86484],[77.71769,12.86505],[77.71759,12.86558],[77.71736,12.86603],[77.7174,12.86622],[77.71736,12.86637],[77.7166,12.86717],[77.7164,12.86722],[77.71631,12.86737],[77.71653,12.8675],[77.71671,12.86771],[77.71801,12.86768]]]]}},{"type":"Feature","properties":{"id":"lake-608","name":"Mapped lake/tank"},"geometry":{"type":"MultiPolygon","coordinates":[[[[77.71704,12.85056],[77.71757,12.85052],[77.71758,12.84968],[77.71765,12.84965],[77.71781,12.84971],[77.71774,12.84338],[77.7175,12.84334],[77.71732,12.84324],[77.71677,12.84307],[77.71584,12.84309],[77.71599,12.84379],[77.71604,12.84567],[77.716,12.84575],[77.71591,12.84581],[77.7157,12.84575],[77.71561,12.84577],[77.71549,12.84617],[77.71535,12.84626],[77.71526,12.84645],[77.71531,12.84668],[77.71582,12.84687],[77.71584,12.84725],[77.71563,12.84766],[77.71545,12.84782],[77.7151,12.84885],[77.71522,12.84946],[77.71571,12.84942],[77.71592,12.85068],[77.71704,12.85056]]]]}},{"type":"Feature","properties":{"id":"lake-609","name":"Mapped lake/tank"},"geometry":{"type":"MultiPolygon","coordinates":[[[[77.71792,12.86003],[77.71791,12.85892],[77.71772,12.85955],[77.71741,12.85977],[77.71786,12.86014],[77.71792,12.86003]]]]}},{"type":"Feature","properties":{"id":"lake-610","name":"Mapped lake/tank"},"geometry":{"type":"MultiPolygon","coordinates":[[[[77.67494,12.84084],[77.67535,12.84017],[77.67587,12.83981],[77.67641,12.8399],[77.67652,12.83978],[77.67673,12.83987],[77.67765,12.83869],[77.67749,12.83858],[77.67735,12.83858],[77.67713,12.83891],[77.67685,12.83915],[77.67643,12.8393],[77.67602,12.83937],[77.67532,12.83913],[77.67476,12.83884],[77.67457,12.83862],[77.67444,12.83837],[77.67431,12.83824],[77.67388,12.83804],[77.67424,12.84098],[77.67424,12.84126],[77.67418,12.84147],[77.67386,12.8419],[77.67399,12.84224],[77.67415,12.84224],[77.6742,12.8423],[77.67494,12.84084]]]]}},{"type":"Feature","properties":{"id":"lake-611","name":"Mapped lake/tank"},"geometry":{"type":"MultiPolygon","coordinates":[[[[77.67213,12.83943],[77.67204,12.83951],[77.672,12.83975],[77.67168,12.84012],[77.67168,12.84071],[77.67178,12.84065],[77.67223,12.83979],[77.67222,12.8396],[77.67213,12.83943]]]]}},{"type":"Feature","properties":{"id":"lake-612","name":"Mapped lake/tank"},"geometry":{"type":"MultiPolygon","coordinates":[[[[77.67918,12.87371],[77.67888,12.87286],[77.67887,12.87259],[77.67925,12.87163],[77.6793,12.87131],[77.67971,12.87084],[77.68009,12.87048],[77.68064,12.87021],[77.68069,12.87005],[77.6807,12.8698],[77.68053,12.86948],[77.68047,12.86946],[77.68028,12.86955],[77.68008,12.86983],[77.6799,12.8698],[77.6799,12.86974],[77.68004,12.86966],[77.67999,12.86938],[77.67991,12.86932],[77.67966,12.86938],[77.67963,12.86934],[77.6797,12.8692],[77.67941,12.86902],[77.67928,12.8687],[77.67876,12.86836],[77.67866,12.86847],[77.67861,12.86845],[77.67785,12.8679],[77.6776,12.86766],[77.67742,12.86758],[77.67732,12.86733],[77.67718,12.86735],[77.67708,12.86719],[77.67699,12.86718],[77.6769,12.86722],[77.67694,12.86749],[77.67679,12.86756],[77.67644,12.8674],[77.67594,12.86739],[77.67517,12.86677],[77.67505,12.86687],[77.67506,12.86718],[77.67502,12.86722],[77.67495,12.86715],[77.67465,12.86715],[77.67456,12.86709],[77.6744,12.86659],[77.67379,12.86653],[77.67372,12.86656],[77.67366,12.86661],[77.67341,12.86748],[77.67341,12.8676],[77.67361,12.86801],[77.67363,12.86817],[77.67373,12.86844],[77.67364,12.86855],[77.67503,12.87032],[77.67649,12.8716],[77.6769,12.87218],[77.6772,12.87234],[77.67735,12.87269],[77.67817,12.87319],[77.67882,12.87375],[77.67895,12.87377],[77.67918,12.87371]]]]}},{"type":"Feature","properties":{"id":"lake-613","name":"Mapped lake/tank"},"geometry":{"type":"MultiPolygon","coordinates":[[[[77.69509,12.87364],[77.69522,12.87336],[77.69493,12.87347],[77.6942,12.87384],[77.69289,12.87409],[77.69064,12.87489],[77.68972,12.87511],[77.68959,12.87526],[77.68817,12.87531],[77.68763,12.87526],[77.6869,12.87508],[77.68663,12.8759],[77.6867,12.87606],[77.68692,12.87617],[77.68677,12.87647],[77.69535,12.87639],[77.69529,12.87615],[77.69513,12.8759],[77.69516,12.87566],[77.69504,12.87519],[77.69501,12.87392],[77.69509,12.87364]]]]}},{"type":"Feature","properties":{"id":"lake-614","name":"Mapped lake/tank"},"geometry":{"type":"MultiPolygon","coordinates":[[[[77.71772,12.84118],[77.71733,12.84125],[77.71722,12.84123],[77.71642,12.84087],[77.71601,12.84056],[77.71574,12.8405],[77.71575,12.84065],[77.7159,12.84108],[77.71593,12.84137],[77.71592,12.842],[77.71581,12.84244],[77.71584,12.8427],[77.71579,12.8429],[77.71584,12.84309],[77.71677,12.84307],[77.71732,12.84324],[77.7175,12.84334],[77.71774,12.84338],[77.71772,12.84118]]]]}},{"type":"Feature","properties":{"id":"lake-615","name":"Mapped lake/tank"},"geometry":{"type":"MultiPolygon","coordinates":[[[[77.71384,12.86556],[77.71369,12.86516],[77.71324,12.86523],[77.71319,12.86505],[77.71329,12.86486],[77.71349,12.86417],[77.71368,12.86408],[77.71414,12.86405],[77.71419,12.86407],[77.7144,12.86473],[77.71444,12.86477],[77.71504,12.86469],[77.71501,12.86517],[77.71521,12.86526],[77.71522,12.86544],[77.71537,12.86558],[77.71551,12.86551],[77.71577,12.86493],[77.71569,12.86424],[77.71573,12.86405],[77.71624,12.86355],[77.71634,12.86332],[77.71604,12.86328],[77.71635,12.862],[77.71678,12.8611],[77.7169,12.86097],[77.71713,12.86082],[77.71732,12.8603],[77.71739,12.86027],[77.71776,12.8603],[77.71787,12.86021],[77.71741,12.85981],[77.7173,12.85981],[77.71693,12.85994],[77.71605,12.86017],[77.71586,12.86018],[77.71496,12.86005],[77.71366,12.85961],[77.71357,12.86014],[77.71334,12.8601],[77.71324,12.86041],[77.7135,12.86047],[77.71345,12.86096],[77.71315,12.86094],[77.71313,12.86098],[77.71302,12.86151],[77.71244,12.86134],[77.71233,12.86163],[77.71252,12.86169],[77.71256,12.862],[77.71306,12.8621],[77.71295,12.86265],[77.71278,12.86314],[77.7128,12.86317],[77.71327,12.86317],[77.71319,12.86364],[77.7131,12.86368],[77.71201,12.86384],[77.71156,12.86367],[77.71139,12.864],[77.71123,12.86397],[77.71107,12.8642],[77.7106,12.86408],[77.71052,12.8645],[77.71063,12.86477],[77.71058,12.86486],[77.71045,12.86511],[77.71011,12.86505],[77.70995,12.86697],[77.71059,12.86756],[77.7107,12.86738],[77.71088,12.86722],[77.71179,12.86677],[77.71212,12.86654],[77.7122,12.86644],[77.7123,12.86611],[77.71236,12.86605],[77.71334,12.86568],[77.71384,12.86556]]]]}},{"type":"Feature","properties":{"id":"lake-616","name":"Mapped lake/tank"},"geometry":{"type":"MultiPolygon","coordinates":[[[[77.70999,12.86501],[77.7098,12.86684],[77.70991,12.86693],[77.71007,12.86506],[77.70999,12.86501]]]]}},{"type":"Feature","properties":{"id":"lake-617","name":"Mapped lake/tank"},"geometry":{"type":"MultiPolygon","coordinates":[[[[77.70984,12.86495],[77.70958,12.86479],[77.70896,12.86591],[77.70901,12.86608],[77.70912,12.86623],[77.70972,12.86677],[77.70989,12.86497],[77.70984,12.86495]]]]}},{"type":"Feature","properties":{"id":"lake-618","name":"Mapped lake/tank"},"geometry":{"type":"MultiPolygon","coordinates":[[[[77.67198,12.85837],[77.67262,12.85796],[77.67265,12.858],[77.67288,12.8579],[77.67373,12.85724],[77.6736,12.85686],[77.67367,12.85673],[77.67416,12.85631],[77.67416,12.85615],[77.67408,12.85581],[77.67373,12.85583],[77.67334,12.85617],[77.67309,12.85611],[77.67264,12.8562],[77.67253,12.85609],[77.67247,12.85608],[77.672,12.85642],[77.67185,12.85645],[77.67187,12.85844],[77.67198,12.85837]]]]}},{"type":"Feature","properties":{"id":"lake-619","name":"Mapped lake/tank"},"geometry":{"type":"MultiPolygon","coordinates":[[[[77.67322,12.84553],[77.67286,12.84605],[77.67288,12.8463],[77.67299,12.84648],[77.67317,12.8466],[77.6751,12.84743],[77.67514,12.84522],[77.67344,12.84534],[77.67322,12.84553]]]]}},{"type":"Feature","properties":{"id":"lake-620","name":"Mapped lake/tank"},"geometry":{"type":"MultiPolygon","coordinates":[[[[77.69023,12.853],[77.68799,12.85285],[77.68791,12.85288],[77.68808,12.85323],[77.6888,12.8536],[77.6893,12.85408],[77.68944,12.85438],[77.69026,12.85495],[77.6904,12.8551],[77.69058,12.85551],[77.69052,12.85581],[77.69073,12.85587],[77.6909,12.8556],[77.69098,12.85533],[77.69097,12.85493],[77.69068,12.85387],[77.69061,12.85308],[77.69023,12.853]]]]}},{"type":"Feature","properties":{"id":"lake-621","name":"Mapped lake/tank"},"geometry":{"type":"MultiPolygon","coordinates":[[[[77.69606,12.85678],[77.69634,12.85675],[77.69672,12.85679],[77.69684,12.85675],[77.69701,12.85665],[77.69728,12.8564],[77.69732,12.85628],[77.69729,12.85613],[77.69739,12.85599],[77.69816,12.85547],[77.69845,12.85536],[77.69871,12.85535],[77.69999,12.85483],[77.69975,12.85463],[77.69955,12.85454],[77.69823,12.85441],[77.69688,12.85393],[77.69561,12.85328],[77.69529,12.85301],[77.69514,12.85281],[77.69511,12.85352],[77.69497,12.85447],[77.69497,12.85483],[77.69509,12.85657],[77.69519,12.85687],[77.69606,12.85678]]]]}},{"type":"Feature","properties":{"id":"lake-622","name":"Mapped lake/tank"},"geometry":{"type":"MultiPolygon","coordinates":[[[[77.70969,12.84633],[77.71003,12.84578],[77.70999,12.84527],[77.70951,12.84551],[77.70948,12.84583],[77.70934,12.84595],[77.70836,12.84629],[77.70837,12.84643],[77.70848,12.84654],[77.70851,12.84667],[77.70845,12.84751],[77.70848,12.84765],[77.70874,12.84792],[77.70917,12.84814],[77.70921,12.8484],[77.70911,12.84864],[77.70951,12.84876],[77.71001,12.84899],[77.71048,12.84935],[77.71067,12.84969],[77.71091,12.84953],[77.71051,12.84854],[77.71048,12.8485],[77.71034,12.8485],[77.71017,12.84824],[77.70959,12.84692],[77.70958,12.84667],[77.70969,12.84633]]]]}},{"type":"Feature","properties":{"id":"lake-623","name":"Mapped lake/tank"},"geometry":{"type":"MultiPolygon","coordinates":[[[[77.67626,12.83447],[77.6763,12.83399],[77.67664,12.83405],[77.67672,12.83425],[77.67695,12.83437],[77.67702,12.83438],[77.67708,12.83432],[77.67703,12.83416],[77.67665,12.8338],[77.67643,12.8327],[77.67646,12.83221],[77.67651,12.83215],[77.67675,12.8321],[77.67643,12.83188],[77.67601,12.83185],[77.67575,12.83167],[77.6755,12.83142],[77.67405,12.83144],[77.67436,12.83181],[77.67472,12.83257],[77.67529,12.83352],[77.67526,12.8345],[77.67532,12.8345],[77.67532,12.83446],[77.67626,12.83447]]]]}},{"type":"Feature","properties":{"id":"lake-624","name":"Mapped lake/tank"},"geometry":{"type":"MultiPolygon","coordinates":[[[[77.67683,12.83196],[77.67686,12.83178],[77.67669,12.83141],[77.67557,12.83142],[77.67578,12.83164],[77.67605,12.83182],[77.67645,12.83184],[77.67676,12.83206],[77.6769,12.83207],[77.67689,12.83201],[77.67683,12.83196]]]]}},{"type":"Feature","properties":{"id":"lake-625","name":"Mapped lake/tank"},"geometry":{"type":"MultiPolygon","coordinates":[[[[77.70666,12.84704],[77.70554,12.8472],[77.70572,12.84763],[77.7061,12.84771],[77.70621,12.84793],[77.70655,12.84804],[77.7066,12.84737],[77.70669,12.84719],[77.70666,12.84704]]]]}},{"type":"Feature","properties":{"id":"lake-626","name":"Mapped lake/tank"},"geometry":{"type":"MultiPolygon","coordinates":[[[[77.67589,12.9143],[77.67583,12.91409],[77.67537,12.91356],[77.6752,12.91341],[77.67466,12.91314],[77.67445,12.913],[77.67428,12.91281],[77.67398,12.91234],[77.67338,12.91179],[77.67302,12.91152],[77.67277,12.91175],[77.67261,12.91176],[77.67244,12.91167],[77.67246,12.91404],[77.67315,12.91467],[77.67338,12.91499],[77.6735,12.91534],[77.67348,12.91585],[77.67366,12.9159],[77.67396,12.91555],[77.67422,12.91532],[77.67589,12.9143]]]]}},{"type":"Feature","properties":{"id":"lake-627","name":"Mapped lake/tank"},"geometry":{"type":"MultiPolygon","coordinates":[[[[77.69073,12.87767],[77.69411,12.87699],[77.69429,12.87703],[77.69444,12.87739],[77.6945,12.87743],[77.69577,12.87708],[77.69581,12.877],[77.6956,12.87677],[77.69535,12.87639],[77.68677,12.87647],[77.68677,12.87659],[77.68693,12.87679],[77.68767,12.87708],[77.68815,12.8771],[77.68965,12.87758],[77.69028,12.8776],[77.69073,12.87767]]]]}},{"type":"Feature","properties":{"id":"lake-628","name":"Mapped lake/tank"},"geometry":{"type":"MultiPolygon","coordinates":[[[[77.70901,12.87679],[77.70901,12.87718],[77.70924,12.87718],[77.70946,12.87687],[77.70956,12.8768],[77.71023,12.87678],[77.71026,12.87675],[77.70995,12.87638],[77.70984,12.87629],[77.70976,12.87628],[77.70963,12.87628],[77.70937,12.87642],[77.70917,12.87668],[77.70901,12.87679]]]]}},{"type":"Feature","properties":{"id":"lake-629","name":"Mapped lake/tank"},"geometry":{"type":"MultiPolygon","coordinates":[[[[77.71146,12.91895],[77.71129,12.91851],[77.71152,12.91696],[77.70969,12.91692],[77.7096,12.91708],[77.70963,12.91725],[77.71039,12.91814],[77.71147,12.91919],[77.71152,12.91908],[77.71146,12.91895]]]]}},{"type":"Feature","properties":{"id":"lake-630","name":"Mapped lake/tank"},"geometry":{"type":"MultiPolygon","coordinates":[[[[77.71404,12.90557],[77.71382,12.90443],[77.71382,12.90425],[77.71417,12.90344],[77.71413,12.90341],[77.71331,12.9038],[77.71345,12.90448],[77.71339,12.90485],[77.71337,12.90489],[77.71325,12.9049],[77.71323,12.90502],[77.71318,12.90501],[77.713,12.90598],[77.7128,12.90661],[77.71282,12.90708],[77.71288,12.90717],[77.71304,12.90727],[77.71335,12.90767],[77.71345,12.9079],[77.71398,12.90796],[77.71375,12.90723],[77.71405,12.90581],[77.71404,12.90557]]]]}},{"type":"Feature","properties":{"id":"lake-631","name":"Mapped lake/tank"},"geometry":{"type":"MultiPolygon","coordinates":[[[[77.71853,12.91585],[77.71846,12.90999],[77.71807,12.91034],[77.71821,12.91034],[77.71795,12.91084],[77.71749,12.91207],[77.71767,12.913],[77.71793,12.9134],[77.71814,12.9143],[77.71812,12.91508],[77.71796,12.91532],[77.71781,12.91545],[77.71806,12.91584],[77.71853,12.91585]]]]}},{"type":"Feature","properties":{"id":"lake-632","name":"Mapped lake/tank"},"geometry":{"type":"MultiPolygon","coordinates":[[[[77.68263,12.91959],[77.6826,12.91928],[77.68226,12.91837],[77.68218,12.91795],[77.68217,12.91669],[77.68223,12.91644],[77.68237,12.91617],[77.6824,12.91599],[77.68051,12.9157],[77.68009,12.91573],[77.6795,12.91585],[77.67888,12.91586],[77.67884,12.91592],[77.6788,12.91736],[77.67868,12.91746],[77.67809,12.91751],[77.67803,12.91757],[77.67776,12.91948],[77.67732,12.9203],[77.67717,12.92074],[77.67721,12.92085],[77.67731,12.92088],[77.67814,12.92048],[77.67967,12.92026],[77.68018,12.92004],[77.68089,12.91989],[77.68226,12.91994],[77.68263,12.91959]]]]}},{"type":"Feature","properties":{"id":"lake-633","name":"Mapped lake/tank"},"geometry":{"type":"MultiPolygon","coordinates":[[[[77.69044,12.91094],[77.69018,12.91085],[77.69011,12.91074],[77.69002,12.90996],[77.68991,12.90976],[77.68877,12.90974],[77.68871,12.90997],[77.68806,12.91006],[77.68799,12.91013],[77.68797,12.91025],[77.6881,12.91108],[77.68816,12.91113],[77.689,12.91142],[77.689,12.91071],[77.68928,12.91071],[77.68928,12.91144],[77.69038,12.91148],[77.69043,12.91139],[77.69044,12.91094]]]]}},{"type":"Feature","properties":{"id":"lake-634","name":"Mapped lake/tank"},"geometry":{"type":"MultiPolygon","coordinates":[[[[77.69553,12.91304],[77.69559,12.91296],[77.69549,12.91224],[77.69512,12.9116],[77.69506,12.91157],[77.69473,12.91164],[77.69451,12.91117],[77.69396,12.91103],[77.69364,12.91087],[77.69306,12.91042],[77.69257,12.91008],[77.69252,12.91008],[77.69235,12.91093],[77.69201,12.9119],[77.69174,12.91234],[77.69152,12.91256],[77.69134,12.91267],[77.69139,12.91293],[77.69195,12.91286],[77.69274,12.91265],[77.69306,12.91262],[77.69451,12.91281],[77.69553,12.91304]]]]}},{"type":"Feature","properties":{"id":"lake-635","name":"Mapped lake/tank"},"geometry":{"type":"MultiPolygon","coordinates":[[[[77.70298,12.89212],[77.70324,12.89091],[77.70371,12.89024],[77.704,12.89012],[77.70404,12.88979],[77.70389,12.88957],[77.70355,12.88951],[77.70342,12.8893],[77.70337,12.88928],[77.70295,12.88926],[77.70128,12.8894],[77.70131,12.88978],[77.70127,12.88989],[77.70053,12.89013],[77.70055,12.89034],[77.70166,12.89098],[77.70209,12.89136],[77.7023,12.89163],[77.70245,12.89209],[77.70283,12.89286],[77.70288,12.89314],[77.70298,12.89319],[77.7031,12.89311],[77.70308,12.89296],[77.70296,12.89272],[77.70298,12.89212]]]]}},{"type":"Feature","properties":{"id":"lake-636","name":"Mapped lake/tank"},"geometry":{"type":"MultiPolygon","coordinates":[[[[77.70869,12.87701],[77.70836,12.87708],[77.70817,12.87703],[77.7079,12.87682],[77.70769,12.87632],[77.70755,12.87632],[77.70776,12.8771],[77.70778,12.87758],[77.70783,12.87771],[77.70836,12.87829],[77.70855,12.87844],[77.70869,12.87701]]]]}},{"type":"Feature","properties":{"id":"lake-637","name":"Mapped lake/tank"},"geometry":{"type":"MultiPolygon","coordinates":[[[[77.67995,12.88809],[77.67984,12.88759],[77.68067,12.88764],[77.68053,12.88683],[77.68051,12.8862],[77.68054,12.88569],[77.68063,12.88555],[77.67809,12.88572],[77.67827,12.88609],[77.67808,12.8865],[77.67791,12.88661],[77.67759,12.88656],[77.67724,12.88672],[77.67689,12.88679],[77.67689,12.88708],[77.67833,12.8879],[77.67881,12.88806],[77.67903,12.88808],[77.67929,12.8879],[77.67958,12.88788],[77.67982,12.88801],[77.67991,12.88814],[77.67995,12.88809]]]]}},{"type":"Feature","properties":{"id":"lake-638","name":"Mapped lake/tank"},"geometry":{"type":"MultiPolygon","coordinates":[[[[77.69488,12.89729],[77.69433,12.8959],[77.69432,12.89555],[77.6942,12.89554],[77.69239,12.89623],[77.6921,12.89632],[77.69192,12.89633],[77.69132,12.89624],[77.69126,12.89619],[77.69102,12.8957],[77.69042,12.89537],[77.69031,12.89538],[77.69026,12.89542],[77.69025,12.89554],[77.69039,12.89634],[77.69027,12.897],[77.69037,12.8984],[77.69015,12.89943],[77.68935,12.90076],[77.68911,12.90105],[77.68849,12.90153],[77.68853,12.90162],[77.6886,12.90167],[77.68873,12.90167],[77.6893,12.90137],[77.68979,12.90123],[77.69069,12.90134],[77.69185,12.90138],[77.69271,12.90169],[77.69295,12.90198],[77.69304,12.90235],[77.69311,12.90247],[77.69334,12.90256],[77.69357,12.90258],[77.69359,12.90249],[77.69348,12.90178],[77.69339,12.90153],[77.69342,12.90125],[77.69342,12.90021],[77.69353,12.8995],[77.69372,12.89914],[77.69397,12.89816],[77.69433,12.89769],[77.69488,12.89729]]]]}},{"type":"Feature","properties":{"id":"lake-639","name":"Mapped lake/tank"},"geometry":{"type":"MultiPolygon","coordinates":[[[[77.67373,12.91597],[77.67347,12.91591],[77.67327,12.91623],[77.67349,12.9166],[77.67358,12.91627],[77.67373,12.91597]]]]}},{"type":"Feature","properties":{"id":"lake-640","name":"Mapped lake/tank"},"geometry":{"type":"MultiPolygon","coordinates":[[[[77.673,12.9115],[77.67243,12.91109],[77.67244,12.91164],[77.67258,12.91173],[77.67273,12.91174],[77.6729,12.91163],[77.673,12.9115]]]]}},{"type":"Feature","properties":{"id":"lake-641","name":"Mapped lake/tank"},"geometry":{"type":"MultiPolygon","coordinates":[[[[77.69963,12.92483],[77.69952,12.92412],[77.69952,12.92379],[77.69974,12.92321],[77.69998,12.92292],[77.69988,12.92245],[77.69901,12.9217],[77.6982,12.92169],[77.69816,12.9226],[77.69787,12.92286],[77.69945,12.92493],[77.69963,12.92483]]]]}},{"type":"Feature","properties":{"id":"lake-642","name":"Vibhutipura Kere"},"geometry":{"type":"MultiPolygon","coordinates":[[[[77.67524,12.96693],[77.67795,12.9669],[77.67798,12.96621],[77.67786,12.96618],[77.67754,12.96621],[77.67716,12.96632],[77.67696,12.96645],[77.67675,12.96675],[77.67553,12.96686],[77.67524,12.96693]]]]}},{"type":"Feature","properties":{"id":"lake-643","name":"Bellandur Lake"},"geometry":{"type":"MultiPolygon","coordinates":[[[[77.67711,12.93151],[77.6771,12.93135],[77.67701,12.9312],[77.6769,12.9311],[77.67676,12.93111],[77.67616,12.93138],[77.67629,12.9317],[77.67629,12.93194],[77.67615,12.93197],[77.67581,12.93196],[77.67496,12.93167],[77.67464,12.93147],[77.67458,12.93136],[77.67403,12.93113],[77.67361,12.93102],[77.67341,12.93101],[77.67328,12.93106],[77.67299,12.93083],[77.67294,12.93071],[77.67264,12.93071],[77.67276,12.94247],[77.67312,12.94248],[77.6743,12.94285],[77.67439,12.9427],[77.67444,12.94244],[77.67468,12.94238],[77.67499,12.94223],[77.67502,12.94207],[77.67512,12.94193],[77.67511,12.9416],[77.67528,12.94148],[77.67622,12.94114],[77.67685,12.94117],[77.67735,12.94127],[77.67874,12.94248],[77.67904,12.94317],[77.6796,12.94363],[77.6798,12.94394],[77.68024,12.94411],[77.68029,12.94378],[77.67988,12.94314],[77.67976,12.94281],[77.67949,12.94248],[77.67937,12.94197],[77.67906,12.9413],[77.67872,12.94072],[77.67856,12.94014],[77.67834,12.93979],[77.67808,12.9392],[77.67775,12.93892],[77.67754,12.9384],[77.67731,12.93803],[77.67718,12.93754],[77.67717,12.93707],[77.67705,12.93645],[77.67696,12.93627],[77.67672,12.93597],[77.67656,12.93564],[77.67658,12.93524],[77.67684,12.93427],[77.67693,12.93335],[77.67693,12.93307],[77.67677,12.93273],[77.67688,12.93242],[77.67677,12.93199],[77.6769,12.93173],[77.67711,12.93151]]]]}},{"type":"Feature","properties":{"id":"lake-644","name":"Panathur Lake"},"geometry":{"type":"MultiPolygon","coordinates":[[[[77.70824,12.93235],[77.70869,12.93222],[77.70901,12.93203],[77.70926,12.93157],[77.70932,12.93135],[77.70897,12.93111],[77.70904,12.93097],[77.70802,12.93026],[77.7079,12.93029],[77.70802,12.93122],[77.708,12.93239],[77.70824,12.93235]]]]}},{"type":"Feature","properties":{"id":"lake-645","name":"Munnekolala Lake Park"},"geometry":{"type":"MultiPolygon","coordinates":[[[[77.70969,12.96012],[77.70973,12.95989],[77.70965,12.95978],[77.70881,12.9601],[77.70864,12.96012],[77.70744,12.96008],[77.70704,12.95995],[77.70693,12.95996],[77.70688,12.96007],[77.70692,12.96022],[77.70709,12.96037],[77.70717,12.96052],[77.70718,12.96138],[77.70746,12.96176],[77.70755,12.96194],[77.70768,12.96203],[77.70805,12.96216],[77.70855,12.96207],[77.7088,12.96196],[77.70969,12.96012]]]]}},{"type":"Feature","properties":{"id":"lake-646","name":"Mapped lake/tank"},"geometry":{"type":"MultiPolygon","coordinates":[[[[77.70766,12.96646],[77.70775,12.96608],[77.70816,12.96527],[77.70809,12.96513],[77.70715,12.96524],[77.70616,12.96515],[77.70616,12.96523],[77.70632,12.96566],[77.70649,12.96661],[77.70683,12.9666],[77.70703,12.96655],[77.70712,12.9666],[77.70766,12.9666],[77.70766,12.96646]]]]}},{"type":"Feature","properties":{"id":"lake-647","name":"Devarabisana Halli Lake"},"geometry":{"type":"MultiPolygon","coordinates":[[[[77.68874,12.92319],[77.68868,12.92283],[77.68858,12.92257],[77.68835,12.92237],[77.6872,12.92233],[77.68587,12.92238],[77.68572,12.92246],[77.68596,12.9232],[77.68601,12.92361],[77.68602,12.92459],[77.68629,12.9246],[77.68653,12.92449],[77.68717,12.92386],[77.68765,12.92356],[77.68874,12.92319]]]]}},{"type":"Feature","properties":{"id":"lake-648","name":"Panathur Lake"},"geometry":{"type":"MultiPolygon","coordinates":[[[[77.70796,12.9324],[77.70798,12.93131],[77.70782,12.93015],[77.70767,12.92992],[77.70738,12.92981],[77.70704,12.92976],[77.7069,12.9299],[77.70667,12.93034],[77.70662,12.93066],[77.70652,12.93085],[77.70589,12.93113],[77.70592,12.93189],[77.70601,12.93276],[77.70599,12.93374],[77.70601,12.93394],[77.70617,12.93415],[77.7066,12.93308],[77.7067,12.93294],[77.70796,12.9324]]]]}},{"type":"Feature","properties":{"id":"lake-649","name":"Mapped lake/tank"},"geometry":{"type":"MultiPolygon","coordinates":[[[[77.71671,12.93305],[77.71766,12.933],[77.71805,12.93311],[77.71807,12.93295],[77.718,12.93274],[77.7177,12.93226],[77.71732,12.93178],[77.71668,12.93167],[77.71658,12.93182],[77.71648,12.93224],[77.71632,12.93251],[77.71611,12.93262],[77.71576,12.9325],[77.7157,12.93252],[77.71572,12.93268],[77.71567,12.93295],[77.71571,12.93304],[77.71617,12.93306],[77.71632,12.93315],[77.71671,12.93305]]]]}},{"type":"Feature","properties":{"id":"lake-650","name":"Lake of swathanthra nagar"},"geometry":{"type":"MultiPolygon","coordinates":[[[[77.71425,13.01164],[77.71411,13.01151],[77.71405,13.01127],[77.71415,13.01073],[77.71446,13.00979],[77.71447,13.00964],[77.71157,13.00917],[77.7116,13.00931],[77.71195,13.00999],[77.71228,13.01095],[77.71364,13.01114],[77.71385,13.0113],[77.71403,13.0117],[77.7143,13.01169],[77.71425,13.01164]]]]}},{"type":"Feature","properties":{"id":"lake-651","name":"Doddanekundi Lake"},"geometry":{"type":"MultiPolygon","coordinates":[[[[77.69064,12.97236],[77.69125,12.9724],[77.69119,12.9722],[77.69115,12.97174],[77.69097,12.97157],[77.69088,12.9716],[77.69078,12.97183],[77.69083,12.97207],[77.69073,12.97227],[77.69064,12.97236]]]]}},{"type":"Feature","properties":{"id":"lake-652","name":"Doddanekundi Lake"},"geometry":{"type":"MultiPolygon","coordinates":[[[[77.68616,12.97025],[77.68635,12.97056],[77.68655,12.97138],[77.68669,12.97176],[77.68707,12.97162],[77.68685,12.9712],[77.68666,12.97061],[77.68641,12.97017],[77.68633,12.97012],[77.68626,12.97013],[77.68616,12.97025]]]]}},{"type":"Feature","properties":{"id":"lake-653","name":"Kowdenahalli Lake ITI"},"geometry":{"type":"MultiPolygon","coordinates":[[[[77.68693,13.0114],[77.68647,13.01109],[77.68629,13.01102],[77.68547,13.01108],[77.68522,13.01137],[77.68463,13.01137],[77.68422,13.0113],[77.68417,13.01155],[77.68417,13.01201],[77.68617,13.01199],[77.68654,13.0117],[77.68691,13.0115],[77.68693,13.0114]]]]}},{"type":"Feature","properties":{"id":"lake-654","name":"L M Nagar Lake"},"geometry":{"type":"MultiPolygon","coordinates":[[[[77.6766,13.008],[77.67624,13.00813],[77.67603,13.00827],[77.67605,13.00875],[77.67627,13.00939],[77.67655,13.00996],[77.67679,13.01072],[77.67687,13.01081],[77.67695,13.01069],[77.67689,13.00998],[77.67714,13.00902],[77.67709,13.0088],[77.67698,13.00859],[77.67674,13.00816],[77.6766,13.008]]]]}},{"type":"Feature","properties":{"id":"lake-655","name":"Devasandra Lake"},"geometry":{"type":"MultiPolygon","coordinates":[[[[77.69282,13.00553],[77.69338,13.00642],[77.69388,13.00707],[77.69402,13.00715],[77.69414,13.00715],[77.69427,13.00699],[77.69399,13.00613],[77.69398,13.006],[77.69407,13.00576],[77.69454,13.00488],[77.69467,13.00473],[77.69498,13.00464],[77.69533,13.00469],[77.69541,13.00463],[77.69541,13.00453],[77.6953,13.00439],[77.69497,13.00413],[77.69477,13.00385],[77.69468,13.00379],[77.69407,13.00388],[77.69298,13.00416],[77.69291,13.00424],[77.69282,13.00553]]]]}},{"type":"Feature","properties":{"id":"lake-656","name":"Devasandra Lake"},"geometry":{"type":"MultiPolygon","coordinates":[[[[77.70328,13.00209],[77.7041,13.00224],[77.7043,13.00243],[77.70454,13.00275],[77.70476,13.0026],[77.70453,13.00231],[77.70436,13.00189],[77.7043,13.00101],[77.70425,13.00087],[77.70367,13.00078],[77.70346,13.00068],[77.70284,13.00033],[77.70267,13.0],[77.70205,13.00004],[77.70201,13.00016],[77.7021,13.00066],[77.70217,13.00153],[77.70214,13.00185],[77.70199,13.0026],[77.70172,13.00273],[77.70174,13.00323],[77.7019,13.00326],[77.70212,13.00299],[77.70239,13.00243],[77.70258,13.00225],[77.70278,13.00217],[77.70328,13.00209]]]]}},{"type":"Feature","properties":{"id":"lake-657","name":"Seetharamapalya Lake"},"geometry":{"type":"MultiPolygon","coordinates":[[[[77.7137,12.98273],[77.7135,12.98305],[77.71328,12.98325],[77.71273,12.98368],[77.71237,12.98387],[77.71288,12.98439],[77.71349,12.98491],[77.71378,12.98502],[77.71421,12.98509],[77.71446,12.98521],[77.71453,12.98514],[77.71452,12.98502],[77.71442,12.98464],[77.7142,12.98415],[77.71411,12.98356],[77.71391,12.98326],[77.7137,12.98273]]]]}},{"type":"Feature","properties":{"id":"lake-658","name":"Seetharamapalya Lake"},"geometry":{"type":"MultiPolygon","coordinates":[[[[77.71369,12.9827],[77.71383,12.98249],[77.71449,12.98212],[77.7145,12.98202],[77.71411,12.98168],[77.71367,12.98147],[77.71353,12.9809],[77.71237,12.98099],[77.71232,12.98108],[77.71234,12.98271],[77.71227,12.98363],[77.71236,12.98384],[77.71272,12.98366],[77.71326,12.98323],[77.71348,12.98304],[77.71369,12.9827]]]]}},{"type":"Feature","properties":{"id":"lake-659","name":"Doddanekundi Lake"},"geometry":{"type":"MultiPolygon","coordinates":[[[[77.69133,12.97288],[77.69126,12.97249],[77.69118,12.97242],[77.69065,12.97241],[77.69058,12.97243],[77.69044,12.97261],[77.69018,12.97274],[77.6899,12.97277],[77.68929,12.97276],[77.68889,12.97254],[77.68789,12.97211],[77.68717,12.97166],[77.6868,12.97175],[77.68671,12.9718],[77.68686,12.9722],[77.68697,12.97308],[77.68694,12.97327],[77.68594,12.97401],[77.68585,12.97444],[77.68577,12.97461],[77.68552,12.9749],[77.68487,12.97522],[77.68464,12.97537],[77.68441,12.97561],[77.68433,12.97589],[77.684,12.97608],[77.68398,12.97615],[77.68421,12.97648],[77.68448,12.97673],[77.68473,12.97738],[77.68484,12.97755],[77.68557,12.97805],[77.68623,12.97841],[77.68694,12.97897],[77.6871,12.97901],[77.68722,12.97898],[77.68852,12.97827],[77.68877,12.97797],[77.68911,12.97735],[77.68945,12.97702],[77.69041,12.97631],[77.69134,12.97592],[77.69152,12.9757],[77.6917,12.97537],[77.6917,12.97487],[77.69163,12.97428],[77.69133,12.97288]]]]}},{"type":"Feature","properties":{"id":"lake-660","name":"Kaggadasapura Lake"},"geometry":{"type":"MultiPolygon","coordinates":[[[[77.67383,12.97704],[77.67379,12.977],[77.67343,12.97707],[77.67313,12.97699],[77.67314,12.97748],[77.67333,12.97727],[77.67383,12.97704]]]]}},{"type":"Feature","properties":{"id":"lake-661","name":"Vibhutipura Kere"},"geometry":{"type":"MultiPolygon","coordinates":[[[[77.67801,12.96909],[77.67836,12.96862],[77.67839,12.96853],[77.67816,12.96815],[77.67802,12.96751],[77.67795,12.9669],[77.67524,12.96693],[77.67467,12.96697],[77.67416,12.96736],[77.67412,12.9675],[77.67416,12.96767],[77.67449,12.9683],[77.67494,12.96867],[77.67525,12.96917],[77.67535,12.96924],[77.67594,12.96917],[77.67618,12.96922],[77.67801,12.96909]]]]}},{"type":"Feature","properties":{"id":"lake-662","name":"B Narayanapura Childrens Park & Walkers Track"},"geometry":{"type":"MultiPolygon","coordinates":[[[[77.68304,12.99533],[77.68285,12.9954],[77.68279,12.99551],[77.68279,12.99571],[77.68271,12.99581],[77.68237,12.99597],[77.68235,12.99632],[77.68238,12.99689],[77.68247,12.99719],[77.68257,12.99738],[77.68265,12.99733],[77.68329,12.99631],[77.68331,12.99619],[77.68318,12.9959],[77.68304,12.99533]]]]}},{"type":"Feature","properties":{"id":"lake-663","name":"Bengaluru"},"geometry":{"type":"MultiPolygon","coordinates":[[[[77.70498,13.01138],[77.70483,13.01143],[77.70453,13.0118],[77.70519,13.01179],[77.70517,13.01147],[77.70498,13.01138]]]]}},{"type":"Feature","properties":{"id":"lake-664","name":"Vibhutipura Kere"},"geometry":{"type":"MultiPolygon","coordinates":[[[[77.68201,12.96898],[77.68139,12.96876],[77.68016,12.96865],[77.67879,12.96874],[77.67863,12.96871],[77.67841,12.96859],[77.67803,12.96911],[77.67805,12.96956],[77.6781,12.96961],[77.6782,12.96963],[77.67854,12.96956],[77.67863,12.96945],[77.6787,12.96916],[77.67883,12.96905],[77.67929,12.96895],[77.67969,12.96893],[77.67982,12.96894],[77.68054,12.96923],[77.68098,12.96919],[77.6811,12.96923],[77.68162,12.9692],[77.68176,12.96923],[77.68209,12.96934],[77.68214,12.96954],[77.68218,12.96959],[77.68225,12.96959],[77.68225,12.96932],[77.68201,12.96898]]]]}},{"type":"Feature","properties":{"id":"lake-665","name":"Kaggadasapura Lake"},"geometry":{"type":"MultiPolygon","coordinates":[[[[77.67318,12.98136],[77.67318,12.98173],[77.67346,12.98165],[77.67361,12.98175],[77.67367,12.98175],[77.67372,12.98158],[77.6736,12.98144],[77.67346,12.98137],[77.67318,12.98136]]]]}},{"type":"Feature","properties":{"id":"lake-666","name":"Yeklgata Lake"},"geometry":{"type":"MultiPolygon","coordinates":[[[[77.69806,12.9873],[77.69885,12.98699],[77.69933,12.98687],[77.69933,12.9868],[77.69853,12.98662],[77.6983,12.98651],[77.69781,12.98614],[77.69778,12.98591],[77.69772,12.98579],[77.69748,12.98579],[77.69742,12.98617],[77.69738,12.98724],[77.69727,12.98771],[77.69735,12.9877],[77.69778,12.98741],[77.69806,12.9873]]]]}},{"type":"Feature","properties":{"id":"lake-667","name":"Mapped lake/tank"},"geometry":{"type":"MultiPolygon","coordinates":[[[[77.70683,12.9666],[77.70649,12.96661],[77.70653,12.96668],[77.70683,12.9666]]]]}},{"type":"Feature","properties":{"id":"lake-668","name":"Mapped lake/tank"},"geometry":{"type":"MultiPolygon","coordinates":[[[[77.70742,12.96728],[77.70754,12.96703],[77.70766,12.9666],[77.70712,12.9666],[77.70733,12.96726],[77.70742,12.96728]]]]}},{"type":"Feature","properties":{"id":"lake-669","name":"Hoodi Lake"},"geometry":{"type":"MultiPolygon","coordinates":[[[[77.71792,12.99936],[77.718,12.99926],[77.718,12.99914],[77.71787,12.99905],[77.71749,12.99919],[77.71722,12.99903],[77.71693,12.99892],[77.7166,12.99889],[77.71632,12.99894],[77.71611,12.99904],[77.71533,12.99945],[77.71534,12.99955],[77.71558,12.99966],[77.71569,12.99978],[77.7158,13.00003],[77.71605,13.0003],[77.71609,13.0004],[77.71617,13.00104],[77.71642,13.00155],[77.71653,13.00155],[77.71669,13.00137],[77.71694,13.00145],[77.71688,13.00165],[77.71691,13.00171],[77.71705,13.0017],[77.7173,13.00155],[77.71669,13.00099],[77.71667,13.00082],[77.71721,12.99995],[77.71792,12.99936]]]]}},{"type":"Feature","properties":{"id":"lake-670","name":"Maheswaramma Temple Road Park"},"geometry":{"type":"MultiPolygon","coordinates":[[[[77.69653,12.99145],[77.69641,12.99121],[77.69653,12.99104],[77.69651,12.99009],[77.69643,12.99007],[77.69571,12.9903],[77.69477,12.99043],[77.69478,12.99053],[77.69524,12.99081],[77.69544,12.99085],[77.69573,12.99112],[77.69623,12.99179],[77.69631,12.99178],[77.69655,12.99163],[77.69658,12.99159],[77.69653,12.99145]]]]}},{"type":"Feature","properties":{"id":"lake-671","name":"Mahadevapura Lake Park"},"geometry":{"type":"MultiPolygon","coordinates":[[[[77.6907,12.98643],[77.69048,12.98679],[77.69095,12.98753],[77.69117,12.98801],[77.69129,12.98817],[77.69137,12.98848],[77.69183,12.98913],[77.69191,12.98915],[77.69358,12.98857],[77.69357,12.98669],[77.69354,12.98624],[77.69361,12.98586],[77.69357,12.98544],[77.69351,12.9853],[77.69341,12.9853],[77.69329,12.98539],[77.69287,12.9859],[77.69263,12.98611],[77.69192,12.98643],[77.69151,12.98658],[77.69129,12.98662],[77.69105,12.9866],[77.6907,12.98643]]]]}},{"type":"Feature","properties":{"id":"lake-672","name":"Mapped lake/tank"},"geometry":{"type":"MultiPolygon","coordinates":[[[[77.68364,12.99703],[77.6835,12.99709],[77.6833,12.99743],[77.68368,12.99735],[77.68391,12.99722],[77.68389,12.99715],[77.68364,12.99703]]]]}},{"type":"Feature","properties":{"id":"lake-673","name":"Mapped lake/tank"},"geometry":{"type":"MultiPolygon","coordinates":[[[[77.68458,12.99641],[77.68396,12.99637],[77.68371,12.99677],[77.6837,12.99687],[77.6839,12.99695],[77.6841,12.99712],[77.68419,12.99713],[77.68424,12.99708],[77.6843,12.99678],[77.68483,12.99665],[77.6848,12.99654],[77.68458,12.99641]]]]}},{"type":"Feature","properties":{"id":"lake-674","name":"Mahadevapura Lake Park"},"geometry":{"type":"MultiPolygon","coordinates":[[[[77.69355,12.98527],[77.69362,12.98542],[77.69365,12.9858],[77.69399,12.9856],[77.69442,12.98553],[77.69446,12.98549],[77.69445,12.98523],[77.69439,12.98514],[77.69435,12.98452],[77.69428,12.98454],[77.69397,12.98493],[77.69358,12.98518],[77.69355,12.98527]]]]}},{"type":"Feature","properties":{"id":"lake-675","name":"Mapped lake/tank"},"geometry":{"type":"MultiPolygon","coordinates":[[[[77.71973,13.04053],[77.71988,13.04056],[77.71986,13.0385],[77.71981,13.03849],[77.7192,13.03917],[77.71754,13.03944],[77.71695,13.03947],[77.71847,13.04062],[77.71921,13.041],[77.71952,13.04057],[77.71973,13.04053]]]]}},{"type":"Feature","properties":{"id":"lake-676","name":"Mapped lake/tank"},"geometry":{"type":"MultiPolygon","coordinates":[[[[77.68263,13.05124],[77.68358,13.05083],[77.68377,13.05049],[77.68403,13.0502],[77.68411,13.05015],[77.68482,13.05016],[77.6851,13.05012],[77.68739,13.04954],[77.68819,13.04949],[77.68962,13.04961],[77.69009,13.04975],[77.69069,13.05006],[77.69155,13.05035],[77.69275,13.05104],[77.69283,13.05103],[77.69287,13.05078],[77.69264,13.0504],[77.69201,13.05006],[77.69164,13.04973],[77.69106,13.04889],[77.69055,13.04832],[77.69037,13.04794],[77.69025,13.04725],[77.68999,13.04621],[77.69002,13.04596],[77.69025,13.04562],[77.69053,13.04486],[77.69067,13.04461],[77.69078,13.04452],[77.69224,13.04394],[77.69268,13.04391],[77.69266,13.04351],[77.69188,13.04348],[77.69156,13.04366],[77.69126,13.04375],[77.69093,13.0438],[77.69003,13.04431],[77.6899,13.04434],[77.68955,13.04431],[77.68841,13.04385],[77.68836,13.04377],[77.68829,13.0433],[77.68797,13.04301],[77.68768,13.0429],[77.68748,13.04348],[77.68729,13.04376],[77.68708,13.04388],[77.68688,13.04386],[77.68685,13.04404],[77.6867,13.04404],[77.68662,13.04493],[77.68659,13.04497],[77.68646,13.04495],[77.68642,13.0449],[77.68645,13.04436],[77.68566,13.04424],[77.68503,13.04511],[77.68285,13.04608],[77.68272,13.04604],[77.68187,13.04595],[77.68081,13.04589],[77.68079,13.0465],[77.68011,13.0467],[77.68008,13.04785],[77.68012,13.04857],[77.68039,13.05002],[77.68079,13.05106],[77.68157,13.05128],[77.68202,13.05134],[77.68227,13.05134],[77.68263,13.05124]]]]}},{"type":"Feature","properties":{"id":"lake-677","name":"Mapped lake/tank"},"geometry":{"type":"MultiPolygon","coordinates":[[[[77.71058,13.03646],[77.71048,13.03569],[77.71063,13.03526],[77.71088,13.03475],[77.71102,13.03463],[77.71146,13.03448],[77.71189,13.03441],[77.71167,13.03409],[77.71119,13.03386],[77.71049,13.03327],[77.70988,13.03309],[77.70938,13.03303],[77.70924,13.03287],[77.70906,13.03291],[77.70896,13.03312],[77.70861,13.03314],[77.70884,13.03549],[77.70919,13.03576],[77.70958,13.03627],[77.70969,13.03677],[77.70981,13.0368],[77.71025,13.03669],[77.71058,13.03646]]]]}},{"type":"Feature","properties":{"id":"lake-678","name":"Mapped lake/tank"},"geometry":{"type":"MultiPolygon","coordinates":[[[[77.70199,13.01733],[77.70299,13.01714],[77.70416,13.01709],[77.70177,13.01596],[77.70142,13.01576],[77.70105,13.01549],[77.70073,13.01519],[77.70044,13.01483],[77.70006,13.01421],[77.69913,13.01459],[77.6987,13.0154],[77.69843,13.0156],[77.69753,13.01604],[77.69714,13.01617],[77.6965,13.01629],[77.69598,13.01626],[77.69538,13.01614],[77.69596,13.01728],[77.69647,13.01811],[77.6966,13.01826],[77.69685,13.01837],[77.69691,13.01849],[77.69753,13.01798],[77.69789,13.01785],[77.69876,13.01775],[77.69946,13.01775],[77.7014,13.01737],[77.70199,13.01733]]]]}},{"type":"Feature","properties":{"id":"lake-679","name":"Mapped lake/tank"},"geometry":{"type":"MultiPolygon","coordinates":[[[[77.71184,13.01522],[77.71167,13.01522],[77.71158,13.01527],[77.71152,13.01537],[77.71147,13.01563],[77.71153,13.01576],[77.71192,13.01588],[77.71201,13.01598],[77.71205,13.01611],[77.71204,13.01662],[77.71194,13.01681],[77.7117,13.01706],[77.71187,13.01787],[77.71217,13.01826],[77.71237,13.01844],[77.71336,13.01908],[77.71369,13.01943],[77.71409,13.01963],[77.71426,13.01951],[77.71403,13.01911],[77.71395,13.0188],[77.71386,13.01813],[77.7139,13.01784],[77.71402,13.01757],[77.71433,13.01711],[77.71497,13.01672],[77.71501,13.01666],[77.715,13.01659],[77.71493,13.01653],[77.71465,13.01645],[77.71301,13.01611],[77.71282,13.0157],[77.71265,13.01558],[77.7125,13.01534],[77.71233,13.01527],[77.71184,13.01522]]]]}},{"type":"Feature","properties":{"id":"lake-680","name":"Mapped lake/tank"},"geometry":{"type":"MultiPolygon","coordinates":[[[[77.68617,13.01199],[77.68417,13.01201],[77.68424,13.0143],[77.68521,13.01451],[77.68542,13.01498],[77.68575,13.01523],[77.68586,13.01518],[77.68588,13.01508],[77.68536,13.0141],[77.68527,13.01381],[77.6852,13.01334],[77.68527,13.01313],[77.68548,13.01272],[77.6859,13.01223],[77.68617,13.01199]]]]}},{"type":"Feature","properties":{"id":"lake-681","name":"Mapped lake/tank"},"geometry":{"type":"MultiPolygon","coordinates":[[[[77.70924,13.02519],[77.70951,13.02519],[77.70967,13.02514],[77.70979,13.02517],[77.70992,13.02542],[77.71008,13.02551],[77.71029,13.02552],[77.71044,13.02541],[77.71047,13.02514],[77.71044,13.02491],[77.70996,13.02419],[77.70986,13.02378],[77.70984,13.02331],[77.70974,13.02323],[77.7089,13.02338],[77.70849,13.02414],[77.70788,13.02438],[77.7078,13.02457],[77.70753,13.02469],[77.70787,13.02558],[77.70844,13.0255],[77.70924,13.02519]]]]}},{"type":"Feature","properties":{"id":"lake-682","name":"Mapped lake/tank"},"geometry":{"type":"MultiPolygon","coordinates":[[[[77.68606,13.02815],[77.6863,13.02783],[77.68648,13.02768],[77.68701,13.02741],[77.68776,13.02746],[77.68794,13.02763],[77.68831,13.02763],[77.6882,13.02723],[77.68808,13.02718],[77.68794,13.02689],[77.68759,13.02681],[77.68749,13.02672],[77.6873,13.02619],[77.68687,13.02548],[77.68675,13.02554],[77.68676,13.02563],[77.68667,13.02576],[77.68636,13.02711],[77.6863,13.0271],[77.68594,13.02764],[77.68604,13.02788],[77.68571,13.02803],[77.68565,13.02809],[77.68567,13.02817],[77.6858,13.02822],[77.68606,13.02815]]]]}},{"type":"Feature","properties":{"id":"lake-683","name":"Mapped lake/tank"},"geometry":{"type":"MultiPolygon","coordinates":[[[[77.71472,13.02007],[77.71429,13.0195],[77.71426,13.01957],[77.71409,13.01966],[77.7144,13.02032],[77.71467,13.02044],[77.71481,13.0207],[77.71484,13.02057],[77.71472,13.02007]]]]}},{"type":"Feature","properties":{"id":"lake-684","name":"Mapped lake/tank"},"geometry":{"type":"MultiPolygon","coordinates":[[[[77.70518,13.01197],[77.70519,13.01179],[77.70453,13.0118],[77.70445,13.01189],[77.70465,13.01209],[77.70476,13.01212],[77.70518,13.01197]]]]}},{"type":"Feature","properties":{"id":"lake-685","name":"Mapped lake/tank"},"geometry":{"type":"MultiPolygon","coordinates":[[[[77.7086,13.03361],[77.70783,13.03377],[77.70792,13.03407],[77.70804,13.03422],[77.70818,13.03485],[77.70852,13.03515],[77.70877,13.03531],[77.7086,13.03361]]]]}},{"type":"Feature","properties":{"id":"lake-686","name":"Mapped lake/tank"},"geometry":{"type":"MultiPolygon","coordinates":[[[[77.67455,13.0777],[77.67553,13.07725],[77.67574,13.07708],[77.67605,13.07655],[77.67614,13.07648],[77.67647,13.07646],[77.67657,13.07641],[77.67688,13.07612],[77.67724,13.07536],[77.67748,13.07499],[77.67767,13.07478],[77.67832,13.07427],[77.67817,13.07416],[77.67809,13.07397],[77.67788,13.07383],[77.67744,13.07371],[77.67718,13.07373],[77.67675,13.07386],[77.67585,13.07395],[77.67486,13.07387],[77.67417,13.07387],[77.67421,13.07783],[77.67455,13.0777]]]]}},{"type":"Feature","properties":{"id":"lake-687","name":"Mapped lake/tank"},"geometry":{"type":"MultiPolygon","coordinates":[[[[77.71815,13.08964],[77.71813,13.089],[77.71806,13.08882],[77.71795,13.08866],[77.71764,13.08849],[77.71741,13.08781],[77.71701,13.08797],[77.71675,13.08842],[77.71664,13.08848],[77.71657,13.08846],[77.71648,13.08818],[77.71631,13.08822],[77.71596,13.0885],[77.71541,13.0886],[77.71528,13.08871],[77.7152,13.08889],[77.71525,13.08965],[77.71532,13.08998],[77.71531,13.09076],[77.71674,13.09076],[77.71802,13.09088],[77.71807,13.09085],[77.71809,13.09072],[77.71815,13.08964]]]]}},{"type":"Feature","properties":{"id":"lake-688","name":"Mapped lake/tank"},"geometry":{"type":"MultiPolygon","coordinates":[[[[77.68395,13.08806],[77.68459,13.0879],[77.68473,13.08791],[77.68494,13.08801],[77.68514,13.08817],[77.6854,13.08746],[77.6848,13.08687],[77.68429,13.08711],[77.68391,13.08721],[77.68366,13.08714],[77.68348,13.08716],[77.6831,13.08737],[77.68294,13.0874],[77.68278,13.08741],[77.68269,13.08733],[77.68266,13.0872],[77.68255,13.08717],[77.68128,13.08706],[77.68133,13.08756],[77.68139,13.08767],[77.68162,13.08779],[77.68196,13.08841],[77.68222,13.08861],[77.68275,13.08876],[77.68393,13.08857],[77.68395,13.08806]]]]}},{"type":"Feature","properties":{"id":"lake-689","name":"Mapped lake/tank"},"geometry":{"type":"MultiPolygon","coordinates":[[[[77.68661,13.08831],[77.68748,13.08807],[77.68754,13.08804],[77.68756,13.08797],[77.68744,13.08781],[77.68689,13.08776],[77.68651,13.08754],[77.68654,13.08776],[77.68653,13.08828],[77.68654,13.08833],[77.68661,13.08831]]]]}},{"type":"Feature","properties":{"id":"lake-690","name":"Mapped lake/tank"},"geometry":{"type":"MultiPolygon","coordinates":[[[[77.72013,13.06349],[77.72013,13.06332],[77.72002,13.0633],[77.72,13.06336],[77.72013,13.06349]]]]}},{"type":"Feature","properties":{"id":"lake-691","name":"Mapped lake/tank"},"geometry":{"type":"MultiPolygon","coordinates":[[[[77.69569,13.08193],[77.69563,13.08171],[77.69531,13.08113],[77.6952,13.08106],[77.69448,13.08117],[77.69488,13.08214],[77.69498,13.08262],[77.69521,13.08259],[77.69541,13.08246],[77.69565,13.08219],[77.69571,13.08207],[77.69569,13.08193]]]]}},{"type":"Feature","properties":{"id":"lake-692","name":"Mapped lake/tank"},"geometry":{"type":"MultiPolygon","coordinates":[[[[77.70409,13.0752],[77.70404,13.07511],[77.70405,13.07491],[77.70395,13.07502],[77.70395,13.07512],[77.70402,13.07524],[77.70413,13.07525],[77.70409,13.0752]]]]}},{"type":"Feature","properties":{"id":"lake-693","name":"Mapped lake/tank"},"geometry":{"type":"MultiPolygon","coordinates":[[[[77.70421,13.07491],[77.70409,13.07492],[77.70408,13.0751],[77.70416,13.07523],[77.70428,13.07507],[77.70426,13.07493],[77.70421,13.07491]]]]}},{"type":"Feature","properties":{"id":"lake-694","name":"Mapped lake/tank"},"geometry":{"type":"MultiPolygon","coordinates":[[[[77.69364,13.06755],[77.69333,13.06568],[77.69304,13.06569],[77.69256,13.06303],[77.6924,13.06202],[77.69267,13.06195],[77.69253,13.06109],[77.69184,13.06124],[77.69202,13.06212],[77.69168,13.06223],[77.69168,13.06244],[77.6911,13.06261],[77.69113,13.06292],[77.69126,13.06336],[77.69103,13.06343],[77.69106,13.06364],[77.69083,13.06371],[77.69094,13.06415],[77.69117,13.06412],[77.69149,13.06536],[77.69129,13.06554],[77.69168,13.06705],[77.69165,13.06716],[77.69156,13.06725],[77.69128,13.06736],[77.69138,13.0676],[77.69044,13.06795],[77.69064,13.06828],[77.6909,13.06844],[77.6918,13.06874],[77.69199,13.06872],[77.69227,13.06854],[77.69237,13.06855],[77.69249,13.06841],[77.69313,13.06857],[77.69314,13.06852],[77.69323,13.06854],[77.69347,13.06824],[77.69339,13.06757],[77.69364,13.06755]]]]}},{"type":"Feature","properties":{"id":"lake-695","name":"Mapped lake/tank"},"geometry":{"type":"MultiPolygon","coordinates":[[[[77.67894,13.07318],[77.67861,13.07264],[77.67841,13.07254],[77.67802,13.07252],[77.67802,13.07278],[77.67831,13.073],[77.6786,13.07331],[77.67894,13.07318]]]]}},{"type":"Feature","properties":{"id":"lake-696","name":"Mapped lake/tank"},"geometry":{"type":"MultiPolygon","coordinates":[[[[77.75762,12.87574],[77.75707,12.87574],[77.7575,12.87576],[77.75756,12.8758],[77.75762,12.87574]]]]}},{"type":"Feature","properties":{"id":"lake-697","name":"Mapped lake/tank"},"geometry":{"type":"MultiPolygon","coordinates":[[[[77.76376,12.91895],[77.76368,12.91879],[77.76358,12.91879],[77.76336,12.91893],[77.76326,12.91884],[77.76317,12.91864],[77.763,12.91869],[77.76291,12.91888],[77.76276,12.91899],[77.76282,12.91968],[77.7627,12.91973],[77.76218,12.91968],[77.76226,12.9198],[77.76238,12.92018],[77.76249,12.9202],[77.7628,12.91979],[77.76294,12.91966],[77.76307,12.9194],[77.7632,12.91925],[77.76347,12.91904],[77.76376,12.91895]]]]}},{"type":"Feature","properties":{"id":"lake-698","name":"Mapped lake/tank"},"geometry":{"type":"MultiPolygon","coordinates":[[[[77.73186,12.88019],[77.73101,12.87979],[77.72964,12.87928],[77.72898,12.88005],[77.72837,12.88061],[77.72815,12.8807],[77.7282,12.8808],[77.72869,12.88064],[77.7291,12.88062],[77.73089,12.88142],[77.73109,12.88157],[77.73131,12.88191],[77.73186,12.88019]]]]}},{"type":"Feature","properties":{"id":"lake-699","name":"Mapped lake/tank"},"geometry":{"type":"MultiPolygon","coordinates":[[[[77.76137,12.88362],[77.76121,12.8836],[77.7613,12.88395],[77.76147,12.8843],[77.76147,12.8845],[77.76116,12.88489],[77.76065,12.88519],[77.76078,12.88575],[77.76058,12.88608],[77.76052,12.88654],[77.76055,12.88681],[77.76074,12.88703],[77.7608,12.88722],[77.76115,12.88754],[77.76142,12.88766],[77.76175,12.88768],[77.76205,12.88783],[77.7622,12.88781],[77.76239,12.88766],[77.76253,12.88761],[77.76274,12.88743],[77.76293,12.88734],[77.76318,12.88739],[77.76355,12.88762],[77.76356,12.8875],[77.76335,12.88698],[77.76327,12.8864],[77.76318,12.88616],[77.76267,12.8855],[77.76218,12.88443],[77.76191,12.88401],[77.76166,12.88375],[77.76137,12.88362]]]]}},{"type":"Feature","properties":{"id":"lake-700","name":"Mapped lake/tank"},"geometry":{"type":"MultiPolygon","coordinates":[[[[77.76234,12.88899],[77.763,12.88866],[77.76326,12.88755],[77.76323,12.88746],[77.76309,12.88739],[77.76293,12.88738],[77.76223,12.88784],[77.76208,12.88787],[77.76173,12.88772],[77.76141,12.88769],[77.76126,12.88763],[77.76112,12.88757],[77.76078,12.88726],[77.76128,12.88797],[77.76166,12.88811],[77.76178,12.889],[77.76234,12.88899]]]]}},{"type":"Feature","properties":{"id":"lake-701","name":"Mapped lake/tank"},"geometry":{"type":"MultiPolygon","coordinates":[[[[77.76414,12.87661],[77.76376,12.87663],[77.76331,12.8764],[77.76314,12.8764],[77.76323,12.87641],[77.76326,12.87647],[77.76318,12.87664],[77.76323,12.8769],[77.76378,12.87691],[77.76414,12.877],[77.76414,12.87661]]]]}},{"type":"Feature","properties":{"id":"lake-702","name":"Mapped lake/tank"},"geometry":{"type":"MultiPolygon","coordinates":[[[[77.75394,12.89161],[77.75401,12.89145],[77.7552,12.89132],[77.75611,12.89117],[77.75613,12.89112],[77.75537,12.8904],[77.75472,12.88914],[77.75453,12.88868],[77.75445,12.88797],[77.75454,12.88725],[77.75447,12.88719],[77.75438,12.8872],[77.7539,12.8875],[77.75386,12.88755],[77.75387,12.88783],[77.75378,12.88797],[77.75347,12.88823],[77.75339,12.88843],[77.75328,12.8885],[77.75183,12.88852],[77.75164,12.88891],[77.75167,12.88948],[77.75129,12.88954],[77.75159,12.89076],[77.75263,12.89062],[77.75333,12.89164],[77.75394,12.89161]]]]}},{"type":"Feature","properties":{"id":"lake-703","name":"Mapped lake/tank"},"geometry":{"type":"MultiPolygon","coordinates":[[[[77.75226,12.91213],[77.75231,12.91199],[77.75239,12.91192],[77.75241,12.9117],[77.75161,12.91175],[77.75189,12.91223],[77.75222,12.91228],[77.75226,12.91213]]]]}},{"type":"Feature","properties":{"id":"lake-704","name":"Mapped lake/tank"},"geometry":{"type":"MultiPolygon","coordinates":[[[[77.7567,12.90563],[77.75675,12.90537],[77.75759,12.90499],[77.75808,12.90481],[77.75824,12.9048],[77.75835,12.90498],[77.75853,12.90487],[77.75842,12.90465],[77.75822,12.90462],[77.75803,12.90444],[77.75763,12.90422],[77.75741,12.90431],[77.75658,12.90347],[77.75566,12.90416],[77.75547,12.90436],[77.75533,12.9046],[77.75527,12.90477],[77.75539,12.90539],[77.75558,12.90565],[77.75562,12.90579],[77.75559,12.90602],[77.75534,12.90632],[77.7554,12.90652],[77.75569,12.90614],[77.7567,12.90563]]]]}},{"type":"Feature","properties":{"id":"lake-705","name":"Mapped lake/tank"},"geometry":{"type":"MultiPolygon","coordinates":[[[[77.76206,12.9106],[77.76209,12.91052],[77.76191,12.91031],[77.76153,12.90992],[77.76123,12.90985],[77.76103,12.90952],[77.76096,12.90932],[77.76093,12.90886],[77.76073,12.90824],[77.76081,12.908],[77.76073,12.90772],[77.76023,12.90781],[77.75914,12.90811],[77.75891,12.90839],[77.75858,12.90856],[77.75856,12.90866],[77.75871,12.90883],[77.75887,12.90888],[77.75878,12.90905],[77.75885,12.9094],[77.75897,12.90966],[77.75894,12.90998],[77.75916,12.91037],[77.75916,12.91044],[77.75892,12.9105],[77.7586,12.91114],[77.75862,12.91126],[77.75884,12.91124],[77.75963,12.91092],[77.76018,12.91077],[77.76066,12.91068],[77.76163,12.91062],[77.76185,12.91054],[77.76206,12.9106]]]]}},{"type":"Feature","properties":{"id":"lake-706","name":"Mapped lake/tank"},"geometry":{"type":"MultiPolygon","coordinates":[[[[77.7585,12.87573],[77.75766,12.87574],[77.75757,12.87585],[77.75758,12.87615],[77.75778,12.87649],[77.75799,12.87699],[77.75798,12.87724],[77.75793,12.87739],[77.75827,12.87755],[77.75856,12.8773],[77.75865,12.87707],[77.75864,12.87686],[77.7585,12.87612],[77.7585,12.87573]]]]}},{"type":"Feature","properties":{"id":"lake-707","name":"Mapped lake/tank"},"geometry":{"type":"MultiPolygon","coordinates":[[[[77.76463,12.9208],[77.76461,12.91958],[77.76433,12.91934],[77.76403,12.91933],[77.76381,12.91912],[77.76376,12.91898],[77.76347,12.91907],[77.76318,12.91932],[77.76303,12.91951],[77.76298,12.91967],[77.7624,12.92033],[77.76242,12.9205],[77.76267,12.92053],[77.76315,12.92045],[77.76378,12.92063],[77.76443,12.92071],[77.76448,12.92081],[77.76463,12.9208]]]]}},{"type":"Feature","properties":{"id":"lake-708","name":"Mapped lake/tank"},"geometry":{"type":"MultiPolygon","coordinates":[[[[77.74193,12.91967],[77.7422,12.91894],[77.74249,12.9186],[77.74303,12.9182],[77.74322,12.91779],[77.74372,12.91783],[77.74405,12.91781],[77.74428,12.91772],[77.74429,12.9176],[77.74417,12.91746],[77.7435,12.91705],[77.74294,12.91686],[77.74241,12.91678],[77.74123,12.91594],[77.74116,12.91581],[77.74078,12.91431],[77.73935,12.91381],[77.73711,12.91779],[77.7375,12.91796],[77.73743,12.91823],[77.73726,12.91842],[77.73725,12.91855],[77.73731,12.91858],[77.73876,12.91841],[77.73975,12.91854],[77.74069,12.91899],[77.74174,12.9197],[77.74193,12.91967]]]]}},{"type":"Feature","properties":{"id":"lake-709","name":"Mapped lake/tank"},"geometry":{"type":"MultiPolygon","coordinates":[[[[77.76414,12.87658],[77.76413,12.87567],[77.76223,12.87569],[77.76229,12.87635],[77.76258,12.8764],[77.7633,12.87636],[77.76369,12.87658],[77.76414,12.87658]]]]}},{"type":"Feature","properties":{"id":"lake-710","name":"Mapped lake/tank"},"geometry":{"type":"MultiPolygon","coordinates":[[[[77.75157,12.87608],[77.75121,12.87599],[77.75104,12.87581],[77.74736,12.87585],[77.74773,12.87707],[77.74883,12.87682],[77.74948,12.87685],[77.75028,12.87682],[77.75108,12.8769],[77.75157,12.87608]]]]}},{"type":"Feature","properties":{"id":"lake-711","name":"Mapped lake/tank"},"geometry":{"type":"MultiPolygon","coordinates":[[[[77.72445,12.89189],[77.72434,12.89112],[77.72443,12.89087],[77.7245,12.89008],[77.72456,12.8898],[77.72462,12.88973],[77.72492,12.88968],[77.72498,12.88963],[77.72655,12.88728],[77.72663,12.8868],[77.72687,12.88634],[77.72688,12.88627],[77.7263,12.88551],[77.7258,12.88607],[77.7254,12.8864],[77.72508,12.88659],[77.72443,12.88683],[77.72297,12.88717],[77.72277,12.88718],[77.72009,12.88674],[77.72029,12.88709],[77.72056,12.88715],[77.72071,12.88724],[77.72084,12.88743],[77.72088,12.88762],[77.72068,12.8881],[77.72025,12.88823],[77.72025,12.88858],[77.72014,12.88882],[77.72009,12.8895],[77.71948,12.88953],[77.7194,12.88961],[77.7195,12.89045],[77.72045,12.89061],[77.7214,12.89065],[77.72249,12.89096],[77.72328,12.89134],[77.72413,12.89159],[77.72423,12.89174],[77.72423,12.89196],[77.72446,12.89195],[77.72445,12.89189]]]]}},{"type":"Feature","properties":{"id":"lake-712","name":"Mapped lake/tank"},"geometry":{"type":"MultiPolygon","coordinates":[[[[77.7241,12.92055],[77.72434,12.92032],[77.72487,12.91943],[77.72426,12.9193],[77.72332,12.91893],[77.72253,12.91844],[77.72115,12.91745],[77.72096,12.91734],[77.72041,12.91715],[77.72034,12.91682],[77.72031,12.91679],[77.71938,12.91662],[77.71946,12.91711],[77.71926,12.91767],[77.719,12.91864],[77.71912,12.91914],[77.72111,12.92049],[77.72115,12.92078],[77.7214,12.92081],[77.72139,12.92113],[77.7213,12.92129],[77.72181,12.92128],[77.72238,12.92099],[77.7241,12.92055]]]]}},{"type":"Feature","properties":{"id":"lake-713","name":"Mapped lake/tank"},"geometry":{"type":"MultiPolygon","coordinates":[[[[77.72198,12.91575],[77.72247,12.91554],[77.7224,12.91547],[77.72204,12.91543],[77.72176,12.91498],[77.72143,12.91395],[77.72043,12.91145],[77.72039,12.91111],[77.72003,12.91021],[77.71964,12.90989],[77.71959,12.90978],[77.71947,12.90883],[77.71899,12.90947],[77.71846,12.90999],[77.71853,12.91585],[77.71894,12.91582],[77.72063,12.91545],[77.72092,12.91548],[77.72184,12.91576],[77.72198,12.91575]]]]}},{"type":"Feature","properties":{"id":"lake-714","name":"Mapped lake/tank"},"geometry":{"type":"MultiPolygon","coordinates":[[[[77.74657,12.9006],[77.7466,12.90007],[77.74649,12.89993],[77.74639,12.89959],[77.74624,12.89931],[77.74615,12.89928],[77.74507,12.89941],[77.74493,12.89965],[77.74451,12.90001],[77.74426,12.90032],[77.74418,12.90054],[77.74431,12.9006],[77.7444,12.90072],[77.74454,12.90076],[77.7453,12.90061],[77.74592,12.90065],[77.74628,12.90076],[77.74708,12.90112],[77.74711,12.90099],[77.747,12.90078],[77.74657,12.9006]]]]}},{"type":"Feature","properties":{"id":"lake-715","name":"Mapped lake/tank"},"geometry":{"type":"MultiPolygon","coordinates":[[[[77.74225,12.90967],[77.7423,12.90936],[77.74223,12.90886],[77.74235,12.90847],[77.74235,12.90737],[77.7423,12.90731],[77.74176,12.90724],[77.74148,12.90713],[77.74126,12.90714],[77.74092,12.90728],[77.74047,12.90723],[77.73954,12.9078],[77.73941,12.9078],[77.73924,12.90764],[77.73914,12.9076],[77.73838,12.90778],[77.73843,12.9079],[77.73896,12.90826],[77.73949,12.90846],[77.74027,12.90833],[77.74074,12.90841],[77.7414,12.90841],[77.74157,12.90848],[77.74167,12.90863],[77.74166,12.90924],[77.74181,12.9095],[77.74205,12.90978],[77.74223,12.90977],[77.74225,12.90967]]]]}},{"type":"Feature","properties":{"id":"lake-716","name":"Mapped lake/tank"},"geometry":{"type":"MultiPolygon","coordinates":[[[[77.72476,12.96081],[77.72484,12.96073],[77.72489,12.96015],[77.72499,12.95998],[77.72504,12.95994],[77.72564,12.95991],[77.72602,12.9597],[77.72634,12.95937],[77.72656,12.95929],[77.72686,12.95849],[77.72744,12.95746],[77.72742,12.95735],[77.72735,12.95725],[77.72723,12.95718],[77.7269,12.95715],[77.72642,12.95733],[77.72509,12.9573],[77.72486,12.95725],[77.72425,12.95686],[77.72408,12.9568],[77.72388,12.95687],[77.72379,12.95702],[77.72378,12.95713],[77.72392,12.95743],[77.72431,12.95754],[77.7245,12.95806],[77.72463,12.95815],[77.72498,12.95826],[77.72495,12.95839],[77.72451,12.95856],[77.72428,12.95912],[77.72422,12.95945],[77.72428,12.96062],[77.72457,12.96081],[77.72476,12.96081]]]]}},{"type":"Feature","properties":{"id":"lake-717","name":"Mapped lake/tank"},"geometry":{"type":"MultiPolygon","coordinates":[[[[77.74329,12.96522],[77.74487,12.96522],[77.74494,12.96517],[77.74505,12.96495],[77.74562,12.96481],[77.74576,12.9646],[77.74558,12.96457],[77.74539,12.96463],[77.74499,12.96462],[77.74377,12.96472],[77.74367,12.96461],[77.74365,12.9644],[77.74356,12.96416],[77.74324,12.96381],[77.74299,12.96365],[77.74248,12.96346],[77.74199,12.96312],[77.7418,12.96313],[77.74174,12.96325],[77.74175,12.96365],[77.7417,12.96389],[77.7419,12.96439],[77.74192,12.96465],[77.74213,12.96507],[77.74243,12.96546],[77.74297,12.9657],[77.743,12.9657],[77.74313,12.9653],[77.74329,12.96522]]]]}},{"type":"Feature","properties":{"id":"lake-718","name":"Mapped lake/tank"},"geometry":{"type":"MultiPolygon","coordinates":[[[[77.72181,12.92128],[77.7213,12.92129],[77.72126,12.92139],[77.72181,12.92128]]]]}},{"type":"Feature","properties":{"id":"lake-719","name":"Mapped lake/tank"},"geometry":{"type":"MultiPolygon","coordinates":[[[[77.74549,12.95663],[77.74527,12.95648],[77.74479,12.95628],[77.74469,12.95618],[77.74436,12.95555],[77.74428,12.95537],[77.74413,12.95464],[77.74423,12.95399],[77.74418,12.95375],[77.74406,12.9535],[77.74404,12.95325],[77.74424,12.95253],[77.74458,12.95176],[77.74479,12.951],[77.7449,12.95036],[77.74512,12.94982],[77.74523,12.94928],[77.74535,12.94907],[77.74563,12.94875],[77.74626,12.94716],[77.74633,12.94665],[77.74668,12.94628],[77.74698,12.94579],[77.74699,12.94552],[77.7469,12.94479],[77.74616,12.94538],[77.74569,12.94563],[77.74553,12.94567],[77.74458,12.94567],[77.74446,12.94563],[77.74433,12.94546],[77.74324,12.94538],[77.74309,12.94541],[77.743,12.94547],[77.74256,12.9459],[77.74227,12.94604],[77.74212,12.94603],[77.74201,12.94599],[77.74196,12.94593],[77.742,12.94516],[77.74194,12.945],[77.74125,12.94495],[77.74118,12.94491],[77.74101,12.94463],[77.74027,12.94451],[77.73949,12.9443],[77.73876,12.94425],[77.73827,12.94406],[77.73774,12.944],[77.73739,12.944],[77.73678,12.94418],[77.73667,12.94416],[77.73645,12.94401],[77.73613,12.94369],[77.73577,12.94357],[77.73524,12.94331],[77.73494,12.94302],[77.73461,12.94265],[77.73425,12.94211],[77.73418,12.94195],[77.73413,12.9414],[77.73408,12.94138],[77.73385,12.94141],[77.73358,12.94152],[77.73345,12.94179],[77.73322,12.942],[77.73325,12.94219],[77.73324,12.94252],[77.73317,12.9427],[77.73293,12.94285],[77.73266,12.94292],[77.73179,12.94275],[77.73152,12.94254],[77.73138,12.9425],[77.73067,12.9427],[77.72905,12.94326],[77.72837,12.94337],[77.72726,12.94319],[77.72664,12.943],[77.72637,12.94299],[77.725,12.94316],[77.72454,12.9431],[77.72412,12.94295],[77.72389,12.94302],[77.7235,12.94303],[77.72311,12.94287],[77.72212,12.94289],[77.72198,12.94296],[77.722,12.9432],[77.72192,12.94329],[77.7219,12.94342],[77.72233,12.94354],[77.72237,12.94363],[77.72224,12.94614],[77.72256,12.9462],[77.72309,12.94653],[77.72502,12.94659],[77.72513,12.9467],[77.72509,12.94709],[77.7258,12.9472],[77.72582,12.94738],[77.72649,12.94744],[77.72655,12.94739],[77.72661,12.94707],[77.72719,12.94708],[77.72777,12.9472],[77.72826,12.94748],[77.72967,12.9478],[77.7298,12.94786],[77.7303,12.94857],[77.73092,12.94903],[77.73114,12.94914],[77.73121,12.94914],[77.73126,12.94889],[77.73142,12.9485],[77.73172,12.94794],[77.73183,12.94787],[77.73221,12.94779],[77.73237,12.94779],[77.73267,12.94791],[77.73279,12.94801],[77.73289,12.94819],[77.73311,12.94898],[77.73334,12.94935],[77.73397,12.94959],[77.73456,12.94972],[77.73474,12.94961],[77.73488,12.94965],[77.73556,12.95025],[77.73638,12.95068],[77.73673,12.95094],[77.73701,12.95103],[77.73751,12.95108],[77.73759,12.95118],[77.73755,12.95148],[77.73759,12.95169],[77.73817,12.95225],[77.73872,12.95247],[77.73888,12.95247],[77.73897,12.95231],[77.73912,12.95226],[77.73922,12.95231],[77.73949,12.9527],[77.73974,12.95283],[77.74036,12.95292],[77.74102,12.95321],[77.7413,12.95323],[77.74154,12.95332],[77.74231,12.95375],[77.74291,12.95415],[77.74312,12.95434],[77.74334,12.95477],[77.74351,12.95496],[77.74408,12.95599],[77.74445,12.95647],[77.74449,12.95661],[77.74478,12.95659],[77.745,12.95664],[77.74558,12.95708],[77.7456,12.95686],[77.74549,12.95663]]]]}},{"type":"Feature","properties":{"id":"lake-720","name":"Mapped lake/tank"},"geometry":{"type":"MultiPolygon","coordinates":[[[[77.72089,12.97198],[77.7208,12.97191],[77.7208,12.97184],[77.7211,12.97104],[77.72116,12.97059],[77.72132,12.97005],[77.72144,12.96902],[77.7217,12.96888],[77.72154,12.96784],[77.72146,12.96768],[77.72129,12.96754],[77.72067,12.96759],[77.72049,12.96757],[77.72027,12.96748],[77.71958,12.96681],[77.71937,12.9667],[77.71937,12.96677],[77.7195,12.967],[77.71954,12.96728],[77.71985,12.96787],[77.71994,12.96838],[77.72001,12.96955],[77.71929,12.96987],[77.71923,12.9702],[77.71922,12.97081],[77.71936,12.97253],[77.71953,12.97262],[77.72028,12.97261],[77.72057,12.97229],[77.72066,12.97209],[77.72089,12.97198]]]]}},{"type":"Feature","properties":{"id":"lake-721","name":"Mapped lake/tank"},"geometry":{"type":"MultiPolygon","coordinates":[[[[77.73599,12.97607],[77.73662,12.97597],[77.73674,12.97546],[77.73699,12.97507],[77.73744,12.97448],[77.73795,12.97407],[77.73895,12.97378],[77.7398,12.97364],[77.73985,12.97363],[77.73987,12.97355],[77.73905,12.97338],[77.73823,12.97342],[77.73766,12.97338],[77.73701,12.9738],[77.73624,12.97381],[77.73559,12.97353],[77.73534,12.97332],[77.73494,12.97288],[77.73475,12.97277],[77.73451,12.9727],[77.73444,12.97305],[77.73443,12.97372],[77.73428,12.97405],[77.73365,12.97505],[77.73357,12.97536],[77.73359,12.97555],[77.73377,12.97559],[77.73386,12.97566],[77.73391,12.97588],[77.73401,12.97594],[77.73535,12.97591],[77.7359,12.97609],[77.73599,12.97607]]]]}},{"type":"Feature","properties":{"id":"lake-722","name":"Mapped lake/tank"},"geometry":{"type":"MultiPolygon","coordinates":[[[[77.73877,12.98101],[77.73917,12.98022],[77.73938,12.98003],[77.73946,12.97943],[77.73909,12.97826],[77.73863,12.979],[77.73817,12.97944],[77.73769,12.97972],[77.73724,12.97988],[77.73671,12.98016],[77.73646,12.98022],[77.7367,12.98054],[77.73693,12.98066],[77.73714,12.98067],[77.7379,12.98091],[77.73857,12.98105],[77.73877,12.98101]]]]}},{"type":"Feature","properties":{"id":"lake-723","name":"Mapped lake/tank"},"geometry":{"type":"MultiPolygon","coordinates":[[[[77.72956,13.00337],[77.72971,13.00326],[77.73,13.00294],[77.73,13.00241],[77.73025,13.00173],[77.73071,13.00087],[77.73096,13.00057],[77.73091,12.99886],[77.73084,12.99871],[77.73077,12.99869],[77.73066,12.99892],[77.7301,12.99889],[77.72999,12.99876],[77.72993,12.99861],[77.72991,12.99837],[77.72933,12.99815],[77.72934,12.99794],[77.72921,12.99787],[77.72878,12.99779],[77.72815,12.99776],[77.72737,12.99779],[77.72722,12.99773],[77.72715,12.99756],[77.72671,12.99734],[77.7264,12.99737],[77.72455,12.99834],[77.72456,12.99853],[77.72535,12.99894],[77.72543,12.99914],[77.72547,12.99957],[77.72572,12.99969],[77.72648,12.99989],[77.7266,12.99988],[77.72671,12.99971],[77.72684,12.99968],[77.72744,12.99997],[77.72775,13.00047],[77.72854,13.00083],[77.72899,13.0015],[77.72952,13.0021],[77.72961,13.00305],[77.72945,13.00332],[77.72948,13.00336],[77.72956,13.00337]]]]}},{"type":"Feature","properties":{"id":"lake-724","name":"Mapped lake/tank"},"geometry":{"type":"MultiPolygon","coordinates":[[[[77.72425,12.9885],[77.72469,12.98854],[77.72513,12.98849],[77.72474,12.98812],[77.72472,12.98791],[77.72459,12.98768],[77.7246,12.98714],[77.72438,12.98615],[77.72381,12.98513],[77.7233,12.98511],[77.72303,12.98514],[77.72125,12.98595],[77.72099,12.98656],[77.72132,12.98692],[77.7217,12.98805],[77.72168,12.98904],[77.72172,12.98905],[77.72175,12.98901],[77.72196,12.98893],[77.72207,12.98835],[77.72226,12.98807],[77.72248,12.98794],[77.72365,12.98796],[77.72395,12.9881],[77.72425,12.9885]]]]}},{"type":"Feature","properties":{"id":"lake-725","name":"Mapped lake/tank"},"geometry":{"type":"MultiPolygon","coordinates":[[[[77.72114,13.04038],[77.72296,13.03987],[77.72287,13.03839],[77.72295,13.03827],[77.72347,13.0381],[77.72397,13.03808],[77.72419,13.03819],[77.7246,13.03875],[77.72542,13.0383],[77.72635,13.03757],[77.72661,13.03726],[77.72827,13.03643],[77.72842,13.03642],[77.72876,13.03673],[77.72915,13.0365],[77.72955,13.03574],[77.72995,13.03515],[77.73006,13.03489],[77.73018,13.03429],[77.73019,13.03411],[77.72996,13.03262],[77.72994,13.03216],[77.72998,13.03183],[77.72932,13.03137],[77.72849,13.03088],[77.72484,13.02886],[77.72491,13.02921],[77.72484,13.02988],[77.725,13.03135],[77.725,13.03218],[77.72495,13.03234],[77.72475,13.03252],[77.72489,13.03284],[77.72486,13.03296],[77.72459,13.03333],[77.72393,13.03399],[77.72398,13.03407],[77.72417,13.0341],[77.7242,13.03418],[77.72411,13.03471],[77.72402,13.03588],[77.72391,13.03592],[77.72337,13.03584],[77.72287,13.03585],[77.72246,13.03576],[77.72171,13.03654],[77.72159,13.03654],[77.7215,13.03645],[77.72067,13.03785],[77.72044,13.03789],[77.71986,13.0385],[77.71988,13.04056],[77.71998,13.04062],[77.72022,13.04064],[77.72114,13.04038]]]]}},{"type":"Feature","properties":{"id":"lake-726","name":"Mapped lake/tank"},"geometry":{"type":"MultiPolygon","coordinates":[[[[77.74235,13.04407],[77.7425,13.04366],[77.74189,13.04321],[77.74015,13.04248],[77.73991,13.04234],[77.73929,13.04164],[77.73905,13.04129],[77.73915,13.04095],[77.73902,13.04082],[77.73878,13.04114],[77.7387,13.04137],[77.73868,13.04161],[77.7387,13.04182],[77.73925,13.04265],[77.73918,13.0442],[77.73909,13.04439],[77.73856,13.04453],[77.73853,13.04488],[77.73933,13.04487],[77.73938,13.04484],[77.73943,13.04466],[77.73951,13.0446],[77.7403,13.04459],[77.74116,13.04494],[77.74195,13.04514],[77.74209,13.04524],[77.74216,13.04538],[77.7422,13.04519],[77.74222,13.04446],[77.74235,13.04407]]]]}},{"type":"Feature","properties":{"id":"lake-727","name":"Mapped lake/tank"},"geometry":{"type":"MultiPolygon","coordinates":[[[[77.75734,13.0237],[77.75718,13.02357],[77.75715,13.02347],[77.75714,13.02282],[77.75725,13.02153],[77.75734,13.02115],[77.75743,13.02102],[77.75736,13.02008],[77.7572,13.01995],[77.75672,13.02097],[77.7564,13.02137],[77.75551,13.02192],[77.75479,13.02209],[77.75438,13.02209],[77.754,13.02203],[77.75354,13.0218],[77.75384,13.02235],[77.75429,13.02237],[77.75457,13.02283],[77.75446,13.02293],[77.75446,13.02299],[77.75451,13.02299],[77.75478,13.02332],[77.75514,13.02326],[77.75537,13.02329],[77.75551,13.02317],[77.75619,13.02332],[77.75659,13.02335],[77.75659,13.0236],[77.75665,13.02362],[77.75665,13.02373],[77.75674,13.02385],[77.75734,13.0237]]]]}},{"type":"Feature","properties":{"id":"lake-728","name":"Mapped lake/tank"},"geometry":{"type":"MultiPolygon","coordinates":[[[[77.76198,13.04714],[77.76061,13.04755],[77.76083,13.04902],[77.76185,13.04902],[77.76225,13.04916],[77.7628,13.0495],[77.76285,13.04934],[77.76291,13.04746],[77.763,13.04672],[77.76256,13.04683],[77.76247,13.04705],[77.76198,13.04714]]]]}},{"type":"Feature","properties":{"id":"lake-729","name":"Mapped lake/tank"},"geometry":{"type":"MultiPolygon","coordinates":[[[[77.75905,13.03631],[77.7589,13.03635],[77.75873,13.0368],[77.75888,13.03706],[77.75909,13.03717],[77.75922,13.03711],[77.75927,13.03688],[77.75914,13.03667],[77.75916,13.0364],[77.75905,13.03631]]]]}},{"type":"Feature","properties":{"id":"lake-730","name":"Mapped lake/tank"},"geometry":{"type":"MultiPolygon","coordinates":[[[[77.75496,13.05256],[77.75491,13.0524],[77.75259,13.05261],[77.7527,13.05364],[77.75333,13.05376],[77.75348,13.05396],[77.75358,13.0543],[77.75339,13.05538],[77.75279,13.05594],[77.75219,13.05622],[77.75216,13.05627],[77.75226,13.05646],[77.75462,13.05644],[77.75414,13.05592],[77.75376,13.05526],[77.75374,13.05513],[77.75381,13.05468],[77.75403,13.05416],[77.75465,13.05293],[77.75496,13.05256]]]]}},{"type":"Feature","properties":{"id":"lake-731","name":"Mapped lake/tank"},"geometry":{"type":"MultiPolygon","coordinates":[[[[77.75681,13.04857],[77.75665,13.0483],[77.75604,13.04759],[77.75588,13.04728],[77.75579,13.04691],[77.75576,13.04661],[77.75567,13.04627],[77.75562,13.04625],[77.7556,13.04654],[77.75542,13.04686],[77.75528,13.04702],[77.75499,13.04715],[77.75494,13.04723],[77.75548,13.04875],[77.7555,13.04892],[77.75574,13.04893],[77.75681,13.04857]]]]}},{"type":"Feature","properties":{"id":"lake-732","name":"Mapped lake/tank"},"geometry":{"type":"MultiPolygon","coordinates":[[[[77.72977,13.03053],[77.72985,13.03028],[77.73078,13.02921],[77.73045,13.02858],[77.73022,13.02801],[77.73021,13.02771],[77.73029,13.02749],[77.73038,13.02742],[77.73058,13.02742],[77.73049,13.02678],[77.73057,13.02624],[77.73084,13.02563],[77.73165,13.02501],[77.73319,13.02414],[77.73454,13.02368],[77.73478,13.02348],[77.73525,13.02331],[77.7352,13.02301],[77.73421,13.01943],[77.73357,13.01743],[77.73336,13.01722],[77.73293,13.01721],[77.73274,13.01667],[77.7327,13.01664],[77.73186,13.01694],[77.73125,13.01706],[77.73082,13.018],[77.73052,13.01824],[77.73029,13.01913],[77.72988,13.01955],[77.72961,13.0203],[77.7292,13.0205],[77.72867,13.0207],[77.7282,13.02076],[77.72662,13.02075],[77.72636,13.02061],[77.72581,13.0206],[77.72372,13.02136],[77.72338,13.02157],[77.72301,13.02163],[77.72285,13.02163],[77.72268,13.02155],[77.7209,13.02116],[77.72066,13.02189],[77.72062,13.02223],[77.72063,13.02287],[77.72086,13.02371],[77.72105,13.02378],[77.7213,13.02399],[77.72161,13.02405],[77.72209,13.02421],[77.72315,13.02472],[77.72397,13.02528],[77.72414,13.02552],[77.72436,13.02606],[77.7251,13.02632],[77.72511,13.02689],[77.72495,13.02791],[77.72499,13.02811],[77.72485,13.02843],[77.72868,13.03055],[77.72953,13.03106],[77.72977,13.03053]]]]}},{"type":"Feature","properties":{"id":"lake-733","name":"Mapped lake/tank"},"geometry":{"type":"MultiPolygon","coordinates":[[[[77.75721,13.01295],[77.75725,13.01294],[77.75724,13.01289],[77.7574,13.01279],[77.75746,13.01283],[77.75753,13.0128],[77.7576,13.01289],[77.7577,13.01278],[77.75771,13.01271],[77.75758,13.01262],[77.75775,13.01228],[77.75771,13.01216],[77.75761,13.01214],[77.75746,13.01229],[77.75722,13.01226],[77.75702,13.0124],[77.75688,13.01244],[77.75679,13.01254],[77.75674,13.01272],[77.75682,13.01292],[77.75698,13.01298],[77.75721,13.01295]]]]}},{"type":"Feature","properties":{"id":"lake-734","name":"Mapped lake/tank"},"geometry":{"type":"MultiPolygon","coordinates":[[[[77.73695,13.05662],[77.73726,13.05662],[77.73715,13.05645],[77.73725,13.05635],[77.73731,13.05637],[77.73742,13.05656],[77.73771,13.05645],[77.73773,13.0564],[77.73769,13.05603],[77.73763,13.056],[77.73748,13.05603],[77.73707,13.05631],[77.73696,13.05645],[77.73695,13.05662]]]]}},{"type":"Feature","properties":{"id":"lake-735","name":"Mapped lake/tank"},"geometry":{"type":"MultiPolygon","coordinates":[[[[77.7483,13.03399],[77.74792,13.03365],[77.74783,13.03319],[77.74773,13.03182],[77.74783,13.0317],[77.74784,13.03157],[77.74793,13.03153],[77.74783,13.03082],[77.74752,13.03101],[77.74742,13.0317],[77.74688,13.03225],[77.74664,13.03241],[77.74634,13.03252],[77.7459,13.03261],[77.74558,13.03255],[77.74549,13.03266],[77.74594,13.03303],[77.74621,13.03335],[77.74648,13.03348],[77.74692,13.0339],[77.74719,13.03445],[77.74729,13.03456],[77.74758,13.03463],[77.74773,13.03458],[77.7483,13.03399]]]]}},{"type":"Feature","properties":{"id":"lake-736","name":"Mapped lake/tank"},"geometry":{"type":"MultiPolygon","coordinates":[[[[77.58546,13.09111],[77.58531,13.09109],[77.58523,13.09112],[77.58513,13.09132],[77.58515,13.09145],[77.58534,13.09147],[77.58545,13.09141],[77.58553,13.09125],[77.58552,13.09116],[77.58546,13.09111]]]]}},{"type":"Feature","properties":{"id":"lake-737","name":"Mapped lake/tank"},"geometry":{"type":"MultiPolygon","coordinates":[[[[77.58843,13.09099],[77.58829,13.09099],[77.58822,13.09106],[77.58819,13.09115],[77.58825,13.09125],[77.58837,13.0913],[77.58849,13.09127],[77.58854,13.09115],[77.58843,13.09099]]]]}},{"type":"Feature","properties":{"id":"lake-738","name":"Mapped lake/tank"},"geometry":{"type":"MultiPolygon","coordinates":[[[[77.58458,13.09224],[77.58429,13.09124],[77.58382,13.09144],[77.58383,13.0916],[77.58408,13.09216],[77.58426,13.09224],[77.58458,13.09224]]]]}},{"type":"Feature","properties":{"id":"lake-739","name":"Bengaluru"},"geometry":{"type":"MultiPolygon","coordinates":[[[[77.59797,13.06193],[77.59768,13.06201],[77.59768,13.06216],[77.59773,13.06225],[77.59785,13.06228],[77.59806,13.06218],[77.59808,13.06205],[77.59797,13.06193]]]]}},{"type":"Feature","properties":{"id":"lake-740","name":"Mapped lake/tank"},"geometry":{"type":"MultiPolygon","coordinates":[[[[77.64515,13.02735],[77.64558,13.02724],[77.6462,13.02735],[77.6465,13.02748],[77.64681,13.02767],[77.64697,13.02769],[77.64667,13.02671],[77.64612,13.02613],[77.64571,13.02498],[77.64561,13.02458],[77.64539,13.02409],[77.64531,13.02404],[77.64529,13.02409],[77.64536,13.02453],[77.64521,13.02465],[77.6449,13.02513],[77.64438,13.02621],[77.64404,13.02666],[77.6435,13.02772],[77.64328,13.02808],[77.64329,13.02831],[77.64337,13.02833],[77.64358,13.02828],[77.64377,13.02817],[77.64409,13.02774],[77.64515,13.02735]]]]}},{"type":"Feature","properties":{"id":"lake-741","name":"Mapped lake/tank"},"geometry":{"type":"MultiPolygon","coordinates":[[[[77.66034,13.03778],[77.66027,13.03734],[77.66022,13.03543],[77.66014,13.03474],[77.65989,13.03319],[77.65973,13.03274],[77.65956,13.03278],[77.65829,13.03272],[77.65764,13.03285],[77.65751,13.03296],[77.65749,13.03305],[77.65746,13.03491],[77.65721,13.0371],[77.65706,13.03725],[77.65652,13.03731],[77.65635,13.03738],[77.65663,13.03741],[77.65778,13.03778],[77.65859,13.03787],[77.6593,13.03802],[77.65965,13.03814],[77.66038,13.03852],[77.66034,13.03778]]]]}},{"type":"Feature","properties":{"id":"lake-742","name":"Kalkere Lake"},"geometry":{"type":"MultiPolygon","coordinates":[[[[77.67256,13.05119],[77.67246,13.05093],[77.67178,13.05111],[77.67137,13.05083],[77.67005,13.04905],[77.66988,13.04865],[77.66987,13.0481],[77.6695,13.0472],[77.66931,13.04657],[77.66906,13.04544],[77.66903,13.04525],[77.66907,13.04508],[77.66938,13.04472],[77.66964,13.04463],[77.67035,13.04375],[77.67067,13.0436],[77.67137,13.04346],[77.67136,13.04328],[77.67112,13.04321],[77.67091,13.04322],[77.66959,13.04392],[77.66953,13.04424],[77.66882,13.04484],[77.66867,13.04533],[77.66836,13.04548],[77.66783,13.04484],[77.66762,13.04483],[77.66683,13.04508],[77.66604,13.04563],[77.6657,13.04565],[77.66567,13.04525],[77.66468,13.04511],[77.66468,13.04506],[77.66102,13.04475],[77.66044,13.04525],[77.65905,13.04529],[77.65873,13.04543],[77.65786,13.0453],[77.65769,13.04533],[77.65731,13.04552],[77.65697,13.04553],[77.65579,13.0457],[77.65571,13.04577],[77.65534,13.0457],[77.65429,13.0449],[77.65381,13.04464],[77.65315,13.0441],[77.65215,13.04359],[77.65142,13.04357],[77.65133,13.04388],[77.65137,13.04428],[77.65132,13.04462],[77.65079,13.04486],[77.65033,13.04488],[77.65011,13.04476],[77.64987,13.04434],[77.64955,13.04416],[77.64865,13.04446],[77.64807,13.04479],[77.6483,13.04503],[77.64915,13.04526],[77.65118,13.04564],[77.65114,13.04591],[77.65164,13.04624],[77.65251,13.04669],[77.65324,13.04674],[77.65432,13.04669],[77.65562,13.04675],[77.65598,13.04703],[77.65685,13.04792],[77.65867,13.04878],[77.66011,13.04905],[77.66227,13.04968],[77.66232,13.04958],[77.66224,13.04917],[77.66305,13.0486],[77.66478,13.0491],[77.66497,13.04913],[77.6663,13.04907],[77.66741,13.04961],[77.66947,13.04961],[77.66963,13.04967],[77.67135,13.05104],[77.67162,13.05157],[77.67177,13.05165],[77.67191,13.05164],[77.67256,13.05119]]]]}},{"type":"Feature","properties":{"id":"lake-743","name":"Mapped lake/tank"},"geometry":{"type":"MultiPolygon","coordinates":[[[[77.64097,13.03429],[77.64051,13.03351],[77.64036,13.03334],[77.64029,13.03333],[77.64008,13.03346],[77.63996,13.03395],[77.64009,13.03407],[77.64052,13.03478],[77.64071,13.03493],[77.64084,13.03494],[77.64088,13.03444],[77.64097,13.03429]]]]}},{"type":"Feature","properties":{"id":"lake-744","name":"Horamavu Lake"},"geometry":{"type":"MultiPolygon","coordinates":[[[[77.66659,13.02604],[77.66671,13.02569],[77.66767,13.0245],[77.66832,13.02382],[77.66844,13.02352],[77.66847,13.0233],[77.66874,13.02282],[77.66872,13.02259],[77.66851,13.02238],[77.6668,13.02243],[77.6659,13.02233],[77.66477,13.02317],[77.6644,13.02339],[77.66445,13.02349],[77.66552,13.02346],[77.66623,13.02385],[77.66656,13.02426],[77.66672,13.02473],[77.66671,13.02499],[77.66642,13.02541],[77.66617,13.02595],[77.66617,13.02605],[77.6663,13.02624],[77.66659,13.02604]]]]}},{"type":"Feature","properties":{"id":"lake-745","name":"Kalkere Lake"},"geometry":{"type":"MultiPolygon","coordinates":[[[[77.66716,13.04973],[77.66736,13.04973],[77.66635,13.04916],[77.66619,13.04915],[77.66627,13.04975],[77.66716,13.04973]]]]}},{"type":"Feature","properties":{"id":"lake-746","name":"Mapped lake/tank"},"geometry":{"type":"MultiPolygon","coordinates":[[[[77.57294,13.012],[77.57334,13.01184],[77.57357,13.01238],[77.57373,13.0123],[77.57377,13.01185],[77.57371,13.01168],[77.57429,13.01145],[77.5746,13.0121],[77.57486,13.01193],[77.57512,13.01159],[77.57513,13.01103],[77.57508,13.01074],[77.57513,13.01],[77.57537,13.00952],[77.57526,13.00938],[77.57549,13.00898],[77.57588,13.00906],[77.57653,13.00827],[77.57741,13.00774],[77.57716,13.00738],[77.57641,13.00777],[77.57601,13.00789],[77.57554,13.00792],[77.5743,13.00771],[77.57384,13.00768],[77.57294,13.00782],[77.5726,13.00797],[77.57278,13.00869],[77.573,13.00914],[77.57298,13.00972],[77.57283,13.01074],[77.57299,13.01082],[77.57277,13.01177],[77.57255,13.01181],[77.57219,13.01194],[77.57229,13.01232],[77.57273,13.01237],[77.57284,13.01253],[77.57303,13.01244],[77.57294,13.012]]]]}},{"type":"Feature","properties":{"id":"lake-747","name":"Mapped lake/tank"},"geometry":{"type":"MultiPolygon","coordinates":[[[[77.54992,13.03459],[77.54986,13.03456],[77.5497,13.03459],[77.54953,13.03467],[77.54954,13.03487],[77.5497,13.03503],[77.54993,13.03496],[77.55003,13.03483],[77.55001,13.03471],[77.54992,13.03459]]]]}},{"type":"Feature","properties":{"id":"lake-748","name":"Mapped lake/tank"},"geometry":{"type":"MultiPolygon","coordinates":[[[[77.55145,13.03629],[77.55132,13.0363],[77.55122,13.03644],[77.55106,13.03655],[77.55104,13.03665],[77.55108,13.03672],[77.55143,13.03683],[77.55145,13.0367],[77.55158,13.03665],[77.55162,13.03654],[77.55145,13.03629]]]]}},{"type":"Feature","properties":{"id":"lake-749","name":"Mapped lake/tank"},"geometry":{"type":"MultiPolygon","coordinates":[[[[77.54819,13.03255],[77.5475,13.03216],[77.54691,13.03329],[77.54765,13.03368],[77.54819,13.03255]]]]}},{"type":"Feature","properties":{"id":"lake-750","name":"BEL Lake"},"geometry":{"type":"MultiPolygon","coordinates":[[[[77.56456,13.05552],[77.56375,13.0555],[77.56309,13.05656],[77.56342,13.05709],[77.56461,13.05714],[77.56576,13.05608],[77.56578,13.05562],[77.56574,13.05555],[77.56456,13.05552]]]]}},{"type":"Feature","properties":{"id":"lake-751","name":"Bengaluru"},"geometry":{"type":"MultiPolygon","coordinates":[[[[77.58098,13.05142],[77.58151,13.05122],[77.58178,13.05107],[77.58174,13.04774],[77.58162,13.0479],[77.58161,13.04824],[77.58151,13.04891],[77.58138,13.04943],[77.58129,13.0504],[77.58105,13.05067],[77.58066,13.05082],[77.57971,13.05148],[77.57987,13.05166],[77.58048,13.05127],[77.58082,13.05112],[77.58098,13.05142]]]]}},{"type":"Feature","properties":{"id":"lake-752","name":"Mapped lake/tank"},"geometry":{"type":"MultiPolygon","coordinates":[[[[77.54985,13.03196],[77.54952,13.03208],[77.54937,13.03206],[77.5492,13.03209],[77.54912,13.03218],[77.54905,13.0326],[77.54913,13.03259],[77.54938,13.0323],[77.54958,13.0322],[77.54969,13.03228],[77.54961,13.03258],[77.54966,13.03268],[77.54983,13.03265],[77.55003,13.03251],[77.5502,13.03234],[77.55021,13.03216],[77.55008,13.03198],[77.54985,13.03196]]]]}},{"type":"Feature","properties":{"id":"lake-753","name":"Mapped lake/tank"},"geometry":{"type":"MultiPolygon","coordinates":[[[[77.54905,13.03172],[77.549,13.0315],[77.54877,13.03146],[77.54877,13.03141],[77.54825,13.03134],[77.54803,13.03119],[77.54753,13.0321],[77.54822,13.03249],[77.54864,13.03182],[77.54877,13.03173],[77.54905,13.03172]]]]}},{"type":"Feature","properties":{"id":"lake-754","name":"Halasuru Lake"},"geometry":{"type":"MultiPolygon","coordinates":[[[[77.61793,12.98177],[77.61775,12.98176],[77.61738,12.98195],[77.61726,12.98214],[77.61728,12.9822],[77.61748,12.98222],[77.61797,12.98214],[77.61805,12.98186],[77.61793,12.98177]]]]}},{"type":"Feature","properties":{"id":"lake-755","name":"Halasuru Lake"},"geometry":{"type":"MultiPolygon","coordinates":[[[[77.62118,12.98655],[77.62096,12.98661],[77.62084,12.9867],[77.62078,12.98676],[77.6208,12.98694],[77.621,12.98705],[77.62122,12.98703],[77.6213,12.98696],[77.62134,12.98678],[77.62118,12.98655]]]]}},{"type":"Feature","properties":{"id":"lake-756","name":"Halasuru Lake"},"geometry":{"type":"MultiPolygon","coordinates":[[[[77.62197,12.98671],[77.62187,12.98666],[77.62166,12.98673],[77.62156,12.98689],[77.62157,12.98703],[77.62163,12.9871],[77.62172,12.98714],[77.62195,12.98708],[77.62205,12.98691],[77.62203,12.98676],[77.62197,12.98671]]]]}},{"type":"Feature","properties":{"id":"lake-757","name":"Halasuru Lake"},"geometry":{"type":"MultiPolygon","coordinates":[[[[77.62084,12.98295],[77.6206,12.98298],[77.62053,12.98305],[77.62052,12.98324],[77.62057,12.9833],[77.62069,12.98331],[77.62091,12.98323],[77.62097,12.98313],[77.62095,12.98298],[77.62084,12.98295]]]]}},{"type":"Feature","properties":{"id":"lake-758","name":"Mapped lake/tank"},"geometry":{"type":"MultiPolygon","coordinates":[[[[77.5872,13.00347],[77.58735,13.00335],[77.58739,13.00325],[77.58739,13.00215],[77.58733,13.00154],[77.58724,13.00103],[77.58715,13.00082],[77.5869,13.00066],[77.5868,13.00066],[77.58498,13.00178],[77.58488,13.00203],[77.58489,13.0022],[77.58492,13.00241],[77.58511,13.00262],[77.58577,13.00294],[77.58629,13.00312],[77.58687,13.00345],[77.58706,13.00349],[77.5872,13.00347]]]]}},{"type":"Feature","properties":{"id":"lake-759","name":"Mapped lake/tank"},"geometry":{"type":"MultiPolygon","coordinates":[[[[77.66285,12.97733],[77.66255,12.9775],[77.66141,12.97773],[77.66147,12.97875],[77.6617,12.9792],[77.66187,12.97934],[77.66279,12.97977],[77.66264,12.9792],[77.66243,12.97865],[77.66256,12.97806],[77.66285,12.97733]]]]}},{"type":"Feature","properties":{"id":"lake-760","name":"Halasuru Lake"},"geometry":{"type":"MultiPolygon","coordinates":[[[[77.61932,12.98105],[77.61919,12.98105],[77.61908,12.98118],[77.61904,12.98129],[77.61909,12.98151],[77.61928,12.98161],[77.6196,12.98155],[77.61967,12.98145],[77.61966,12.98121],[77.61949,12.98106],[77.61932,12.98105]]]]}},{"type":"Feature","properties":{"id":"lake-761","name":"Halasuru Lake"},"geometry":{"type":"MultiPolygon","coordinates":[[[[77.62054,12.98456],[77.62024,12.98467],[77.62008,12.98493],[77.62013,12.98516],[77.6202,12.98526],[77.62045,12.98537],[77.62078,12.98529],[77.62092,12.98518],[77.62094,12.98507],[77.62088,12.98486],[77.62074,12.98467],[77.62054,12.98456]]]]}},{"type":"Feature","properties":{"id":"lake-762","name":"Mapped lake/tank"},"geometry":{"type":"MultiPolygon","coordinates":[[[[77.63987,12.99365],[77.63982,12.99278],[77.63941,12.99276],[77.63891,12.99281],[77.63828,12.99291],[77.6381,12.99297],[77.63805,12.99303],[77.63804,12.99311],[77.63816,12.99332],[77.63834,12.99331],[77.6385,12.99337],[77.63882,12.9936],[77.63903,12.9937],[77.63933,12.99373],[77.63987,12.99365]]]]}},{"type":"Feature","properties":{"id":"lake-763","name":"Mapped lake/tank"},"geometry":{"type":"MultiPolygon","coordinates":[[[[77.66059,12.99916],[77.66055,12.99865],[77.66012,12.99772],[77.65975,12.99765],[77.65913,12.99771],[77.65867,12.99789],[77.65853,12.99797],[77.65837,12.99819],[77.65832,12.99846],[77.65836,12.99865],[77.65843,12.9987],[77.65972,12.99873],[77.66006,12.99888],[77.66016,12.99916],[77.66021,12.99919],[77.66038,12.99922],[77.66059,12.99916]]]]}},{"type":"Feature","properties":{"id":"lake-764","name":"Mapped lake/tank"},"geometry":{"type":"MultiPolygon","coordinates":[[[[77.67002,12.97959],[77.66932,12.97964],[77.66921,12.97879],[77.66849,12.97878],[77.66851,12.97849],[77.6683,12.9785],[77.66803,12.97891],[77.66752,12.98018],[77.66809,12.98036],[77.66894,12.98076],[77.66894,12.98066],[77.66901,12.9806],[77.66959,12.98048],[77.66998,12.98035],[77.67003,12.9802],[77.67002,12.97959]]]]}},{"type":"Feature","properties":{"id":"lake-765","name":"Mapped lake/tank"},"geometry":{"type":"MultiPolygon","coordinates":[[[[77.67318,12.98173],[77.67318,12.98136],[77.67236,12.98156],[77.67229,12.98152],[77.67199,12.98098],[77.67194,12.98077],[77.67193,12.98034],[77.67167,12.97942],[77.67182,12.97882],[77.67204,12.97836],[77.67241,12.97796],[77.67314,12.97748],[77.67313,12.97699],[77.6731,12.97699],[77.67299,12.97704],[77.67286,12.97727],[77.67272,12.97741],[77.67274,12.97761],[77.6722,12.97794],[77.67163,12.97857],[77.67116,12.97901],[77.67094,12.97933],[77.67013,12.97961],[77.67014,12.98023],[77.67004,12.98044],[77.66962,12.98059],[77.66904,12.9807],[77.6692,12.98123],[77.66907,12.98263],[77.66919,12.98349],[77.66915,12.98381],[77.66956,12.98384],[77.67003,12.98374],[77.67048,12.98369],[77.67144,12.98299],[77.67221,12.98222],[77.67318,12.98173]]]]}},{"type":"Feature","properties":{"id":"lake-766","name":"Mapped lake/tank"},"geometry":{"type":"MultiPolygon","coordinates":[[[[77.63681,12.9845],[77.63712,12.98427],[77.63737,12.98372],[77.63731,12.98336],[77.63719,12.98311],[77.6369,12.983],[77.63651,12.98292],[77.63552,12.98284],[77.63516,12.98274],[77.6349,12.98278],[77.63486,12.9829],[77.63488,12.98354],[77.63476,12.98382],[77.63474,12.98401],[77.6348,12.98417],[77.63494,12.98429],[77.63508,12.98433],[77.6355,12.98433],[77.63601,12.98454],[77.63633,12.9846],[77.63657,12.98458],[77.63681,12.9845]]]]}},{"type":"Feature","properties":{"id":"lake-767","name":"Mapped lake/tank"},"geometry":{"type":"MultiPolygon","coordinates":[[[[77.63872,12.99525],[77.63778,12.99586],[77.63775,12.99662],[77.6372,12.99721],[77.637,12.99771],[77.63738,12.99801],[77.63753,12.99856],[77.6375,12.99871],[77.63709,12.99957],[77.63734,12.99965],[77.63764,12.99962],[77.63781,12.99965],[77.63795,12.99969],[77.63838,12.99995],[77.63857,12.99995],[77.63865,12.99987],[77.6386,12.99926],[77.63855,12.99916],[77.63837,12.99897],[77.63806,12.99842],[77.63795,12.99776],[77.63797,12.99765],[77.63825,12.99752],[77.63833,12.99753],[77.6384,12.99804],[77.63866,12.99843],[77.63931,12.99888],[77.63945,12.99891],[77.63966,12.99886],[77.64011,12.99857],[77.64064,12.99807],[77.64083,12.99799],[77.64088,12.99788],[77.64086,12.99746],[77.64096,12.99733],[77.64126,12.99733],[77.64134,12.99726],[77.64111,12.99674],[77.64112,12.99667],[77.64124,12.99661],[77.64163,12.99661],[77.64176,12.99657],[77.64187,12.99648],[77.64203,12.9961],[77.64196,12.99595],[77.64177,12.9959],[77.64132,12.99587],[77.64103,12.99574],[77.64067,12.99583],[77.64035,12.99531],[77.64025,12.99521],[77.64011,12.99516],[77.63958,12.99515],[77.63872,12.99525]]]]}},{"type":"Feature","properties":{"id":"lake-768","name":"Mapped lake/tank"},"geometry":{"type":"MultiPolygon","coordinates":[[[[77.65356,12.99925],[77.65367,12.99895],[77.65365,12.99868],[77.65356,12.99857],[77.65337,12.99854],[77.65284,12.99864],[77.6527,12.9986],[77.65228,12.99827],[77.65198,12.99827],[77.65183,12.99833],[77.65166,12.99848],[77.65164,12.99874],[77.65175,12.99906],[77.652,12.99933],[77.65213,12.99937],[77.65232,12.99935],[77.65237,12.99914],[77.65234,12.99896],[77.65256,12.99886],[77.65265,12.9989],[77.65292,12.99919],[77.65318,12.99935],[77.65332,12.99937],[77.65356,12.99925]]]]}},{"type":"Feature","properties":{"id":"lake-769","name":"Mapped lake/tank"},"geometry":{"type":"MultiPolygon","coordinates":[[[[77.66714,12.99917],[77.66558,12.99845],[77.66405,12.99759],[77.66389,12.99786],[77.66409,12.99829],[77.6642,12.99881],[77.66408,13.00099],[77.66428,13.00052],[77.66454,13.00014],[77.66487,12.99982],[77.66537,12.99946],[77.66588,12.99922],[77.66631,12.99912],[77.66674,12.9991],[77.66714,12.99917]]]]}},{"type":"Feature","properties":{"id":"lake-770","name":"Mapped lake/tank"},"geometry":{"type":"MultiPolygon","coordinates":[[[[77.66523,12.99586],[77.66494,12.99617],[77.66416,12.99742],[77.66609,12.99843],[77.6662,12.99841],[77.66637,12.99802],[77.6666,12.99771],[77.66698,12.99739],[77.66753,12.99719],[77.6684,12.9971],[77.66857,12.99702],[77.66856,12.99692],[77.6685,12.99683],[77.66784,12.99655],[77.66592,12.99594],[77.66523,12.99586]]]]}},{"type":"Feature","properties":{"id":"lake-771","name":"Mapped lake/tank"},"geometry":{"type":"MultiPolygon","coordinates":[[[[77.65631,12.97992],[77.6561,12.97907],[77.65609,12.97891],[77.65703,12.97816],[77.65713,12.97794],[77.65706,12.97791],[77.65675,12.97791],[77.6557,12.97834],[77.65482,12.97855],[77.6546,12.97864],[77.65432,12.97893],[77.65407,12.97968],[77.65486,12.98008],[77.65624,12.98067],[77.65635,12.98066],[77.65637,12.98062],[77.65631,12.97992]]]]}},{"type":"Feature","properties":{"id":"lake-772","name":"Mapped lake/tank"},"geometry":{"type":"MultiPolygon","coordinates":[[[[77.64787,12.97862],[77.64778,12.97862],[77.64773,12.97871],[77.64772,12.97885],[77.64775,12.97892],[77.64817,12.97913],[77.64829,12.97914],[77.64839,12.97909],[77.64842,12.97903],[77.64839,12.97895],[77.64787,12.97862]]]]}},{"type":"Feature","properties":{"id":"lake-773","name":"Kacharakkana Halli Lake"},"geometry":{"type":"MultiPolygon","coordinates":[[[[77.62703,13.01911],[77.62701,13.019],[77.6269,13.01901],[77.62691,13.01913],[77.62703,13.01911]]]]}},{"type":"Feature","properties":{"id":"lake-774","name":"Nagavara Lake"},"geometry":{"type":"MultiPolygon","coordinates":[[[[77.61071,13.04677],[77.61089,13.04666],[77.61137,13.04656],[77.61189,13.04592],[77.61212,13.04486],[77.61227,13.04385],[77.61252,13.04333],[77.6125,13.04324],[77.61213,13.043],[77.61197,13.043],[77.61048,13.04335],[77.60866,13.04381],[77.60696,13.04407],[77.60612,13.0441],[77.60353,13.04405],[77.60177,13.04408],[77.60183,13.04592],[77.60483,13.04597],[77.6062,13.04624],[77.60756,13.04629],[77.60937,13.04666],[77.61063,13.04682],[77.61071,13.04677]]]]}},{"type":"Feature","properties":{"id":"lake-775","name":"Mapped lake/tank"},"geometry":{"type":"MultiPolygon","coordinates":[[[[77.58511,13.04905],[77.58524,13.04905],[77.58526,13.049],[77.5852,13.04897],[77.58535,13.04887],[77.58526,13.0484],[77.58518,13.04836],[77.58505,13.04813],[77.58486,13.04792],[77.58472,13.04795],[77.58454,13.04788],[77.58449,13.04804],[77.58428,13.04818],[77.58426,13.04835],[77.58431,13.04862],[77.58449,13.04887],[77.58469,13.04902],[77.58511,13.04905]]]]}},{"type":"Feature","properties":{"id":"lake-776","name":"Mapped lake/tank"},"geometry":{"type":"MultiPolygon","coordinates":[[[[77.5872,13.04622],[77.58708,13.04622],[77.58695,13.04629],[77.58678,13.04654],[77.5868,13.04671],[77.58689,13.04684],[77.58705,13.04693],[77.58734,13.04697],[77.58748,13.04685],[77.58752,13.04665],[77.58741,13.0465],[77.58741,13.04636],[77.5873,13.04625],[77.5872,13.04622]]]]}},{"type":"Feature","properties":{"id":"lake-777","name":"Mapped lake/tank"},"geometry":{"type":"MultiPolygon","coordinates":[[[[77.58907,13.0456],[77.58925,13.04556],[77.58947,13.04533],[77.58951,13.04503],[77.58946,13.04478],[77.5894,13.04467],[77.58902,13.04433],[77.58863,13.04431],[77.58848,13.04444],[77.5884,13.04467],[77.58837,13.045],[77.58843,13.04515],[77.58867,13.04535],[77.58873,13.04551],[77.58893,13.04561],[77.58907,13.0456]]]]}},{"type":"Feature","properties":{"id":"lake-778","name":"Mapped lake/tank"},"geometry":{"type":"MultiPolygon","coordinates":[[[[77.6146,13.05762],[77.61436,13.05766],[77.61439,13.05789],[77.6148,13.05789],[77.6146,13.05762]]]]}},{"type":"Feature","properties":{"id":"lake-779","name":"Mapped lake/tank"},"geometry":{"type":"MultiPolygon","coordinates":[[[[77.58928,13.04741],[77.58923,13.04743],[77.58924,13.04752],[77.5894,13.04782],[77.58951,13.04785],[77.58954,13.04768],[77.58945,13.04753],[77.58928,13.04741]]]]}},{"type":"Feature","properties":{"id":"lake-780","name":"Bengaluru"},"geometry":{"type":"MultiPolygon","coordinates":[[[[77.58434,13.05011],[77.58345,13.04942],[77.5831,13.04922],[77.58302,13.04906],[77.58297,13.04884],[77.58296,13.04862],[77.583,13.04842],[77.58296,13.04793],[77.58285,13.04755],[77.58269,13.04722],[77.58268,13.04708],[77.5822,13.04714],[77.58174,13.04774],[77.58178,13.05107],[77.58251,13.05077],[77.58335,13.05061],[77.58397,13.05025],[77.58434,13.05011]]]]}},{"type":"Feature","properties":{"id":"lake-781","name":"Mahadevanakodaganahalli Lake"},"geometry":{"type":"MultiPolygon","coordinates":[[[[77.68573,13.13689],[77.68554,13.13677],[77.68535,13.13653],[77.68469,13.13604],[77.68435,13.13573],[77.68403,13.13559],[77.68402,13.13511],[77.68327,13.13525],[77.68335,13.13547],[77.6833,13.13603],[77.6835,13.13675],[77.68377,13.13699],[77.68398,13.13735],[77.68428,13.13753],[77.68481,13.13802],[77.68503,13.13812],[77.68506,13.13821],[77.68494,13.13844],[77.68573,13.1388],[77.6862,13.13896],[77.68625,13.139],[77.68634,13.13919],[77.68644,13.13926],[77.68674,13.13933],[77.68679,13.13921],[77.68702,13.13924],[77.68683,13.13885],[77.68663,13.1389],[77.68619,13.13814],[77.68624,13.13765],[77.68633,13.13742],[77.68612,13.13728],[77.68604,13.1371],[77.68573,13.13689]]]]}},{"type":"Feature","properties":{"id":"lake-782","name":"Kannuru Lake"},"geometry":{"type":"MultiPolygon","coordinates":[[[[77.65397,13.10149],[77.65419,13.10098],[77.65388,13.10075],[77.65369,13.10046],[77.6532,13.10013],[77.65277,13.09954],[77.65267,13.09932],[77.65243,13.09843],[77.65241,13.09812],[77.65247,13.09798],[77.65246,13.09783],[77.65224,13.09777],[77.65205,13.09778],[77.65169,13.09791],[77.6513,13.09784],[77.65046,13.09802],[77.65036,13.09789],[77.65034,13.09772],[77.65029,13.09764],[77.64978,13.09774],[77.64971,13.09773],[77.64961,13.09727],[77.64924,13.0973],[77.64922,13.09754],[77.64879,13.09754],[77.64874,13.09729],[77.64864,13.09727],[77.64825,13.09733],[77.64787,13.09734],[77.64746,13.09746],[77.64753,13.0977],[77.64814,13.09863],[77.6487,13.10007],[77.64929,13.10105],[77.64938,13.10131],[77.65037,13.10165],[77.65162,13.10191],[77.65186,13.10202],[77.65268,13.10195],[77.65284,13.10199],[77.65295,13.10197],[77.6532,13.10165],[77.65397,13.10149]]]]}},{"type":"Feature","properties":{"id":"lake-783","name":"Mahadevanakodaganahalli Lake"},"geometry":{"type":"MultiPolygon","coordinates":[[[[77.69383,13.14353],[77.69392,13.14333],[77.69392,13.14295],[77.69384,13.14254],[77.69394,13.14235],[77.69437,13.14207],[77.6952,13.1418],[77.69567,13.14181],[77.69565,13.14166],[77.69539,13.14164],[77.69525,13.14158],[77.69529,13.14144],[77.69582,13.14142],[77.69585,13.14147],[77.69598,13.14146],[77.696,13.14152],[77.69618,13.14149],[77.69617,13.1414],[77.69608,13.14133],[77.69438,13.14139],[77.694,13.1413],[77.69257,13.14006],[77.69234,13.13981],[77.69226,13.13969],[77.69216,13.13925],[77.69224,13.13768],[77.69226,13.13671],[77.69221,13.1366],[77.69209,13.13658],[77.69156,13.13668],[77.69071,13.13677],[77.69047,13.13693],[77.69021,13.13704],[77.68978,13.1369],[77.68882,13.13683],[77.68826,13.13692],[77.6876,13.13679],[77.68728,13.13683],[77.68705,13.13698],[77.68669,13.137],[77.6866,13.13699],[77.68646,13.13686],[77.68637,13.13658],[77.68571,13.13667],[77.68573,13.13689],[77.68604,13.1371],[77.68612,13.13728],[77.68633,13.13742],[77.68624,13.13765],[77.68619,13.13814],[77.68663,13.1389],[77.68683,13.13885],[77.68702,13.13924],[77.68679,13.13921],[77.68674,13.13933],[77.68698,13.13962],[77.68713,13.13989],[77.68731,13.14005],[77.68745,13.14009],[77.68751,13.14017],[77.68778,13.14006],[77.68763,13.13962],[77.68788,13.13952],[77.68794,13.13968],[77.68816,13.13963],[77.68869,13.14056],[77.68865,13.14058],[77.68888,13.14096],[77.68892,13.14106],[77.68876,13.14113],[77.68904,13.14168],[77.68951,13.14153],[77.68977,13.14193],[77.69016,13.14178],[77.6904,13.14222],[77.69074,13.1422],[77.69103,13.14198],[77.69122,13.14202],[77.6912,13.14226],[77.6914,13.14232],[77.69165,13.14219],[77.69235,13.1424],[77.69243,13.14249],[77.69259,13.14256],[77.69263,13.14254],[77.69272,13.14269],[77.69282,13.14265],[77.69299,13.14281],[77.69343,13.14278],[77.69359,13.14298],[77.69377,13.1435],[77.69383,13.14353]]]]}},{"type":"Feature","properties":{"id":"lake-784","name":"Mapped lake/tank"},"geometry":{"type":"MultiPolygon","coordinates":[[[[77.69486,13.14645],[77.69455,13.14647],[77.69461,13.1474],[77.69511,13.1474],[77.69493,13.14733],[77.69491,13.14727],[77.69486,13.14645]]]]}},{"type":"Feature","properties":{"id":"lake-785","name":"Mapped lake/tank"},"geometry":{"type":"MultiPolygon","coordinates":[[[[77.72094,13.14309],[77.72099,13.14303],[77.72096,13.14284],[77.72,13.14264],[77.71964,13.1426],[77.71953,13.14263],[77.71872,13.14247],[77.71849,13.14233],[77.71814,13.14221],[77.71779,13.14219],[77.71764,13.14214],[77.71725,13.14186],[77.71679,13.14172],[77.71627,13.14149],[77.7162,13.14107],[77.71471,13.13928],[77.71435,13.13874],[77.7138,13.13802],[77.71364,13.13774],[77.71329,13.13731],[77.71319,13.13706],[77.71267,13.13621],[77.71252,13.1358],[77.71251,13.13538],[77.71236,13.1351],[77.71157,13.13505],[77.71137,13.13512],[77.70839,13.13522],[77.70827,13.13529],[77.70836,13.13662],[77.70835,13.13741],[77.7084,13.13771],[77.70834,13.13777],[77.70806,13.13775],[77.70799,13.13784],[77.70768,13.13946],[77.70768,13.13991],[77.71018,13.1406],[77.71132,13.14105],[77.71139,13.14113],[77.71142,13.14189],[77.71146,13.14199],[77.71202,13.14193],[77.71209,13.14152],[77.71215,13.14147],[77.71265,13.14148],[77.71287,13.14157],[77.71295,13.1417],[77.71312,13.14266],[77.71319,13.14271],[77.7136,13.14267],[77.71367,13.14274],[77.71376,13.1431],[77.71374,13.14363],[77.71393,13.14474],[77.71399,13.14481],[77.71422,13.14486],[77.71444,13.14486],[77.71454,13.14492],[77.71477,13.14488],[77.71478,13.14518],[77.71488,13.14532],[77.715,13.14574],[77.7153,13.14567],[77.71551,13.14576],[77.71605,13.14577],[77.71637,13.14571],[77.71645,13.14575],[77.71667,13.14632],[77.71679,13.14638],[77.71686,13.14674],[77.71759,13.14672],[77.71777,13.14682],[77.71787,13.14716],[77.71842,13.14715],[77.71822,13.14685],[77.71771,13.14634],[77.71758,13.14603],[77.71755,13.14579],[77.71759,13.14562],[77.71797,13.14501],[77.71842,13.14358],[77.71864,13.14335],[77.71886,13.1432],[77.71941,13.14307],[77.71991,13.14301],[77.72094,13.14309]]]]}},{"type":"Feature","properties":{"id":"lake-786","name":"Mapped lake/tank"},"geometry":{"type":"MultiPolygon","coordinates":[[[[77.71478,13.1315],[77.71438,13.13151],[77.71411,13.13134],[77.71367,13.13125],[77.71347,13.13085],[77.71297,13.13044],[77.71278,13.13044],[77.71212,13.13077],[77.71083,13.13081],[77.71069,13.13023],[77.71023,13.13035],[77.70997,13.13054],[77.70969,13.13089],[77.70961,13.13108],[77.70959,13.1313],[77.71018,13.13151],[77.71187,13.13232],[77.71345,13.13286],[77.71369,13.13304],[77.7143,13.13368],[77.71478,13.134],[77.71502,13.13374],[77.71505,13.13361],[77.71494,13.13296],[77.71486,13.13176],[77.71478,13.1315]]]]}},{"type":"Feature","properties":{"id":"lake-787","name":"Dasanayakanahalli Lake"},"geometry":{"type":"MultiPolygon","coordinates":[[[[77.69276,13.11373],[77.69229,13.11364],[77.69124,13.11324],[77.6912,13.11326],[77.6912,13.11336],[77.69166,13.11515],[77.69182,13.11642],[77.69178,13.11665],[77.69165,13.11676],[77.69183,13.11678],[77.69199,13.11669],[77.69203,13.11635],[77.69218,13.11624],[77.69239,13.11596],[77.69304,13.11573],[77.69347,13.11547],[77.69398,13.11527],[77.69372,13.11478],[77.69354,13.11466],[77.69328,13.11425],[77.69276,13.11373]]]]}},{"type":"Feature","properties":{"id":"lake-788","name":"Marenahali Lake (MowjeKere)"},"geometry":{"type":"MultiPolygon","coordinates":[[[[77.68136,13.11237],[77.68143,13.11205],[77.68135,13.11122],[77.68118,13.11115],[77.68036,13.11125],[77.68023,13.11075],[77.67993,13.11081],[77.67974,13.11079],[77.67936,13.11049],[77.67917,13.11044],[77.67773,13.11054],[77.67736,13.11064],[77.67723,13.11078],[77.6775,13.11193],[77.67784,13.11257],[77.67799,13.11299],[77.67961,13.11238],[77.67975,13.11238],[77.68026,13.11261],[77.68046,13.11263],[77.68071,13.11259],[77.68108,13.11242],[77.68136,13.11237]]]]}},{"type":"Feature","properties":{"id":"lake-789","name":"Mahadevanakodaganahalli Lake"},"geometry":{"type":"MultiPolygon","coordinates":[[[[77.68388,13.13727],[77.68375,13.13701],[77.68353,13.13683],[77.68341,13.13661],[77.68327,13.13603],[77.68332,13.13547],[77.68325,13.13527],[77.68321,13.13536],[77.68325,13.13602],[77.68322,13.13608],[77.68314,13.13614],[77.68257,13.1362],[77.68271,13.13645],[77.6827,13.13674],[77.68264,13.13705],[77.6831,13.13716],[77.68323,13.13732],[77.68383,13.13745],[77.68388,13.13727]]]]}},{"type":"Feature","properties":{"id":"lake-790","name":"Mahadevanakodaganahalli Lake"},"geometry":{"type":"MultiPolygon","coordinates":[[[[77.68953,13.14241],[77.68942,13.14215],[77.68934,13.14215],[77.68931,13.1421],[77.68922,13.14212],[77.68901,13.14173],[77.68881,13.14178],[77.68908,13.14228],[77.68922,13.14226],[77.68939,13.14249],[77.68953,13.14241]]]]}},{"type":"Feature","properties":{"id":"lake-791","name":"Mahadevanakodaganahalli Lake"},"geometry":{"type":"MultiPolygon","coordinates":[[[[77.69618,13.14149],[77.696,13.14152],[77.69598,13.14146],[77.69585,13.14147],[77.69582,13.14142],[77.69529,13.14144],[77.69525,13.14158],[77.69539,13.14164],[77.69565,13.14166],[77.69567,13.14181],[77.69585,13.14183],[77.69612,13.1417],[77.69619,13.1416],[77.69618,13.14149]]]]}},{"type":"Feature","properties":{"id":"lake-792","name":"Mahadevanakodaganahalli Lake"},"geometry":{"type":"MultiPolygon","coordinates":[[[[77.68637,13.13658],[77.6863,13.13629],[77.68589,13.13607],[77.68543,13.13597],[77.6854,13.13594],[77.68538,13.13564],[77.68531,13.13558],[77.68495,13.13546],[77.68438,13.13517],[77.68417,13.1351],[77.68402,13.13511],[77.68403,13.13559],[77.68435,13.13573],[77.68469,13.13604],[77.68535,13.13653],[77.68554,13.13677],[77.68573,13.13689],[77.68571,13.13667],[77.68637,13.13658]]]]}},{"type":"Feature","properties":{"id":"lake-793","name":"Mahadevanakodaganahalli Lake"},"geometry":{"type":"MultiPolygon","coordinates":[[[[77.68479,13.13884],[77.68491,13.13844],[77.68503,13.13823],[77.68502,13.13816],[77.68479,13.13804],[77.68427,13.13755],[77.68396,13.13737],[77.68388,13.13727],[77.68383,13.13745],[77.68399,13.13751],[77.68405,13.13777],[77.68426,13.13788],[77.68416,13.13846],[77.68417,13.13862],[77.68469,13.13883],[77.68479,13.13884]]]]}},{"type":"Feature","properties":{"id":"lake-794","name":"Mapped lake/tank"},"geometry":{"type":"MultiPolygon","coordinates":[[[[77.66639,13.08704],[77.66634,13.08684],[77.66639,13.08677],[77.66711,13.08655],[77.66703,13.08646],[77.66604,13.08612],[77.66483,13.08592],[77.6642,13.08819],[77.66411,13.08884],[77.66458,13.08879],[77.66548,13.08892],[77.66571,13.08901],[77.66584,13.08867],[77.6659,13.08866],[77.66629,13.08748],[77.66639,13.08704]]]]}},{"type":"Feature","properties":{"id":"lake-795","name":"Mapped lake/tank"},"geometry":{"type":"MultiPolygon","coordinates":[[[[77.65755,13.07479],[77.65751,13.0743],[77.65731,13.07417],[77.65691,13.07406],[77.65675,13.07451],[77.65697,13.07484],[77.6571,13.07487],[77.65755,13.07479]]]]}},{"type":"Feature","properties":{"id":"lake-796","name":"Thirumenahalli Lake"},"geometry":{"type":"MultiPolygon","coordinates":[[[[77.62976,13.09246],[77.62961,13.09231],[77.62956,13.09194],[77.62945,13.09179],[77.62917,13.09088],[77.62899,13.09093],[77.62893,13.09097],[77.62845,13.09184],[77.62829,13.09203],[77.6283,13.09366],[77.62849,13.09381],[77.62882,13.09449],[77.6289,13.09449],[77.63015,13.09392],[77.63017,13.09385],[77.62976,13.09246]]]]}},{"type":"Feature","properties":{"id":"lake-797","name":"Mapped lake/tank"},"geometry":{"type":"MultiPolygon","coordinates":[[[[77.67421,13.07783],[77.67417,13.07387],[77.67384,13.07379],[77.67346,13.0736],[77.67313,13.07313],[77.67275,13.07292],[77.67256,13.07289],[77.67265,13.07297],[77.67271,13.07314],[77.67263,13.07372],[77.67248,13.07424],[77.67209,13.0748],[77.67209,13.07524],[77.67215,13.07545],[77.67256,13.07587],[77.67261,13.0762],[77.6727,13.07639],[77.67319,13.07672],[77.67357,13.07728],[77.67365,13.07749],[77.67389,13.07779],[77.67411,13.07794],[77.67421,13.07783]]]]}},{"type":"Feature","properties":{"id":"lake-798","name":"Mapped lake/tank"},"geometry":{"type":"MultiPolygon","coordinates":[[[[77.67415,13.07849],[77.67417,13.07805],[77.67391,13.07786],[77.67362,13.07751],[77.67353,13.07729],[77.67316,13.07674],[77.67267,13.07641],[77.67257,13.07621],[77.67252,13.07589],[77.67212,13.07547],[77.67206,13.07525],[77.67204,13.0749],[77.67176,13.07524],[77.67166,13.07532],[77.67149,13.07535],[77.67158,13.07559],[77.67157,13.07571],[77.6709,13.07595],[77.67061,13.07576],[77.67038,13.07571],[77.67017,13.07554],[77.66981,13.07556],[77.66984,13.07597],[77.66997,13.0761],[77.67033,13.07618],[77.67044,13.07626],[77.67057,13.07655],[77.67065,13.07691],[77.67084,13.07699],[77.67103,13.07735],[77.67107,13.07754],[77.67167,13.07768],[77.67167,13.07798],[77.67175,13.07804],[77.67173,13.07838],[77.67186,13.07836],[77.67193,13.07828],[77.67206,13.07825],[77.67211,13.07825],[77.67211,13.07838],[77.67224,13.07841],[77.67243,13.07829],[77.67247,13.07821],[77.67241,13.07809],[77.67229,13.07806],[77.6723,13.078],[77.67248,13.07789],[77.67272,13.07783],[77.67302,13.07793],[77.67326,13.0779],[77.6736,13.07856],[77.67415,13.07849]]]]}},{"type":"Feature","properties":{"id":"lake-799","name":"Mapped lake/tank"},"geometry":{"type":"MultiPolygon","coordinates":[[[[77.64179,13.07728],[77.64194,13.0772],[77.64206,13.07702],[77.64265,13.07646],[77.64275,13.07614],[77.64284,13.07605],[77.64321,13.07586],[77.6433,13.07576],[77.64365,13.07536],[77.64373,13.0752],[77.64369,13.07513],[77.64312,13.0749],[77.64302,13.0749],[77.64293,13.07494],[77.64284,13.0752],[77.64248,13.07522],[77.64238,13.07529],[77.64225,13.07588],[77.64205,13.07653],[77.64195,13.07669],[77.64166,13.07693],[77.64158,13.07724],[77.64163,13.07738],[77.64179,13.07728]]]]}},{"type":"Feature","properties":{"id":"lake-800","name":"Chokkanahalli lake"},"geometry":{"type":"MultiPolygon","coordinates":[[[[77.63011,13.08448],[77.62984,13.08442],[77.62956,13.08396],[77.62943,13.08392],[77.62932,13.08393],[77.6289,13.08405],[77.62821,13.08438],[77.62821,13.08477],[77.62842,13.08477],[77.62894,13.08496],[77.62958,13.08515],[77.63005,13.08555],[77.63015,13.08558],[77.63025,13.08553],[77.63026,13.08547],[77.63012,13.08516],[77.63017,13.08474],[77.63011,13.08448]]]]}},{"type":"Feature","properties":{"id":"lake-801","name":"Singapura lake"},"geometry":{"type":"MultiPolygon","coordinates":[[[[77.5386,13.08387],[77.53714,13.08314],[77.53682,13.08253],[77.53639,13.08196],[77.53623,13.08153],[77.53611,13.08142],[77.53601,13.0814],[77.53604,13.08362],[77.53682,13.08373],[77.53678,13.08444],[77.53729,13.08445],[77.53802,13.08435],[77.53821,13.08428],[77.5386,13.08387]]]]}},{"type":"Feature","properties":{"id":"lake-802","name":"Doddabommasandra Lake"},"geometry":{"type":"MultiPolygon","coordinates":[[[[77.56759,13.06298],[77.56731,13.06296],[77.56643,13.06268],[77.56543,13.06166],[77.56529,13.06148],[77.56518,13.06116],[77.56511,13.06067],[77.56475,13.06065],[77.56408,13.06138],[77.56294,13.06234],[77.56228,13.06283],[77.56202,13.06295],[77.56112,13.06322],[77.55997,13.06343],[77.55987,13.06348],[77.55973,13.0638],[77.55967,13.06419],[77.55998,13.06414],[77.56031,13.06416],[77.5608,13.06587],[77.56094,13.067],[77.56092,13.06711],[77.56084,13.06715],[77.56037,13.06721],[77.5605,13.06826],[77.5606,13.06851],[77.56076,13.0687],[77.56254,13.06884],[77.56321,13.06879],[77.56341,13.06875],[77.56353,13.06866],[77.56421,13.06701],[77.56485,13.06573],[77.56503,13.06549],[77.56525,13.0654],[77.56533,13.06531],[77.56559,13.06448],[77.566,13.06423],[77.56603,13.06389],[77.56759,13.06333],[77.56759,13.06298]]]]}},{"type":"Feature","properties":{"id":"lake-803","name":"Narsipura Lake"},"geometry":{"type":"MultiPolygon","coordinates":[[[[77.55739,13.07232],[77.55719,13.07243],[77.55662,13.07264],[77.55726,13.07397],[77.558,13.07389],[77.55739,13.07232]]]]}},{"type":"Feature","properties":{"id":"lake-804","name":"Sovereign lake"},"geometry":{"type":"MultiPolygon","coordinates":[[[[77.54321,13.09531],[77.54317,13.09515],[77.54356,13.09501],[77.54339,13.09348],[77.54342,13.09347],[77.5434,13.09325],[77.54279,13.09334],[77.54112,13.09379],[77.54106,13.0936],[77.54073,13.09357],[77.54068,13.09348],[77.54006,13.09382],[77.53993,13.09396],[77.54009,13.09413],[77.54044,13.09431],[77.54069,13.09462],[77.54087,13.09493],[77.54096,13.09555],[77.54107,13.09568],[77.54174,13.09572],[77.54231,13.09562],[77.54321,13.09531]]]]}},{"type":"Feature","properties":{"id":"lake-805","name":"Narsipura Lake"},"geometry":{"type":"MultiPolygon","coordinates":[[[[77.56038,13.07371],[77.56017,13.07342],[77.55988,13.07313],[77.55971,13.07285],[77.5595,13.07237],[77.55873,13.07093],[77.55855,13.07041],[77.55819,13.07057],[77.55824,13.07146],[77.55819,13.07176],[77.55742,13.0723],[77.55804,13.07389],[77.55841,13.07385],[77.55877,13.07365],[77.55947,13.07348],[77.5597,13.07365],[77.5601,13.07358],[77.56023,13.07375],[77.56038,13.07371]]]]}},{"type":"Feature","properties":{"id":"lake-806","name":"Veerasagara Lake"},"geometry":{"type":"MultiPolygon","coordinates":[[[[77.55931,13.10337],[77.55865,13.10261],[77.55814,13.10196],[77.5575,13.10147],[77.55703,13.10101],[77.55686,13.10073],[77.55679,13.10071],[77.55647,13.10074],[77.55614,13.10027],[77.55509,13.10052],[77.55499,13.10063],[77.55517,13.10126],[77.55513,13.10138],[77.55498,13.10148],[77.55491,13.10158],[77.55486,13.10178],[77.55495,13.10202],[77.55518,13.10213],[77.55545,13.10271],[77.55572,13.10365],[77.5562,13.10365],[77.5564,13.10326],[77.55651,13.10313],[77.55742,13.10275],[77.55806,13.1028],[77.55838,13.10289],[77.55853,13.10298],[77.55892,13.10337],[77.55915,13.10341],[77.55931,13.10337]]]]}},{"type":"Feature","properties":{"id":"lake-807","name":"Bengaluru"},"geometry":{"type":"MultiPolygon","coordinates":[[[[77.62821,13.08477],[77.62821,13.08438],[77.62801,13.08451],[77.62793,13.08463],[77.62806,13.08478],[77.62821,13.08477]]]]}},{"type":"Feature","properties":{"id":"lake-808","name":"SHIRDI LAKE"},"geometry":{"type":"MultiPolygon","coordinates":[[[[77.54021,13.08636],[77.53967,13.08588],[77.5397,13.08575],[77.53964,13.08574],[77.53967,13.0857],[77.53927,13.08412],[77.53881,13.08403],[77.53871,13.08385],[77.53824,13.08434],[77.5378,13.08447],[77.53758,13.08448],[77.5376,13.08504],[77.53786,13.08553],[77.53817,13.08596],[77.53848,13.08627],[77.53841,13.0863],[77.53867,13.08666],[77.53889,13.08718],[77.53904,13.08714],[77.53954,13.08725],[77.54001,13.08712],[77.54021,13.08689],[77.54021,13.08636]]]]}},{"type":"Feature","properties":{"id":"lake-809","name":"Vidyaranyapura Lake and Park"},"geometry":{"type":"MultiPolygon","coordinates":[[[[77.55569,13.0764],[77.55409,13.07691],[77.55413,13.07698],[77.55569,13.0764]]]]}},{"type":"Feature","properties":{"id":"lake-810","name":"Mapped lake/tank"},"geometry":{"type":"MultiPolygon","coordinates":[[[[77.55567,13.07635],[77.55561,13.07625],[77.55536,13.07611],[77.55494,13.07556],[77.55488,13.0754],[77.55476,13.07529],[77.55369,13.07619],[77.55406,13.07644],[77.55419,13.07633],[77.55419,13.07617],[77.55424,13.07603],[77.55431,13.07597],[77.55451,13.07597],[77.55465,13.07607],[77.55469,13.07629],[77.5546,13.07637],[77.5544,13.07642],[77.55422,13.07635],[77.55408,13.07647],[77.55407,13.07688],[77.55567,13.07635]]]]}},{"type":"Feature","properties":{"id":"lake-811","name":"Mapped lake/tank"},"geometry":{"type":"MultiPolygon","coordinates":[[[[77.55368,13.07622],[77.55403,13.07683],[77.55404,13.07647],[77.55368,13.07622]]]]}},{"type":"Feature","properties":{"id":"lake-812","name":"Vidyaranyapura Lake and Park"},"geometry":{"type":"MultiPolygon","coordinates":[[[[77.55474,13.07526],[77.55456,13.07536],[77.5536,13.07612],[77.55365,13.07621],[77.55368,13.07615],[77.55474,13.07526]]]]}},{"type":"Feature","properties":{"id":"lake-813","name":"Mapped lake/tank"},"geometry":{"type":"MultiPolygon","coordinates":[[[[77.53647,13.09786],[77.5363,13.09755],[77.53625,13.09749],[77.53618,13.0975],[77.53618,13.09801],[77.53647,13.09786]]]]}},{"type":"Feature","properties":{"id":"lake-814","name":"Bengaluru"},"geometry":{"type":"MultiPolygon","coordinates":[[[[77.62458,13.08018],[77.62468,13.08016],[77.62469,13.07983],[77.62391,13.07872],[77.62431,13.07859],[77.62439,13.07846],[77.62463,13.07839],[77.6247,13.07819],[77.62445,13.0777],[77.62406,13.07734],[77.62384,13.07703],[77.62378,13.0769],[77.62364,13.07617],[77.62359,13.0761],[77.62343,13.07605],[77.62343,13.07612],[77.6233,13.07628],[77.62326,13.07621],[77.62328,13.0765],[77.62323,13.07668],[77.62281,13.07733],[77.62264,13.07747],[77.62251,13.07774],[77.62219,13.07808],[77.62228,13.07817],[77.62217,13.07827],[77.62207,13.07816],[77.62176,13.07838],[77.62176,13.07841],[77.62234,13.07981],[77.62267,13.08008],[77.62288,13.08041],[77.62431,13.0807],[77.62428,13.08026],[77.62458,13.08018]]]]}},{"type":"Feature","properties":{"id":"lake-815","name":"Bengaluru"},"geometry":{"type":"MultiPolygon","coordinates":[[[[77.61394,13.06237],[77.61369,13.06242],[77.61349,13.06256],[77.61343,13.06276],[77.61348,13.06294],[77.61359,13.06305],[77.61384,13.06309],[77.61402,13.06302],[77.61409,13.06292],[77.61415,13.0628],[77.61417,13.06258],[77.61404,13.06241],[77.61394,13.06237]]]]}},{"type":"Feature","properties":{"id":"lake-816","name":"Bengaluru"},"geometry":{"type":"MultiPolygon","coordinates":[[[[77.62829,13.09203],[77.62796,13.09232],[77.62777,13.09239],[77.62739,13.09246],[77.62679,13.09243],[77.62672,13.09245],[77.62665,13.09262],[77.62677,13.09272],[77.62739,13.09296],[77.6283,13.09366],[77.62829,13.09203]]]]}},{"type":"Feature","properties":{"id":"lake-817","name":"Mapped lake/tank"},"geometry":{"type":"MultiPolygon","coordinates":[[[[77.62852,13.11348],[77.62854,13.11583],[77.62909,13.11574],[77.6294,13.11554],[77.63018,13.11541],[77.63025,13.11506],[77.63017,13.11444],[77.62852,13.11348]]]]}},{"type":"Feature","properties":{"id":"lake-818","name":"Mapped lake/tank"},"geometry":{"type":"MultiPolygon","coordinates":[[[[77.65269,13.12458],[77.65257,13.12354],[77.65222,13.12247],[77.65176,13.12231],[77.65161,13.12183],[77.65162,13.12167],[77.65172,13.12153],[77.65173,13.12143],[77.65157,13.1211],[77.6514,13.12115],[77.65128,13.12111],[77.64988,13.12473],[77.64967,13.12519],[77.64955,13.12529],[77.64962,13.12537],[77.64967,13.12537],[77.65058,13.12482],[77.65088,13.12471],[77.65166,13.12465],[77.65194,13.12471],[77.65216,13.12481],[77.6525,13.12506],[77.65277,13.12533],[77.65295,13.12539],[77.65301,13.12546],[77.65269,13.12482],[77.65269,13.12458]]]]}},{"type":"Feature","properties":{"id":"lake-819","name":"Mapped lake/tank"},"geometry":{"type":"MultiPolygon","coordinates":[[[[77.65249,13.13242],[77.65243,13.13221],[77.65218,13.13215],[77.65168,13.13152],[77.65143,13.13024],[77.65134,13.12946],[77.65104,13.12847],[77.65045,13.12842],[77.65016,13.1293],[77.64997,13.13029],[77.64988,13.13038],[77.64979,13.13041],[77.64966,13.13073],[77.64954,13.13123],[77.64972,13.13128],[77.65026,13.13163],[77.65176,13.1324],[77.65259,13.13302],[77.65249,13.13242]]]]}},{"type":"Feature","properties":{"id":"lake-820","name":"Mapped lake/tank"},"geometry":{"type":"MultiPolygon","coordinates":[[[[77.66009,13.1433],[77.66023,13.14326],[77.6605,13.14304],[77.66252,13.14291],[77.66375,13.14277],[77.66533,13.14252],[77.66606,13.14215],[77.66643,13.14215],[77.66667,13.14223],[77.66682,13.14221],[77.66683,13.14211],[77.66647,13.1417],[77.66624,13.14153],[77.66545,13.14155],[77.66527,13.14149],[77.66491,13.14109],[77.66479,13.14086],[77.66457,13.14],[77.66438,13.13971],[77.6643,13.13873],[77.66432,13.1383],[77.66445,13.138],[77.66508,13.13702],[77.66507,13.13691],[77.66487,13.13678],[77.6648,13.13644],[77.66473,13.13643],[77.66435,13.13733],[77.66393,13.13766],[77.66364,13.13808],[77.66349,13.13815],[77.66351,13.13829],[77.66343,13.13838],[77.66263,13.13873],[77.66146,13.13914],[77.66008,13.13925],[77.65775,13.13929],[77.65717,13.13959],[77.65673,13.13966],[77.65607,13.13948],[77.6555,13.13924],[77.65441,13.13862],[77.65446,13.13811],[77.65424,13.13809],[77.65378,13.13785],[77.65371,13.13804],[77.65347,13.13799],[77.65344,13.13845],[77.65242,13.13851],[77.65104,13.13869],[77.65,13.13869],[77.64978,13.13874],[77.64973,13.13904],[77.64923,13.13896],[77.64866,13.13917],[77.64811,13.13918],[77.64809,13.13939],[77.64726,13.13948],[77.64726,13.14001],[77.64712,13.13988],[77.64721,13.14021],[77.64773,13.14016],[77.64803,13.14146],[77.64831,13.1414],[77.6487,13.14147],[77.64938,13.14147],[77.64922,13.14098],[77.6484,13.14123],[77.64812,13.14009],[77.64891,13.13987],[77.64923,13.14034],[77.64932,13.14086],[77.64992,13.14079],[77.65009,13.14155],[77.65092,13.14159],[77.65167,13.1415],[77.65197,13.1415],[77.65259,13.14163],[77.65322,13.14171],[77.65361,13.14181],[77.65402,13.14185],[77.65523,13.14182],[77.65536,13.14185],[77.65543,13.14196],[77.65555,13.14192],[77.6556,13.1421],[77.65599,13.1421],[77.65611,13.14223],[77.65702,13.14229],[77.65713,13.14221],[77.65719,13.1421],[77.65758,13.14214],[77.65798,13.14234],[77.65833,13.14242],[77.65862,13.1427],[77.65905,13.14275],[77.65937,13.14297],[77.65964,13.14299],[77.65966,13.14327],[77.6597,13.1433],[77.66009,13.1433]]]]}},{"type":"Feature","properties":{"id":"lake-821","name":"Mapped lake/tank"},"geometry":{"type":"MultiPolygon","coordinates":[[[[77.64394,13.10571],[77.64419,13.10552],[77.64451,13.10368],[77.64418,13.10359],[77.64402,13.10328],[77.64381,13.1033],[77.64366,13.10327],[77.64354,13.10309],[77.64329,13.10319],[77.64321,13.10339],[77.64314,13.10345],[77.64236,13.10336],[77.64155,13.10316],[77.6417,13.10372],[77.64174,13.10413],[77.64189,13.10465],[77.6421,13.10522],[77.6422,13.10538],[77.64237,13.10549],[77.64332,13.10567],[77.64394,13.10571]]]]}},{"type":"Feature","properties":{"id":"lake-822","name":"Mapped lake/tank"},"geometry":{"type":"MultiPolygon","coordinates":[[[[77.66677,13.12006],[77.66664,13.11964],[77.66625,13.11962],[77.66598,13.11952],[77.66578,13.11896],[77.66556,13.11859],[77.66523,13.11755],[77.66493,13.11697],[77.66483,13.11653],[77.66471,13.11625],[77.66434,13.11567],[77.66424,13.11538],[77.66385,13.11546],[77.66333,13.1154],[77.66285,13.11554],[77.66304,13.1164],[77.66311,13.11726],[77.66316,13.11804],[77.66312,13.11837],[77.66294,13.11898],[77.66293,13.11919],[77.6631,13.11951],[77.66319,13.11959],[77.66397,13.11926],[77.66481,13.11916],[77.66606,13.11969],[77.6666,13.12003],[77.66677,13.12006]]]]}},{"type":"Feature","properties":{"id":"lake-823","name":"Mapped lake/tank"},"geometry":{"type":"MultiPolygon","coordinates":[[[[77.65018,13.1136],[77.65013,13.1136],[77.64999,13.1137],[77.65008,13.11376],[77.65011,13.11385],[77.65008,13.11417],[77.6509,13.11438],[77.65116,13.11425],[77.65109,13.1141],[77.65084,13.11383],[77.65059,13.11376],[77.65039,13.11364],[77.65018,13.1136]]]]}},{"type":"Feature","properties":{"id":"lake-824","name":"Bengaluru"},"geometry":{"type":"MultiPolygon","coordinates":[[[[77.62604,13.09018],[77.62611,13.09004],[77.62602,13.08894],[77.62597,13.08884],[77.62446,13.08839],[77.62417,13.08825],[77.62389,13.08845],[77.62394,13.08897],[77.62389,13.08949],[77.62348,13.09036],[77.62349,13.09072],[77.62364,13.09064],[77.62387,13.09033],[77.62392,13.09031],[77.62498,13.09039],[77.62537,13.09037],[77.62595,13.09027],[77.62604,13.09018]]]]}},{"type":"Feature","properties":{"id":"lake-825","name":"Mapped lake/tank"},"geometry":{"type":"MultiPolygon","coordinates":[[[[77.66423,13.11535],[77.66396,13.11455],[77.66388,13.11443],[77.66287,13.11461],[77.66278,13.1147],[77.66279,13.11526],[77.66283,13.11545],[77.66301,13.11545],[77.66331,13.11536],[77.66385,13.1154],[77.66423,13.11535]]]]}},{"type":"Feature","properties":{"id":"lake-826","name":"Mapped lake/tank"},"geometry":{"type":"MultiPolygon","coordinates":[[[[77.65378,13.13785],[77.65337,13.13763],[77.6529,13.13749],[77.65271,13.13723],[77.65241,13.13696],[77.65227,13.13693],[77.65177,13.13701],[77.65167,13.13676],[77.6514,13.13674],[77.65114,13.13609],[77.65001,13.13629],[77.64874,13.13679],[77.64842,13.13696],[77.64804,13.13751],[77.64776,13.13806],[77.64726,13.13835],[77.64713,13.13849],[77.64715,13.13888],[77.64726,13.13948],[77.64809,13.13939],[77.64811,13.13918],[77.64866,13.13917],[77.64923,13.13896],[77.64973,13.13904],[77.64978,13.13874],[77.65,13.13869],[77.65104,13.13869],[77.65242,13.13851],[77.65344,13.13845],[77.65347,13.13799],[77.65371,13.13804],[77.65378,13.13785]]]]}},{"type":"Feature","properties":{"id":"lake-827","name":"Mapped lake/tank"},"geometry":{"type":"MultiPolygon","coordinates":[[[[77.66349,13.13815],[77.66298,13.13841],[77.66149,13.13885],[77.65997,13.13899],[77.65923,13.13899],[77.65798,13.13875],[77.65708,13.13876],[77.65674,13.13889],[77.65576,13.13883],[77.65566,13.13876],[77.65567,13.13843],[77.65563,13.13836],[77.65488,13.13816],[77.65446,13.13811],[77.65441,13.13862],[77.6555,13.13924],[77.65607,13.13948],[77.65673,13.13966],[77.65717,13.13959],[77.65775,13.13929],[77.66008,13.13925],[77.66146,13.13914],[77.66263,13.13873],[77.66343,13.13838],[77.66351,13.13829],[77.66349,13.13815]]]]}},{"type":"Feature","properties":{"id":"lake-828","name":"Mapped lake/tank"},"geometry":{"type":"MultiPolygon","coordinates":[[[[77.64803,13.14146],[77.64773,13.14016],[77.64721,13.14021],[77.64752,13.14147],[77.64803,13.14146]]]]}},{"type":"Feature","properties":{"id":"lake-829","name":"Mapped lake/tank"},"geometry":{"type":"MultiPolygon","coordinates":[[[[77.64938,13.14147],[77.65009,13.14155],[77.64992,13.14079],[77.64932,13.14086],[77.64923,13.14034],[77.64891,13.13987],[77.64812,13.14009],[77.6484,13.14123],[77.64922,13.14098],[77.64938,13.14147]]]]}},{"type":"Feature","properties":{"id":"lake-830","name":"Mapped lake/tank"},"geometry":{"type":"MultiPolygon","coordinates":[[[[77.55624,13.11853],[77.55604,13.11839],[77.55576,13.11791],[77.55522,13.11676],[77.55519,13.11637],[77.55486,13.11631],[77.55389,13.11701],[77.55293,13.1175],[77.5528,13.1177],[77.55194,13.11819],[77.55187,13.11826],[77.55253,13.12025],[77.55254,13.12034],[77.55242,13.12062],[77.55243,13.12079],[77.55388,13.12025],[77.55497,13.11945],[77.55579,13.11892],[77.55624,13.11853]]]]}},{"type":"Feature","properties":{"id":"lake-831","name":"Mapped lake/tank"},"geometry":{"type":"MultiPolygon","coordinates":[[[[77.56297,13.11296],[77.56317,13.11343],[77.56414,13.11307],[77.56599,13.11218],[77.56618,13.11198],[77.56557,13.1114],[77.56517,13.11066],[77.56507,13.11009],[77.56513,13.1091],[77.56399,13.10905],[77.56301,13.1091],[77.56189,13.10894],[77.56185,13.10912],[77.56171,13.10938],[77.56088,13.1106],[77.56043,13.11139],[77.56023,13.11161],[77.56015,13.11178],[77.55991,13.11196],[77.55952,13.11213],[77.55942,13.11227],[77.5594,13.11252],[77.55947,13.11275],[77.55992,13.11331],[77.56,13.11347],[77.56072,13.11315],[77.56082,13.11317],[77.56108,13.11344],[77.56114,13.11344],[77.56279,13.11275],[77.56289,13.11278],[77.56297,13.11296]]]]}},{"type":"Feature","properties":{"id":"lake-832","name":"Mapped lake/tank"},"geometry":{"type":"MultiPolygon","coordinates":[[[[77.53876,13.13456],[77.53778,13.13398],[77.53706,13.13344],[77.53696,13.13342],[77.53681,13.13348],[77.53655,13.13368],[77.53657,13.13546],[77.53673,13.13572],[77.5373,13.13555],[77.53768,13.13537],[77.53815,13.13508],[77.53876,13.13456]]]]}},{"type":"Feature","properties":{"id":"lake-833","name":"Mapped lake/tank"},"geometry":{"type":"MultiPolygon","coordinates":[[[[77.53812,13.14774],[77.53822,13.14766],[77.53844,13.14727],[77.5379,13.14734],[77.53782,13.14727],[77.53768,13.1469],[77.53751,13.14694],[77.53744,13.14656],[77.53811,13.14625],[77.53781,13.14564],[77.53775,13.14513],[77.53768,13.14496],[77.53744,13.14465],[77.53722,13.14465],[77.53708,13.14471],[77.53709,13.14506],[77.53702,13.14525],[77.53713,13.14581],[77.53703,13.14591],[77.53702,13.14598],[77.53668,13.14626],[77.53669,13.1473],[77.53676,13.14722],[77.53685,13.14727],[77.53698,13.14751],[77.53697,13.14762],[77.53707,13.14778],[77.53759,13.14797],[77.53775,13.14799],[77.53803,13.14784],[77.53812,13.14774]]]]}},{"type":"Feature","properties":{"id":"lake-834","name":"Mapped lake/tank"},"geometry":{"type":"MultiPolygon","coordinates":[[[[77.56914,13.14176],[77.56917,13.14027],[77.56896,13.13871],[77.56886,13.13839],[77.56877,13.13835],[77.56854,13.13845],[77.56836,13.13893],[77.56813,13.13909],[77.5679,13.13917],[77.56762,13.13915],[77.56703,13.1392],[77.56667,13.13931],[77.56665,13.13939],[77.56676,13.13997],[77.56685,13.14017],[77.56736,13.14028],[77.5679,13.14064],[77.5688,13.14134],[77.56898,13.14175],[77.56914,13.14176]]]]}},{"type":"Feature","properties":{"id":"lake-835","name":"Mapped lake/tank"},"geometry":{"type":"MultiPolygon","coordinates":[[[[77.57926,13.13461],[77.57909,13.13439],[77.57889,13.13444],[77.57748,13.13542],[77.57688,13.13574],[77.57676,13.13585],[77.57656,13.13619],[77.57612,13.13674],[77.57591,13.13729],[77.5756,13.13841],[77.57545,13.14024],[77.57542,13.14036],[77.57501,13.14107],[77.57501,13.14114],[77.57511,13.14124],[77.57733,13.14165],[77.57749,13.14147],[77.57754,13.14128],[77.57749,13.14099],[77.5775,13.1408],[77.57804,13.13972],[77.57815,13.13959],[77.57837,13.13938],[77.57873,13.13916],[77.57937,13.13896],[77.57997,13.13891],[77.5801,13.13878],[77.58019,13.13863],[77.57972,13.138],[77.57881,13.1371],[77.57869,13.13692],[77.57862,13.1367],[77.57863,13.13646],[77.5787,13.13621],[77.57928,13.13488],[77.57926,13.13461]]]]}},{"type":"Feature","properties":{"id":"lake-836","name":"Mapped lake/tank"},"geometry":{"type":"MultiPolygon","coordinates":[[[[77.56185,13.10894],[77.56124,13.10896],[77.56012,13.10931],[77.55986,13.10944],[77.56024,13.11156],[77.56034,13.11145],[77.56085,13.11058],[77.56168,13.10936],[77.56181,13.10911],[77.56185,13.10894]]]]}},{"type":"Feature","properties":{"id":"lake-837","name":"Mapped lake/tank"},"geometry":{"type":"MultiPolygon","coordinates":[[[[77.53844,13.14727],[77.53869,13.14711],[77.53893,13.14706],[77.53877,13.14694],[77.53847,13.14688],[77.53811,13.14625],[77.53744,13.14656],[77.53751,13.14694],[77.5377,13.14691],[77.53787,13.14733],[77.53812,13.14733],[77.53844,13.14727]]]]}},{"type":"Feature","properties":{"id":"lake-838","name":"Mapped lake/tank"},"geometry":{"type":"MultiPolygon","coordinates":[[[[77.54291,13.12967],[77.54306,13.12956],[77.54316,13.12936],[77.54322,13.12932],[77.5436,13.12929],[77.54363,13.12922],[77.54354,13.12881],[77.54355,13.12868],[77.54368,13.12841],[77.54366,13.1282],[77.54354,13.1281],[77.54343,13.12814],[77.54319,13.12836],[77.54305,13.1284],[77.54259,13.12817],[77.54229,13.12811],[77.54216,13.12795],[77.54208,13.12819],[77.5421,13.12898],[77.54206,13.12916],[77.54258,13.12967],[77.54291,13.12967]]]]}},{"type":"Feature","properties":{"id":"lake-839","name":"Mapped lake/tank"},"geometry":{"type":"MultiPolygon","coordinates":[[[[77.53993,13.12406],[77.53969,13.12354],[77.5395,13.12353],[77.53948,13.12361],[77.53922,13.1237],[77.53922,13.12385],[77.53952,13.12439],[77.53966,13.12438],[77.53972,13.12434],[77.53981,13.1241],[77.53993,13.12406]]]]}},{"type":"Feature","properties":{"id":"lake-840","name":"Mapped lake/tank"},"geometry":{"type":"MultiPolygon","coordinates":[[[[77.53804,13.12483],[77.53757,13.12433],[77.53722,13.12438],[77.53721,13.12445],[77.53788,13.1253],[77.53804,13.12483]]]]}},{"type":"Feature","properties":{"id":"lake-841","name":"Mapped lake/tank"},"geometry":{"type":"MultiPolygon","coordinates":[[[[77.5562,13.10365],[77.55572,13.10365],[77.55584,13.10414],[77.5562,13.10365]]]]}},{"type":"Feature","properties":{"id":"lake-842","name":"Bengaluru"},"geometry":{"type":"MultiPolygon","coordinates":[[[[77.61064,13.08354],[77.61049,13.08356],[77.61045,13.08361],[77.61047,13.08376],[77.61055,13.08382],[77.61071,13.08375],[77.61073,13.08365],[77.61064,13.08354]]]]}},{"type":"Feature","properties":{"id":"lake-843","name":"Bengaluru"},"geometry":{"type":"MultiPolygon","coordinates":[[[[77.61024,13.08345],[77.60997,13.08344],[77.60992,13.08353],[77.60998,13.08364],[77.61019,13.08373],[77.61027,13.08364],[77.61024,13.08345]]]]}},{"type":"Feature","properties":{"id":"lake-844","name":"Bengaluru"},"geometry":{"type":"MultiPolygon","coordinates":[[[[77.61064,13.08664],[77.6105,13.0866],[77.61034,13.08662],[77.61023,13.08667],[77.61009,13.08682],[77.61016,13.08715],[77.61035,13.0873],[77.61062,13.08725],[77.61075,13.0871],[77.61081,13.08692],[77.61078,13.0868],[77.61064,13.08664]]]]}},{"type":"Feature","properties":{"id":"lake-845","name":"Mapped lake/tank"},"geometry":{"type":"MultiPolygon","coordinates":[[[[77.70046,13.15057],[77.70054,13.15055],[77.70054,13.15042],[77.70045,13.15005],[77.70011,13.15023],[77.70016,13.15039],[77.70013,13.15055],[77.70046,13.15057]]]]}},{"type":"Feature","properties":{"id":"lake-846","name":"Mapped lake/tank"},"geometry":{"type":"MultiPolygon","coordinates":[[[[77.58243,13.11375],[77.58242,13.11213],[77.58201,13.112],[77.58061,13.11171],[77.58061,13.11126],[77.58077,13.11102],[77.58042,13.11098],[77.58034,13.11115],[77.57998,13.11111],[77.57964,13.11233],[77.57954,13.11384],[77.57973,13.114],[77.57994,13.11401],[77.58019,13.11387],[77.58028,13.11361],[77.5804,13.11356],[77.58155,13.11364],[77.58227,13.11376],[77.58243,13.11375]]]]}},{"type":"Feature","properties":{"id":"lake-847","name":"Mapped lake/tank"},"geometry":{"type":"MultiPolygon","coordinates":[[[[77.69437,13.15079],[77.69446,13.15073],[77.69456,13.1505],[77.6947,13.15045],[77.69489,13.15052],[77.69502,13.15068],[77.69554,13.15061],[77.69562,13.15065],[77.69571,13.1508],[77.69598,13.15077],[77.69595,13.15059],[77.69569,13.15002],[77.69514,13.14906],[77.69509,13.14887],[77.69499,13.14826],[77.69499,13.14757],[77.69511,13.1474],[77.69461,13.1474],[77.6946,13.14779],[77.69455,13.14797],[77.69433,13.14829],[77.69421,13.14838],[77.6936,13.14868],[77.69334,13.14876],[77.69219,13.14896],[77.69179,13.14912],[77.69163,13.14928],[77.6915,13.14932],[77.69163,13.14942],[77.69176,13.14934],[77.69211,13.14936],[77.69253,13.14932],[77.69305,13.14939],[77.69319,13.1495],[77.69342,13.14991],[77.69365,13.15016],[77.69373,13.15092],[77.69419,13.15077],[77.69437,13.15079]]]]}},{"type":"Feature","properties":{"id":"lake-848","name":"Mapped lake/tank"},"geometry":{"type":"MultiPolygon","coordinates":[[[[77.72137,13.17594],[77.72133,13.17219],[77.72115,13.17235],[77.7207,13.17324],[77.72042,13.1736],[77.71951,13.17391],[77.71927,13.17371],[77.71907,13.17372],[77.71858,13.17407],[77.7181,13.17451],[77.71794,13.17452],[77.71772,13.17429],[77.71764,13.17428],[77.71728,13.17474],[77.71863,13.17643],[77.71906,13.17637],[77.7203,13.17608],[77.72058,13.1761],[77.72086,13.17601],[77.72137,13.17594]]]]}},{"type":"Feature","properties":{"id":"lake-849","name":"Mapped lake/tank"},"geometry":{"type":"MultiPolygon","coordinates":[[[[77.69349,13.17235],[77.69306,13.17193],[77.69275,13.17179],[77.69243,13.17141],[77.69201,13.1717],[77.69199,13.17176],[77.69211,13.17201],[77.69252,13.17243],[77.6927,13.17238],[77.69282,13.17248],[77.69327,13.1725],[77.69344,13.17255],[77.69343,13.17248],[77.69349,13.17235]]]]}},{"type":"Feature","properties":{"id":"lake-850","name":"Mapped lake/tank"},"geometry":{"type":"MultiPolygon","coordinates":[[[[77.68789,13.18187],[77.688,13.1817],[77.68906,13.18147],[77.68952,13.18172],[77.69031,13.18158],[77.6906,13.18161],[77.69071,13.18166],[77.69098,13.18196],[77.69104,13.18196],[77.69109,13.18155],[77.69107,13.18119],[77.69002,13.18119],[77.68996,13.18116],[77.68992,13.18106],[77.68992,13.18091],[77.69028,13.17924],[77.69035,13.17819],[77.69046,13.1779],[77.69044,13.17755],[77.69034,13.1773],[77.68961,13.17697],[77.68944,13.17679],[77.68904,13.17681],[77.68891,13.17674],[77.6882,13.17604],[77.68738,13.17601],[77.68734,13.17604],[77.68732,13.17631],[77.6871,13.17632],[77.68698,13.17622],[77.68693,13.17573],[77.68635,13.17553],[77.68618,13.17584],[77.68568,13.17579],[77.68456,13.17548],[77.68446,13.17536],[77.68444,13.17511],[77.68434,13.17499],[77.68416,13.17495],[77.68403,13.17496],[77.6839,13.17509],[77.6834,13.17521],[77.68171,13.1748],[77.68156,13.17488],[77.68142,13.17522],[77.68142,13.17559],[77.68147,13.17591],[77.6816,13.17598],[77.68192,13.17602],[77.68198,13.1761],[77.68201,13.17636],[77.68187,13.17655],[77.68187,13.17668],[77.68319,13.17814],[77.68343,13.1788],[77.68345,13.17894],[77.68338,13.17907],[77.6832,13.17919],[77.68258,13.17944],[77.68314,13.18001],[77.68362,13.18064],[77.68389,13.18067],[77.68394,13.18096],[77.68409,13.18118],[77.68426,13.18166],[77.68438,13.18223],[77.68528,13.18224],[77.68545,13.18227],[77.6856,13.18249],[77.68613,13.18251],[77.68618,13.18249],[77.68618,13.18229],[77.68662,13.18234],[77.68715,13.18226],[77.68722,13.18221],[77.68722,13.18207],[77.68756,13.18197],[77.68761,13.18192],[77.68789,13.18187]]]]}},{"type":"Feature","properties":{"id":"lake-851","name":"Mapped lake/tank"},"geometry":{"type":"MultiPolygon","coordinates":[[[[77.70591,13.1482],[77.70584,13.14774],[77.70579,13.14772],[77.70554,13.14788],[77.7053,13.14778],[77.70528,13.14804],[77.70504,13.14811],[77.70511,13.14824],[77.70523,13.14829],[77.70586,13.1483],[77.70592,13.14826],[77.70591,13.1482]]]]}},{"type":"Feature","properties":{"id":"lake-852","name":"Mapped lake/tank"},"geometry":{"type":"MultiPolygon","coordinates":[[[[77.68092,13.16679],[77.68092,13.16662],[77.68081,13.16657],[77.68061,13.16657],[77.68061,13.16676],[77.6807,13.1669],[77.68089,13.16687],[77.68092,13.16679]]]]}},{"type":"Feature","properties":{"id":"lake-853","name":"Mapped lake/tank"},"geometry":{"type":"MultiPolygon","coordinates":[[[[77.68841,13.15043],[77.68852,13.15033],[77.6885,13.15021],[77.68829,13.1502],[77.68812,13.15025],[77.68821,13.15055],[77.68841,13.15043]]]]}},{"type":"Feature","properties":{"id":"lake-854","name":"Mapped lake/tank"},"geometry":{"type":"MultiPolygon","coordinates":[[[[77.71543,13.18544],[77.71546,13.18537],[77.71537,13.18507],[77.7154,13.18497],[77.71535,13.18471],[77.71532,13.18466],[77.71527,13.18465],[77.71514,13.18471],[77.71514,13.18479],[77.71529,13.18498],[77.71529,13.18511],[77.71538,13.18543],[77.71543,13.18544]]]]}},{"type":"Feature","properties":{"id":"lake-855","name":"Mapped lake/tank"},"geometry":{"type":"MultiPolygon","coordinates":[[[[77.70667,13.14814],[77.70636,13.14819],[77.70637,13.14832],[77.70645,13.14833],[77.70648,13.14848],[77.70654,13.14848],[77.70655,13.14833],[77.70668,13.14823],[77.70667,13.14814]]]]}},{"type":"Feature","properties":{"id":"lake-856","name":"Mapped lake/tank"},"geometry":{"type":"MultiPolygon","coordinates":[[[[77.68795,13.15143],[77.6879,13.1514],[77.68758,13.15139],[77.68753,13.15143],[77.68758,13.15152],[77.68776,13.15159],[77.68785,13.15156],[77.68795,13.15143]]]]}},{"type":"Feature","properties":{"id":"lake-857","name":"Mapped lake/tank"},"geometry":{"type":"MultiPolygon","coordinates":[[[[77.68021,13.1742],[77.68014,13.17407],[77.68014,13.1738],[77.67976,13.17375],[77.67954,13.17387],[77.6792,13.17383],[77.67918,13.17351],[77.67868,13.17336],[77.67858,13.17324],[77.67857,13.17314],[77.67843,13.17316],[77.67825,13.17326],[77.67827,13.17345],[77.67842,13.17368],[77.67842,13.1738],[77.67803,13.17413],[77.67753,13.17437],[77.67745,13.17455],[77.67739,13.17482],[77.67743,13.17551],[77.67819,13.17542],[77.67889,13.1758],[77.67968,13.17604],[77.67995,13.17601],[77.68,13.17593],[77.67995,13.17576],[77.67946,13.17535],[77.6795,13.17523],[77.67984,13.17528],[77.68028,13.1756],[77.68055,13.17573],[77.68066,13.17569],[77.68072,13.17557],[77.68071,13.17538],[77.68059,13.17504],[77.68048,13.17488],[77.68015,13.17474],[77.68011,13.1746],[77.68021,13.1742]]]]}},{"type":"Feature","properties":{"id":"lake-858","name":"Mapped lake/tank"},"geometry":{"type":"MultiPolygon","coordinates":[[[[77.68635,13.17553],[77.68609,13.17527],[77.68582,13.17527],[77.68502,13.17498],[77.68471,13.17498],[77.68452,13.17483],[77.68239,13.1743],[77.68203,13.17415],[77.68142,13.1742],[77.68067,13.17411],[77.68056,13.17412],[77.68042,13.17422],[77.68021,13.1742],[77.68011,13.1746],[77.68015,13.17474],[77.68048,13.17488],[77.68059,13.17504],[77.68071,13.17538],[77.68072,13.17557],[77.68066,13.17569],[77.68055,13.17573],[77.68028,13.1756],[77.67984,13.17528],[77.6795,13.17523],[77.67946,13.17535],[77.67995,13.17576],[77.68,13.17593],[77.67995,13.17601],[77.67968,13.17604],[77.67942,13.17599],[77.67889,13.1758],[77.67819,13.17542],[77.67743,13.17551],[77.67745,13.17588],[77.67792,13.1759],[77.67844,13.17613],[77.67862,13.17632],[77.67883,13.17634],[77.67899,13.17623],[77.67949,13.17632],[77.67953,13.17635],[77.67952,13.17656],[77.67956,13.17666],[77.68069,13.17696],[77.68072,13.17705],[77.68065,13.17776],[77.68068,13.17791],[77.68139,13.17833],[77.68204,13.1783],[77.6824,13.17867],[77.68247,13.17931],[77.68258,13.17944],[77.6832,13.17919],[77.68338,13.17907],[77.68345,13.17894],[77.68343,13.1788],[77.68319,13.17814],[77.68187,13.17668],[77.68187,13.17655],[77.68201,13.17636],[77.68198,13.1761],[77.68192,13.17602],[77.6816,13.17598],[77.68147,13.17591],[77.68142,13.17559],[77.68142,13.17522],[77.68156,13.17488],[77.68171,13.1748],[77.6834,13.17521],[77.6839,13.17509],[77.68403,13.17496],[77.68416,13.17495],[77.68434,13.17499],[77.68444,13.17511],[77.68446,13.17536],[77.68456,13.17548],[77.68568,13.17579],[77.68618,13.17584],[77.68635,13.17553]]]]}},{"type":"Feature","properties":{"id":"lake-859","name":"Mapped lake/tank"},"geometry":{"type":"MultiPolygon","coordinates":[[[[77.67743,13.17551],[77.67739,13.17482],[77.67745,13.17455],[77.67753,13.17437],[77.67803,13.17413],[77.67842,13.1738],[77.67842,13.17368],[77.67827,13.17345],[77.67825,13.17326],[77.67843,13.17316],[77.67857,13.17314],[77.67857,13.1729],[77.67809,13.17286],[77.67771,13.17303],[77.67726,13.17304],[77.67524,13.17254],[77.67527,13.17487],[77.67546,13.17483],[77.67679,13.17485],[77.67684,13.17491],[77.67692,13.17581],[77.67745,13.17588],[77.67743,13.17551]]]]}},{"type":"Feature","properties":{"id":"lake-860","name":"Mapped lake/tank"},"geometry":{"type":"MultiPolygon","coordinates":[[[[77.56001,13.14202],[77.55928,13.14011],[77.55918,13.14006],[77.55899,13.1401],[77.55781,13.14131],[77.55783,13.14145],[77.55832,13.14224],[77.55848,13.14234],[77.55937,13.14232],[77.55983,13.14246],[77.56048,13.14253],[77.56001,13.14202]]]]}},{"type":"Feature","properties":{"id":"lake-861","name":"Mapped lake/tank"},"geometry":{"type":"MultiPolygon","coordinates":[[[[77.68139,13.17833],[77.68229,13.17897],[77.68247,13.17931],[77.6824,13.17867],[77.68204,13.1783],[77.68139,13.17833]]]]}},{"type":"Feature","properties":{"id":"lake-862","name":"Mapped lake/tank"},"geometry":{"type":"MultiPolygon","coordinates":[[[[77.5797,13.11125],[77.57837,13.11085],[77.5772,13.11069],[77.57665,13.11077],[77.57654,13.11075],[77.57617,13.11045],[77.57438,13.11016],[77.57391,13.11021],[77.57256,13.11001],[77.57242,13.11006],[77.57248,13.11034],[77.57276,13.11115],[77.57465,13.11138],[77.57473,13.11165],[77.57499,13.11181],[77.57718,13.1124],[77.57782,13.1126],[77.57843,13.11289],[77.57905,13.11334],[77.57936,13.11338],[77.57942,13.1123],[77.5797,13.11125]]]]}},{"type":"Feature","properties":{"id":"lake-863","name":"Mapped lake/tank"},"geometry":{"type":"MultiPolygon","coordinates":[[[[77.71829,13.1474],[77.71834,13.14737],[77.71842,13.14715],[77.71787,13.14716],[77.7179,13.14748],[77.71795,13.14753],[77.71829,13.1474]]]]}},{"type":"Feature","properties":{"id":"lake-864","name":"Mapped lake/tank"},"geometry":{"type":"MultiPolygon","coordinates":[[[[77.67524,13.17254],[77.67495,13.17229],[77.6747,13.1722],[77.67445,13.17221],[77.67434,13.17232],[77.67417,13.17291],[77.67403,13.17431],[77.67436,13.17464],[77.67459,13.17475],[77.67487,13.17483],[77.67527,13.17487],[77.67524,13.17254]]]]}},{"type":"Feature","properties":{"id":"lake-865","name":"Mapped lake/tank"},"geometry":{"type":"MultiPolygon","coordinates":[[[[77.63072,13.16065],[77.63065,13.16057],[77.6302,13.16058],[77.63015,13.16091],[77.63021,13.1611],[77.63056,13.16115],[77.63076,13.16096],[77.63072,13.16065]]]]}},{"type":"Feature","properties":{"id":"lake-866","name":"Mapped lake/tank"},"geometry":{"type":"MultiPolygon","coordinates":[[[[77.63335,13.17351],[77.63326,13.17346],[77.63304,13.17298],[77.6329,13.17303],[77.63231,13.17305],[77.63213,13.173],[77.63164,13.17297],[77.63116,13.17289],[77.62995,13.17231],[77.62955,13.17217],[77.62918,13.17191],[77.62914,13.17182],[77.62917,13.1747],[77.62984,13.1754],[77.63048,13.17598],[77.63067,13.17634],[77.63085,13.17706],[77.63086,13.17731],[77.63081,13.17806],[77.63064,13.17851],[77.63116,13.17876],[77.63131,13.1784],[77.63135,13.17816],[77.63137,13.17734],[77.63117,13.1761],[77.63119,13.17567],[77.63128,13.17537],[77.63202,13.1742],[77.63247,13.17389],[77.63269,13.17379],[77.63307,13.17372],[77.63335,13.17351]]]]}},{"type":"Feature","properties":{"id":"lake-867","name":"Mapped lake/tank"},"geometry":{"type":"MultiPolygon","coordinates":[[[[77.64328,13.17716],[77.64334,13.17717],[77.64367,13.17703],[77.64463,13.17656],[77.64535,13.17605],[77.64604,13.17574],[77.64747,13.17529],[77.6495,13.17509],[77.6498,13.1751],[77.65101,13.17541],[77.6511,13.17548],[77.65106,13.17591],[77.65143,13.17566],[77.6515,13.17528],[77.65147,13.17522],[77.65058,13.17481],[77.6504,13.17455],[77.65023,13.17402],[77.64998,13.17289],[77.64982,13.17236],[77.64961,13.1707],[77.64948,13.1705],[77.64917,13.17017],[77.64899,13.17015],[77.64896,13.17028],[77.64905,13.1707],[77.64902,13.17076],[77.64848,13.17097],[77.64826,13.17091],[77.64701,13.17158],[77.64583,13.17248],[77.64518,13.17268],[77.6451,13.17264],[77.64468,13.17285],[77.64378,13.1732],[77.6424,13.17366],[77.64163,13.17399],[77.64146,13.17411],[77.64109,13.17424],[77.64084,13.17454],[77.64061,13.17537],[77.64039,13.17598],[77.64027,13.17609],[77.63991,13.17616],[77.6396,13.17616],[77.63946,13.17606],[77.63935,13.17585],[77.6393,13.17522],[77.63912,13.17494],[77.63902,13.17484],[77.63828,13.1748],[77.63809,13.17462],[77.63774,13.17461],[77.6375,13.17466],[77.63686,13.17522],[77.63643,13.17552],[77.63555,13.17573],[77.63707,13.17777],[77.63727,13.17815],[77.63759,13.17849],[77.63805,13.17911],[77.63912,13.17882],[77.63917,13.1785],[77.63923,13.17847],[77.63973,13.17837],[77.6399,13.17829],[77.6402,13.17792],[77.64049,13.17778],[77.64075,13.17774],[77.64097,13.17763],[77.64129,13.17767],[77.64164,13.17757],[77.64173,13.17752],[77.64175,13.1773],[77.64278,13.17705],[77.64328,13.17716]]]]}},{"type":"Feature","properties":{"id":"lake-868","name":"Mapped lake/tank"},"geometry":{"type":"MultiPolygon","coordinates":[[[[77.6268,13.18205],[77.62654,13.18154],[77.62645,13.18151],[77.62498,13.18188],[77.62401,13.18194],[77.62235,13.18242],[77.62214,13.18253],[77.62211,13.18291],[77.62205,13.18299],[77.62177,13.18299],[77.62166,13.18294],[77.62154,13.18268],[77.62144,13.18263],[77.62037,13.18258],[77.62028,13.18265],[77.6202,13.18297],[77.61967,13.18302],[77.61951,13.18311],[77.61948,13.18351],[77.62,13.18366],[77.62011,13.18375],[77.62029,13.18402],[77.62089,13.18433],[77.62094,13.18441],[77.62062,13.18535],[77.62233,13.18533],[77.62241,13.18578],[77.62278,13.18564],[77.62286,13.18565],[77.62291,13.18584],[77.62492,13.1856],[77.62526,13.18583],[77.62575,13.18563],[77.62591,13.18624],[77.62646,13.18633],[77.62638,13.18586],[77.62606,13.18469],[77.62609,13.18335],[77.62623,13.18284],[77.62665,13.18233],[77.6268,13.18205]]]]}},{"type":"Feature","properties":{"id":"lake-869","name":"Mapped lake/tank"},"geometry":{"type":"MultiPolygon","coordinates":[[[[77.61341,13.19253],[77.61355,13.19236],[77.61397,13.19232],[77.61415,13.19225],[77.61427,13.19218],[77.61435,13.19197],[77.61427,13.19155],[77.61392,13.19092],[77.61346,13.1908],[77.61303,13.19085],[77.61281,13.19097],[77.61308,13.19156],[77.61295,13.19213],[77.61297,13.19224],[77.6132,13.19253],[77.61329,13.19256],[77.61341,13.19253]]]]}},{"type":"Feature","properties":{"id":"lake-870","name":"Mapped lake/tank"},"geometry":{"type":"MultiPolygon","coordinates":[[[[77.61282,13.16221],[77.61304,13.16153],[77.61328,13.16131],[77.61349,13.1609],[77.61359,13.1608],[77.61406,13.16065],[77.61519,13.16065],[77.61554,13.16051],[77.61557,13.16],[77.61584,13.15961],[77.61604,13.15945],[77.61585,13.15855],[77.61571,13.1585],[77.61517,13.15865],[77.61494,13.15865],[77.61488,13.15861],[77.61479,13.15829],[77.61473,13.15823],[77.61461,13.15817],[77.61443,13.15816],[77.61429,13.15827],[77.61382,13.159],[77.61349,13.15912],[77.61318,13.15904],[77.61307,13.15908],[77.613,13.16007],[77.61294,13.16021],[77.6127,13.16036],[77.61246,13.16066],[77.6124,13.16139],[77.61216,13.16212],[77.61217,13.16223],[77.61249,13.16231],[77.61267,13.16231],[77.61282,13.16221]]]]}},{"type":"Feature","properties":{"id":"lake-871","name":"Mapped lake/tank"},"geometry":{"type":"MultiPolygon","coordinates":[[[[77.62617,13.16476],[77.62654,13.16471],[77.62669,13.16464],[77.62705,13.16433],[77.62755,13.16411],[77.62761,13.16382],[77.62767,13.16373],[77.62818,13.16358],[77.62826,13.16352],[77.62722,13.16222],[77.62678,13.16256],[77.62637,13.16258],[77.62627,13.16263],[77.62576,13.16348],[77.62575,13.1636],[77.62588,13.16386],[77.62586,13.16406],[77.62556,13.16458],[77.62575,13.16474],[77.62617,13.16476]]]]}},{"type":"Feature","properties":{"id":"lake-872","name":"Mapped lake/tank"},"geometry":{"type":"MultiPolygon","coordinates":[[[[77.59641,13.16398],[77.59638,13.16385],[77.59629,13.1638],[77.59611,13.16383],[77.59597,13.16395],[77.59604,13.16413],[77.59609,13.16416],[77.59634,13.16409],[77.59641,13.16398]]]]}},{"type":"Feature","properties":{"id":"lake-873","name":"Mapped lake/tank"},"geometry":{"type":"MultiPolygon","coordinates":[[[[77.54002,13.17065],[77.54051,13.17042],[77.54064,13.17015],[77.54061,13.16982],[77.5405,13.16953],[77.54039,13.16945],[77.54024,13.1689],[77.5402,13.16854],[77.53997,13.16861],[77.53979,13.16884],[77.53964,13.16896],[77.53903,13.16923],[77.53851,13.16924],[77.53826,13.16917],[77.53797,13.16901],[77.53783,13.16897],[77.53791,13.16914],[77.53811,13.16934],[77.53855,13.16968],[77.53908,13.16998],[77.53968,13.1707],[77.53988,13.1707],[77.54002,13.17065]]]]}},{"type":"Feature","properties":{"id":"lake-874","name":"Mapped lake/tank"},"geometry":{"type":"MultiPolygon","coordinates":[[[[77.55571,13.19084],[77.5557,13.19036],[77.5559,13.19021],[77.55615,13.19008],[77.55635,13.19005],[77.55688,13.19013],[77.55699,13.19008],[77.55736,13.18976],[77.5572,13.18957],[77.55776,13.18912],[77.55796,13.18903],[77.55822,13.18912],[77.55839,13.18911],[77.55876,13.18883],[77.55913,13.18839],[77.55889,13.18738],[77.55764,13.18767],[77.55769,13.1878],[77.55702,13.18788],[77.55677,13.18776],[77.55639,13.18766],[77.55599,13.18696],[77.55592,13.18624],[77.55568,13.18624],[77.55565,13.1861],[77.55556,13.18595],[77.55563,13.18463],[77.5559,13.18461],[77.55582,13.18272],[77.5557,13.18181],[77.55562,13.18179],[77.55527,13.18213],[77.55382,13.18328],[77.55312,13.18395],[77.55275,13.18454],[77.55243,13.18488],[77.55265,13.18513],[77.55267,13.18527],[77.55264,13.18547],[77.5524,13.18584],[77.55242,13.18602],[77.55254,13.18609],[77.55248,13.18626],[77.55237,13.1864],[77.55202,13.18642],[77.55189,13.18661],[77.55202,13.18667],[77.55213,13.18687],[77.5533,13.18667],[77.5538,13.18641],[77.55416,13.1863],[77.55476,13.18629],[77.555,13.18636],[77.55516,13.18649],[77.55547,13.18687],[77.55559,13.18709],[77.55571,13.18719],[77.5558,13.18738],[77.55569,13.1876],[77.55574,13.18808],[77.55576,13.18898],[77.55583,13.18934],[77.55569,13.18953],[77.55535,13.19046],[77.55546,13.19098],[77.55557,13.19123],[77.55571,13.19123],[77.55571,13.19084]]]]}},{"type":"Feature","properties":{"id":"lake-875","name":"Mapped lake/tank"},"geometry":{"type":"MultiPolygon","coordinates":[[[[77.57519,13.16407],[77.57501,13.1626],[77.57465,13.16107],[77.57439,13.15952],[77.5744,13.15793],[77.57431,13.1574],[77.57457,13.15643],[77.57466,13.15592],[77.57492,13.1559],[77.57501,13.15583],[77.57515,13.15557],[77.57523,13.15516],[77.57532,13.15502],[77.576,13.15487],[77.57605,13.15475],[77.57606,13.15432],[77.57556,13.15443],[77.57445,13.1545],[77.57403,13.15449],[77.57338,13.15439],[77.57295,13.15427],[77.57169,13.15379],[77.57128,13.15357],[77.57106,13.15337],[77.57075,13.15358],[77.5707,13.15367],[77.57083,13.15389],[77.5711,13.15415],[77.57126,13.15438],[77.57125,13.15483],[77.57138,13.15539],[77.57149,13.15612],[77.57144,13.15639],[77.57101,13.15768],[77.57076,13.15811],[77.57047,13.15842],[77.56986,13.15877],[77.56945,13.15894],[77.56921,13.15956],[77.56856,13.16035],[77.56822,13.16091],[77.56791,13.16153],[77.56782,13.1621],[77.56756,13.16251],[77.56752,13.16291],[77.56758,13.16369],[77.56754,13.16434],[77.56769,13.16483],[77.56793,13.1653],[77.56788,13.16574],[77.56792,13.16637],[77.56803,13.16678],[77.56806,13.16732],[77.56817,13.16761],[77.56828,13.16774],[77.56843,13.1678],[77.56947,13.16773],[77.57162,13.16729],[77.57239,13.16708],[77.57302,13.16685],[77.57342,13.16658],[77.57375,13.16619],[77.57484,13.1645],[77.57519,13.16407]]]]}},{"type":"Feature","properties":{"id":"lake-876","name":"Mapped lake/tank"},"geometry":{"type":"MultiPolygon","coordinates":[[[[77.5409,13.19259],[77.54113,13.1921],[77.54136,13.19183],[77.54166,13.19127],[77.54217,13.19152],[77.54234,13.19151],[77.54268,13.19165],[77.54277,13.19163],[77.54283,13.19132],[77.54294,13.19127],[77.54285,13.19052],[77.54295,13.19044],[77.5438,13.1906],[77.54389,13.19003],[77.54294,13.19001],[77.54254,13.18994],[77.54233,13.18985],[77.54218,13.1897],[77.54201,13.1897],[77.54168,13.18979],[77.54124,13.18977],[77.54041,13.18956],[77.54026,13.18978],[77.54025,13.18987],[77.54053,13.19031],[77.54091,13.19131],[77.54091,13.19178],[77.5407,13.19258],[77.54078,13.19264],[77.5409,13.19259]]]]}},{"type":"Feature","properties":{"id":"lake-877","name":"Mapped lake/tank"},"geometry":{"type":"MultiPolygon","coordinates":[[[[77.54484,13.16635],[77.5447,13.16606],[77.54471,13.16598],[77.54493,13.16575],[77.54482,13.16532],[77.54462,13.16502],[77.54431,13.16487],[77.5442,13.16477],[77.54403,13.16401],[77.54392,13.16383],[77.54368,13.16372],[77.54364,13.16352],[77.54318,13.16358],[77.5426,13.16377],[77.54196,13.16382],[77.54161,13.16393],[77.54151,13.1639],[77.5414,13.16361],[77.54076,13.16382],[77.54088,13.1642],[77.54133,13.16434],[77.54199,13.16467],[77.54224,13.16486],[77.54263,13.16527],[77.54263,13.16544],[77.54242,13.16573],[77.54237,13.16587],[77.54242,13.16595],[77.54264,13.166],[77.54306,13.16596],[77.54305,13.16584],[77.54279,13.16529],[77.54332,13.16497],[77.54343,13.16495],[77.54385,13.16582],[77.54418,13.16577],[77.54458,13.16645],[77.54484,13.16635]]]]}},{"type":"Feature","properties":{"id":"lake-878","name":"Mapped lake/tank"},"geometry":{"type":"MultiPolygon","coordinates":[[[[77.54339,13.15798],[77.54352,13.15788],[77.54364,13.15725],[77.54376,13.15714],[77.54437,13.15688],[77.54451,13.15674],[77.54451,13.15656],[77.54442,13.15655],[77.54431,13.15669],[77.5442,13.15674],[77.54354,13.15685],[77.54328,13.15676],[77.54289,13.15642],[77.54281,13.15642],[77.5426,13.1566],[77.54214,13.15659],[77.54194,13.15667],[77.54193,13.15673],[77.54199,13.15677],[77.54247,13.15688],[77.54247,13.15698],[77.542,13.1574],[77.54184,13.15769],[77.54223,13.15759],[77.5424,13.1576],[77.54279,13.15775],[77.54303,13.15802],[77.54323,13.15804],[77.54339,13.15798]]]]}},{"type":"Feature","properties":{"id":"lake-879","name":"Mapped lake/tank"},"geometry":{"type":"MultiPolygon","coordinates":[[[[77.54361,13.15087],[77.54355,13.15076],[77.54334,13.15063],[77.54295,13.15013],[77.54227,13.14992],[77.54169,13.14981],[77.54176,13.14996],[77.54178,13.15017],[77.54172,13.15054],[77.5415,13.15109],[77.54129,13.15134],[77.5413,13.15152],[77.54126,13.15163],[77.54138,13.15161],[77.5415,13.1514],[77.54215,13.15099],[77.54246,13.15089],[77.54273,13.15082],[77.54345,13.15089],[77.54361,13.15087]]]]}},{"type":"Feature","properties":{"id":"lake-880","name":"Mapped lake/tank"},"geometry":{"type":"MultiPolygon","coordinates":[[[[77.55259,13.16389],[77.5527,13.16306],[77.55254,13.16284],[77.55234,13.16273],[77.55215,13.16269],[77.55167,13.16284],[77.55145,13.16283],[77.55107,13.1627],[77.55086,13.16269],[77.54963,13.16281],[77.54934,13.16288],[77.54922,13.16322],[77.5491,13.1642],[77.55029,13.16424],[77.55046,13.16421],[77.55064,13.16402],[77.55067,13.16392],[77.55061,13.16386],[77.55034,13.16378],[77.55035,13.16369],[77.55044,13.16356],[77.55055,13.16351],[77.55115,13.16347],[77.5515,13.16352],[77.55166,13.16355],[77.55189,13.16369],[77.55244,13.1639],[77.55259,13.16389]]]]}},{"type":"Feature","properties":{"id":"lake-881","name":"Mapped lake/tank"},"geometry":{"type":"MultiPolygon","coordinates":[[[[77.57105,13.18022],[77.57097,13.17984],[77.57086,13.17964],[77.57078,13.17957],[77.57051,13.17948],[77.57024,13.18028],[77.57011,13.1809],[77.57093,13.18085],[77.57114,13.18093],[77.57119,13.18077],[77.57105,13.18022]]]]}},{"type":"Feature","properties":{"id":"lake-882","name":"Mapped lake/tank"},"geometry":{"type":"MultiPolygon","coordinates":[[[[77.56316,13.16282],[77.56318,13.16248],[77.56335,13.16174],[77.56359,13.16125],[77.5639,13.16087],[77.56389,13.16078],[77.56285,13.16111],[77.56198,13.16114],[77.56187,13.16133],[77.56181,13.16187],[77.56185,13.16245],[77.56226,13.16281],[77.56291,13.16285],[77.563,13.16305],[77.56317,13.16307],[77.56316,13.16282]]]]}},{"type":"Feature","properties":{"id":"lake-883","name":"Mapped lake/tank"},"geometry":{"type":"MultiPolygon","coordinates":[[[[77.55648,13.17661],[77.55687,13.17654],[77.55694,13.17649],[77.55694,13.1764],[77.55652,13.17628],[77.55644,13.1762],[77.55635,13.17594],[77.55616,13.17589],[77.5561,13.17598],[77.55615,13.17636],[77.55624,13.17648],[77.55648,13.17661]]]]}},{"type":"Feature","properties":{"id":"lake-884","name":"Mapped lake/tank"},"geometry":{"type":"MultiPolygon","coordinates":[[[[77.54559,13.15535],[77.54555,13.15507],[77.54517,13.15516],[77.54488,13.15515],[77.54488,13.1556],[77.54506,13.15569],[77.54533,13.15569],[77.54555,13.15549],[77.54559,13.15535]]]]}},{"type":"Feature","properties":{"id":"lake-885","name":"Mapped lake/tank"},"geometry":{"type":"MultiPolygon","coordinates":[[[[77.54975,13.16983],[77.55011,13.16968],[77.55015,13.16957],[77.5498,13.16887],[77.54965,13.16885],[77.54954,13.16889],[77.54945,13.16898],[77.54934,13.16934],[77.54936,13.16948],[77.54955,13.16978],[77.5496,13.16984],[77.54975,13.16983]]]]}},{"type":"Feature","properties":{"id":"lake-886","name":"Mapped lake/tank"},"geometry":{"type":"MultiPolygon","coordinates":[[[[77.53714,13.16438],[77.537,13.16375],[77.53703,13.16315],[77.53685,13.16284],[77.53687,13.16446],[77.53714,13.16438]]]]}},{"type":"Feature","properties":{"id":"lake-887","name":"Mapped lake/tank"},"geometry":{"type":"MultiPolygon","coordinates":[[[[77.54812,13.15566],[77.54824,13.15551],[77.5483,13.15522],[77.54828,13.15464],[77.54831,13.15422],[77.54839,13.15391],[77.54883,13.15396],[77.54891,13.15394],[77.54894,13.15386],[77.54894,13.15355],[77.54888,13.1534],[77.54877,13.15334],[77.54844,13.1534],[77.54821,13.15359],[77.54745,13.15433],[77.54711,13.15473],[77.5474,13.15515],[77.54766,13.15568],[77.54782,13.1558],[77.54797,13.15581],[77.54812,13.15566]]]]}},{"type":"Feature","properties":{"id":"lake-888","name":"Mapped lake/tank"},"geometry":{"type":"MultiPolygon","coordinates":[[[[77.54114,13.16011],[77.54066,13.15969],[77.5405,13.15972],[77.54047,13.15978],[77.54037,13.15982],[77.5403,13.15994],[77.54018,13.16049],[77.5402,13.16065],[77.54024,13.16067],[77.54114,13.16011]]]]}},{"type":"Feature","properties":{"id":"lake-889","name":"Mapped lake/tank"},"geometry":{"type":"MultiPolygon","coordinates":[[[[77.53752,13.19408],[77.53792,13.19389],[77.53793,13.19384],[77.53791,13.19373],[77.5378,13.19356],[77.53744,13.19312],[77.53716,13.19341],[77.53717,13.19414],[77.53752,13.19408]]]]}},{"type":"Feature","properties":{"id":"lake-890","name":"Mapped lake/tank"},"geometry":{"type":"MultiPolygon","coordinates":[[[[77.62914,13.17182],[77.62826,13.17145],[77.6278,13.17135],[77.62759,13.17141],[77.62745,13.17152],[77.62731,13.17182],[77.62719,13.17212],[77.62716,13.17242],[77.62734,13.1727],[77.62759,13.17293],[77.62744,13.17315],[77.62917,13.1747],[77.62914,13.17182]]]]}},{"type":"Feature","properties":{"id":"lake-891","name":"Mapped lake/tank"},"geometry":{"type":"MultiPolygon","coordinates":[[[[77.61807,13.19279],[77.61781,13.19295],[77.61734,13.19337],[77.61873,13.19336],[77.61865,13.19298],[77.61859,13.1929],[77.61828,13.19274],[77.61807,13.19279]]]]}},{"type":"Feature","properties":{"id":"lake-892","name":"Mapped lake/tank"},"geometry":{"type":"MultiPolygon","coordinates":[[[[77.59406,13.18765],[77.59476,13.18749],[77.59481,13.18748],[77.59482,13.1874],[77.59462,13.18609],[77.59421,13.18543],[77.5941,13.18507],[77.5941,13.18473],[77.59426,13.18379],[77.59419,13.18354],[77.59414,13.18347],[77.59401,13.18341],[77.5937,13.18358],[77.59325,13.18374],[77.59304,13.18378],[77.59255,13.18373],[77.592,13.18347],[77.59189,13.18336],[77.59174,13.183],[77.59165,13.18294],[77.59157,13.18295],[77.59143,13.18309],[77.59155,13.18331],[77.59164,13.1837],[77.59163,13.18405],[77.59156,13.18424],[77.59127,13.18441],[77.59125,13.18485],[77.59139,13.18539],[77.59135,13.18579],[77.59148,13.18581],[77.59169,13.18655],[77.59232,13.18652],[77.59251,13.18655],[77.59309,13.18707],[77.59374,13.18749],[77.59406,13.18765]]]]}},{"type":"Feature","properties":{"id":"lake-893","name":"Mapped lake/tank"},"geometry":{"type":"MultiPolygon","coordinates":[[[[77.59064,13.17359],[77.5912,13.17337],[77.59115,13.17322],[77.59148,13.17312],[77.59127,13.1724],[77.59105,13.17135],[77.59151,13.17121],[77.59167,13.17111],[77.5913,13.17023],[77.59125,13.16963],[77.5914,13.16938],[77.59128,13.16913],[77.59113,13.1691],[77.59087,13.16917],[77.59059,13.16917],[77.59053,13.16911],[77.59037,13.1686],[77.58986,13.16872],[77.58929,13.16881],[77.58813,13.16886],[77.58772,13.16882],[77.58567,13.1683],[77.58513,13.16806],[77.58466,13.16771],[77.58452,13.16772],[77.5845,13.16784],[77.58495,13.16876],[77.58499,13.16904],[77.58492,13.1694],[77.58425,13.17036],[77.58414,13.17065],[77.58416,13.17078],[77.58422,13.17082],[77.58521,13.17094],[77.58581,13.17107],[77.58594,13.17103],[77.58601,13.17092],[77.58612,13.17086],[77.5866,13.17092],[77.58683,13.17138],[77.58698,13.17147],[77.58813,13.17191],[77.58823,13.17215],[77.58874,13.17199],[77.58881,13.17208],[77.58906,13.17268],[77.58925,13.17262],[77.58943,13.17306],[77.58994,13.17287],[77.59005,13.17306],[77.58966,13.17322],[77.58997,13.17384],[77.59064,13.17359]]]]}},{"type":"Feature","properties":{"id":"lake-894","name":"Mapped lake/tank"},"geometry":{"type":"MultiPolygon","coordinates":[[[[77.59915,13.15448],[77.59921,13.15389],[77.59913,13.15308],[77.59918,13.15298],[77.59949,13.15291],[77.59932,13.15224],[77.59882,13.15256],[77.59855,13.15265],[77.59776,13.15274],[77.59664,13.15265],[77.59702,13.15362],[77.59717,13.15363],[77.59733,13.15377],[77.59744,13.1538],[77.59785,13.15381],[77.59789,13.15392],[77.59787,13.15406],[77.59773,13.15407],[77.59767,13.15417],[77.59772,13.15427],[77.59794,13.15443],[77.59805,13.15444],[77.59825,13.15417],[77.59833,13.15411],[77.59838,13.1544],[77.59861,13.15433],[77.59862,13.15458],[77.59874,13.15465],[77.59871,13.15485],[77.59875,13.15505],[77.59891,13.15503],[77.59896,13.15498],[77.59902,13.15487],[77.59903,13.15458],[77.59909,13.15449],[77.59915,13.15448]]]]}},{"type":"Feature","properties":{"id":"lake-895","name":"Mapped lake/tank"},"geometry":{"type":"MultiPolygon","coordinates":[[[[77.5847,13.15769],[77.585,13.15761],[77.58557,13.15757],[77.58594,13.15746],[77.58611,13.15751],[77.58625,13.15775],[77.58647,13.15773],[77.58652,13.15759],[77.58635,13.15741],[77.58537,13.15697],[77.58515,13.15682],[77.585,13.1567],[77.58488,13.15638],[77.58435,13.15637],[77.58431,13.15632],[77.58428,13.15598],[77.58419,13.15584],[77.58366,13.15523],[77.58349,13.15527],[77.58346,13.15532],[77.58369,13.15602],[77.58407,13.15691],[77.58391,13.15782],[77.58423,13.15784],[77.5847,13.15769]]]]}},{"type":"Feature","properties":{"id":"lake-896","name":"Mapped lake/tank"},"geometry":{"type":"MultiPolygon","coordinates":[[[[77.5993,13.16118],[77.59947,13.1612],[77.5995,13.16105],[77.59943,13.16094],[77.59898,13.1608],[77.59869,13.16084],[77.5987,13.16115],[77.59879,13.16125],[77.59891,13.16127],[77.59918,13.16116],[77.5993,13.16118]]]]}},{"type":"Feature","properties":{"id":"lake-897","name":"Mapped lake/tank"},"geometry":{"type":"MultiPolygon","coordinates":[[[[77.56118,13.17233],[77.5607,13.17222],[77.56054,13.17229],[77.56047,13.17241],[77.56047,13.17271],[77.56082,13.17301],[77.5611,13.17305],[77.56117,13.17282],[77.56118,13.17233]]]]}},{"type":"Feature","properties":{"id":"lake-898","name":"Mapped lake/tank"},"geometry":{"type":"MultiPolygon","coordinates":[[[[77.59913,13.15466],[77.59915,13.15448],[77.59909,13.15449],[77.59903,13.15458],[77.59902,13.15487],[77.59896,13.15498],[77.59891,13.15503],[77.59875,13.15505],[77.59871,13.15485],[77.59874,13.15465],[77.59862,13.15458],[77.59861,13.15433],[77.59838,13.1544],[77.59833,13.15411],[77.59825,13.15417],[77.59805,13.15444],[77.59794,13.15443],[77.59772,13.15427],[77.59767,13.15417],[77.59773,13.15407],[77.59787,13.15406],[77.59789,13.15392],[77.59785,13.15381],[77.59744,13.1538],[77.59733,13.15377],[77.59717,13.15363],[77.59702,13.15362],[77.59764,13.155],[77.59775,13.15534],[77.59788,13.15553],[77.59805,13.15566],[77.59846,13.15578],[77.59868,13.15574],[77.59888,13.15544],[77.59902,13.15513],[77.59913,13.15466]]]]}},{"type":"Feature","properties":{"id":"lake-899","name":"Mapped lake/tank"},"geometry":{"type":"MultiPolygon","coordinates":[[[[77.50607,13.10768],[77.5059,13.10778],[77.5059,13.1079],[77.50611,13.1093],[77.50611,13.10976],[77.50607,13.10984],[77.50675,13.10987],[77.50792,13.11007],[77.50829,13.10941],[77.50836,13.1091],[77.50832,13.10896],[77.50763,13.10863],[77.50747,13.10835],[77.5073,13.10817],[77.50708,13.10804],[77.50682,13.10795],[77.50666,13.10774],[77.50615,13.10774],[77.50607,13.10768]]]]}},{"type":"Feature","properties":{"id":"lake-900","name":"Mapped lake/tank"},"geometry":{"type":"MultiPolygon","coordinates":[[[[77.50181,13.1172],[77.50143,13.11725],[77.50149,13.11752],[77.50147,13.11768],[77.5012,13.11915],[77.50173,13.11895],[77.50193,13.11861],[77.50201,13.11759],[77.50203,13.11748],[77.50211,13.11738],[77.50188,13.1173],[77.50181,13.1172]]]]}},{"type":"Feature","properties":{"id":"lake-901","name":"Mapped lake/tank"},"geometry":{"type":"MultiPolygon","coordinates":[[[[77.50249,13.11872],[77.50257,13.11864],[77.50266,13.11823],[77.50254,13.11802],[77.50243,13.11739],[77.5022,13.11737],[77.50211,13.11741],[77.50206,13.11749],[77.50199,13.11796],[77.502,13.11846],[77.50187,13.11879],[77.50207,13.11881],[77.50218,13.11889],[77.50249,13.11872]]]]}},{"type":"Feature","properties":{"id":"lake-902","name":"Mapped lake/tank"},"geometry":{"type":"MultiPolygon","coordinates":[[[[77.50347,13.11735],[77.50246,13.11738],[77.50256,13.11801],[77.50269,13.11827],[77.50297,13.11829],[77.50339,13.11818],[77.50353,13.11746],[77.50347,13.11735]]]]}},{"type":"Feature","properties":{"id":"lake-903","name":"Mapped lake/tank"},"geometry":{"type":"MultiPolygon","coordinates":[[[[77.53409,13.11008],[77.53398,13.11018],[77.53365,13.1103],[77.53339,13.11032],[77.53327,13.11062],[77.5332,13.11064],[77.53297,13.11061],[77.5328,13.11039],[77.53303,13.11124],[77.53324,13.11157],[77.53388,13.11185],[77.534,13.11186],[77.53415,13.11183],[77.5344,13.11167],[77.53454,13.11153],[77.53477,13.11123],[77.53492,13.11075],[77.53483,13.1106],[77.53467,13.1106],[77.5346,13.11054],[77.53447,13.11002],[77.53409,13.11008]]]]}},{"type":"Feature","properties":{"id":"lake-904","name":"Mapped lake/tank"},"geometry":{"type":"MultiPolygon","coordinates":[[[[77.53307,13.11136],[77.533,13.11125],[77.5328,13.11057],[77.53275,13.11013],[77.53247,13.11011],[77.5322,13.11003],[77.53205,13.10989],[77.53193,13.10964],[77.53183,13.10957],[77.53131,13.10941],[77.53118,13.10944],[77.53112,13.10961],[77.5312,13.10973],[77.53174,13.11005],[77.53189,13.11023],[77.53221,13.11047],[77.5322,13.11102],[77.53207,13.11174],[77.53222,13.11185],[77.53229,13.11185],[77.53247,13.11168],[77.53266,13.11168],[77.53276,13.11154],[77.53307,13.11136]]]]}},{"type":"Feature","properties":{"id":"lake-905","name":"Mapped lake/tank"},"geometry":{"type":"MultiPolygon","coordinates":[[[[77.52803,13.11574],[77.5281,13.11572],[77.52801,13.11515],[77.52782,13.11495],[77.52768,13.11447],[77.52745,13.11393],[77.52693,13.11374],[77.5266,13.11386],[77.52651,13.11397],[77.5265,13.1141],[77.5266,13.11445],[77.52626,13.11464],[77.52605,13.11491],[77.52596,13.11517],[77.52539,13.11571],[77.52501,13.11584],[77.525,13.11599],[77.52509,13.11609],[77.52566,13.11602],[77.52629,13.11553],[77.52677,13.11539],[77.52708,13.11543],[77.52775,13.11541],[77.52783,13.11552],[77.52787,13.11572],[77.52803,13.11574]]]]}},{"type":"Feature","properties":{"id":"lake-906","name":"Mapped lake/tank"},"geometry":{"type":"MultiPolygon","coordinates":[[[[77.52283,13.12544],[77.52336,13.12505],[77.52397,13.12487],[77.52418,13.12475],[77.52424,13.12463],[77.52417,13.12408],[77.52444,13.12379],[77.5244,13.12354],[77.52457,13.12334],[77.52451,13.12272],[77.52436,13.12213],[77.52424,13.12193],[77.52371,13.12212],[77.52314,13.12211],[77.52306,13.12257],[77.52306,13.12302],[77.52288,13.1235],[77.52295,13.12433],[77.52293,13.12473],[77.5228,13.12512],[77.52268,13.12533],[77.52268,13.12541],[77.52283,13.12544]]]]}},{"type":"Feature","properties":{"id":"lake-907","name":"Mapped lake/tank"},"geometry":{"type":"MultiPolygon","coordinates":[[[[77.51959,13.13372],[77.52028,13.13328],[77.52135,13.1329],[77.52249,13.13226],[77.52294,13.13218],[77.52324,13.13221],[77.52348,13.13218],[77.52341,13.13175],[77.52324,13.13154],[77.52324,13.13127],[77.52337,13.13101],[77.52344,13.13075],[77.52353,13.13067],[77.52385,13.13062],[77.52397,13.13054],[77.52401,13.13017],[77.52417,13.13009],[77.52422,13.12994],[77.52418,13.12981],[77.52421,13.12955],[77.52412,13.12911],[77.5239,13.1291],[77.52383,13.12858],[77.52356,13.12822],[77.52336,13.12813],[77.5232,13.12816],[77.52246,13.12839],[77.52206,13.12857],[77.52185,13.1286],[77.52164,13.12871],[77.52161,13.12878],[77.5217,13.12902],[77.52165,13.12913],[77.52086,13.12953],[77.52063,13.1296],[77.52033,13.12968],[77.51983,13.12974],[77.51967,13.1298],[77.51909,13.12987],[77.51862,13.12978],[77.5184,13.12979],[77.5183,13.12985],[77.51821,13.12998],[77.51853,13.13013],[77.51923,13.1306],[77.51946,13.1307],[77.51976,13.13117],[77.5198,13.1313],[77.51979,13.13195],[77.51983,13.1322],[77.51976,13.13269],[77.51918,13.13357],[77.51878,13.13391],[77.5188,13.13404],[77.51887,13.13414],[77.51896,13.13411],[77.51959,13.13372]]]]}},{"type":"Feature","properties":{"id":"lake-908","name":"Mapped lake/tank"},"geometry":{"type":"MultiPolygon","coordinates":[[[[77.53255,13.14513],[77.53239,13.14498],[77.53192,13.14493],[77.53191,13.14548],[77.53198,13.14563],[77.53216,13.14559],[77.53226,13.14569],[77.53242,13.14564],[77.53246,13.14559],[77.53242,13.1452],[77.53255,13.14513]]]]}},{"type":"Feature","properties":{"id":"lake-909","name":"Mapped lake/tank"},"geometry":{"type":"MultiPolygon","coordinates":[[[[77.53209,13.14638],[77.53229,13.14621],[77.53229,13.14606],[77.5322,13.14596],[77.53203,13.14598],[77.53191,13.14609],[77.53192,13.14639],[77.53209,13.14638]]]]}},{"type":"Feature","properties":{"id":"lake-910","name":"Mapped lake/tank"},"geometry":{"type":"MultiPolygon","coordinates":[[[[77.53668,13.14626],[77.53647,13.14639],[77.53602,13.14633],[77.53573,13.14635],[77.53563,13.14648],[77.53562,13.14655],[77.53583,13.14684],[77.53592,13.14682],[77.53644,13.14701],[77.53662,13.14717],[77.53669,13.1473],[77.53668,13.14626]]]]}},{"type":"Feature","properties":{"id":"lake-911","name":"Mapped lake/tank"},"geometry":{"type":"MultiPolygon","coordinates":[[[[77.52775,13.13102],[77.52911,13.13046],[77.52939,13.13039],[77.53067,13.13041],[77.53058,13.12973],[77.53046,13.12925],[77.53041,13.12922],[77.53015,13.12934],[77.52984,13.12943],[77.52971,13.12942],[77.52963,13.12936],[77.52957,13.12908],[77.5295,13.12899],[77.52933,13.12888],[77.52891,13.12877],[77.52867,13.12861],[77.52843,13.12829],[77.5283,13.12804],[77.52794,13.12807],[77.5279,13.12813],[77.52838,13.12887],[77.52845,13.1291],[77.52824,13.13032],[77.52759,13.13056],[77.52732,13.13071],[77.52755,13.13111],[77.52775,13.13102]]]]}},{"type":"Feature","properties":{"id":"lake-912","name":"Mapped lake/tank"},"geometry":{"type":"MultiPolygon","coordinates":[[[[77.50541,13.13992],[77.50535,13.13955],[77.50531,13.13951],[77.50523,13.13869],[77.50514,13.13841],[77.50515,13.13796],[77.5051,13.13757],[77.50513,13.13731],[77.50524,13.13711],[77.50576,13.13574],[77.50622,13.13507],[77.50683,13.1338],[77.50691,13.13338],[77.50693,13.13286],[77.50674,13.13267],[77.50665,13.13252],[77.50667,13.13236],[77.50675,13.13229],[77.50678,13.13213],[77.50668,13.13192],[77.5064,13.13199],[77.50632,13.1318],[77.50587,13.13198],[77.50561,13.13168],[77.50555,13.13177],[77.50496,13.13228],[77.50493,13.13238],[77.50505,13.13262],[77.50427,13.13297],[77.50374,13.13334],[77.5029,13.13369],[77.50254,13.13378],[77.50236,13.1337],[77.50169,13.13309],[77.50142,13.13254],[77.5013,13.13241],[77.50105,13.13237],[77.50087,13.13243],[77.50079,13.13254],[77.50075,13.13273],[77.50112,13.13446],[77.50142,13.135],[77.50158,13.13547],[77.50181,13.13581],[77.50182,13.13605],[77.50152,13.13737],[77.50118,13.1377],[77.50101,13.13794],[77.50071,13.13816],[77.50034,13.13823],[77.49992,13.13819],[77.49928,13.13836],[77.49898,13.13838],[77.49886,13.13831],[77.49785,13.13817],[77.49764,13.13806],[77.49725,13.13804],[77.49659,13.13774],[77.49636,13.1377],[77.49609,13.13768],[77.49556,13.13784],[77.49523,13.13786],[77.49475,13.13777],[77.49451,13.13777],[77.49452,13.13822],[77.49463,13.13834],[77.49482,13.13843],[77.49513,13.13852],[77.49552,13.13828],[77.49606,13.13834],[77.49698,13.13861],[77.49782,13.13892],[77.49823,13.13917],[77.49833,13.13902],[77.49849,13.13906],[77.49914,13.13933],[77.4998,13.13983],[77.49989,13.13974],[77.5,13.13972],[77.50036,13.13992],[77.5008,13.1399],[77.50093,13.14003],[77.5014,13.14011],[77.50221,13.14111],[77.5025,13.14114],[77.50284,13.14154],[77.50344,13.14209],[77.50386,13.14173],[77.50541,13.13992]]]]}},{"type":"Feature","properties":{"id":"lake-913","name":"Hesarghatta Tank"},"geometry":{"type":"MultiPolygon","coordinates":[[[[77.49621,13.1477],[77.49502,13.14789],[77.49416,13.14603],[77.49398,13.14593],[77.49387,13.1457],[77.49377,13.14491],[77.49365,13.1444],[77.4927,13.14456],[77.4926,13.14361],[77.49279,13.14321],[77.49291,13.14313],[77.49282,13.14252],[77.4928,13.14197],[77.49284,13.1417],[77.4928,13.14139],[77.49252,13.14022],[77.49221,13.13966],[77.49216,13.13895],[77.49159,13.13903],[77.49142,13.13901],[77.49115,13.13887],[77.49107,13.13926],[77.49125,13.13991],[77.4914,13.14021],[77.49143,13.14058],[77.49134,13.14077],[77.49117,13.14093],[77.49053,13.14125],[77.49062,13.14946],[77.49674,13.1494],[77.49663,13.14888],[77.49621,13.1477]]]]}},{"type":"Feature","properties":{"id":"lake-914","name":"Mapped lake/tank"},"geometry":{"type":"MultiPolygon","coordinates":[[[[77.49241,13.1189],[77.49257,13.11884],[77.49257,13.11873],[77.49292,13.11851],[77.49356,13.11832],[77.49397,13.11826],[77.494,13.11841],[77.495,13.11833],[77.49489,13.11781],[77.49459,13.11759],[77.49459,13.11742],[77.49464,13.11729],[77.49461,13.1171],[77.49405,13.11679],[77.49356,13.11661],[77.49335,13.11644],[77.49279,13.11629],[77.49161,13.11625],[77.49121,13.11637],[77.49112,13.11653],[77.4911,13.11695],[77.49167,13.11699],[77.49188,13.11862],[77.49149,13.11889],[77.491,13.11915],[77.49068,13.11944],[77.49056,13.1195],[77.49037,13.11948],[77.49034,13.11962],[77.49054,13.11963],[77.49109,13.11949],[77.49188,13.11911],[77.49241,13.1189]]]]}},{"type":"Feature","properties":{"id":"lake-915","name":"Mapped lake/tank"},"geometry":{"type":"MultiPolygon","coordinates":[[[[77.53655,13.13368],[77.53608,13.134],[77.53567,13.13421],[77.53531,13.13427],[77.53463,13.13409],[77.53439,13.13418],[77.53436,13.1343],[77.53453,13.13438],[77.5346,13.13456],[77.53519,13.13455],[77.5353,13.13472],[77.53548,13.13489],[77.53617,13.13535],[77.53621,13.13542],[77.53657,13.13546],[77.53655,13.13368]]]]}},{"type":"Feature","properties":{"id":"lake-916","name":"Mapped lake/tank"},"geometry":{"type":"MultiPolygon","coordinates":[[[[77.50683,13.14819],[77.50688,13.14792],[77.50702,13.14775],[77.5078,13.14753],[77.50783,13.14736],[77.50809,13.1471],[77.50835,13.14659],[77.5083,13.1459],[77.50826,13.1458],[77.50833,13.14525],[77.5083,13.14483],[77.50818,13.14482],[77.5081,13.14491],[77.50795,13.14594],[77.50785,13.14613],[77.50768,13.14626],[77.50698,13.14649],[77.50618,13.14652],[77.50566,13.1464],[77.5054,13.14632],[77.50511,13.14586],[77.50498,13.14577],[77.5049,13.14576],[77.50486,13.14584],[77.50498,13.14611],[77.50538,13.14667],[77.50564,13.14726],[77.5058,13.14767],[77.50603,13.14855],[77.50654,13.14829],[77.50683,13.14819]]]]}},{"type":"Feature","properties":{"id":"lake-917","name":"Mapped lake/tank"},"geometry":{"type":"MultiPolygon","coordinates":[[[[77.527,13.10464],[77.52712,13.10456],[77.52724,13.10435],[77.52699,13.10393],[77.52417,13.10396],[77.5241,13.1041],[77.52429,13.1041],[77.52458,13.104],[77.52506,13.10402],[77.52555,13.10426],[77.5256,13.10435],[77.52581,13.10448],[77.5263,13.10492],[77.52659,13.10488],[77.527,13.10464]]]]}},{"type":"Feature","properties":{"id":"lake-918","name":"Mapped lake/tank"},"geometry":{"type":"MultiPolygon","coordinates":[[[[77.56833,13.18564],[77.56804,13.18496],[77.56797,13.18497],[77.5677,13.18526],[77.56769,13.18542],[77.56774,13.18558],[77.56784,13.18567],[77.56798,13.18569],[77.5682,13.18571],[77.56833,13.18564]]]]}},{"type":"Feature","properties":{"id":"lake-919","name":"Mapped lake/tank"},"geometry":{"type":"MultiPolygon","coordinates":[[[[77.56541,13.14938],[77.56543,13.14933],[77.56485,13.14911],[77.56413,13.14921],[77.56406,13.14926],[77.56459,13.15034],[77.56508,13.14997],[77.56541,13.14938]]]]}},{"type":"Feature","properties":{"id":"lake-920","name":"Mapped lake/tank"},"geometry":{"type":"MultiPolygon","coordinates":[[[[77.51942,13.14918],[77.52115,13.14917],[77.52051,13.14893],[77.51942,13.14918]]]]}},{"type":"Feature","properties":{"id":"lake-921","name":"Yelahanka Lake"},"geometry":{"type":"MultiPolygon","coordinates":[[[[77.58745,13.12016],[77.58708,13.11983],[77.58692,13.12005],[77.58668,13.12009],[77.58659,13.12016],[77.58646,13.12253],[77.58664,13.12261],[77.58659,13.12331],[77.58695,13.12334],[77.58722,13.12255],[77.58718,13.12185],[77.58745,13.12016]]]]}},{"type":"Feature","properties":{"id":"lake-922","name":"Mapped lake/tank"},"geometry":{"type":"MultiPolygon","coordinates":[[[[77.59677,13.14416],[77.59609,13.14265],[77.59481,13.14267],[77.5898,13.1381],[77.59001,13.13946],[77.5895,13.14123],[77.58908,13.14159],[77.58861,13.14217],[77.58859,13.14247],[77.58873,13.14314],[77.58918,13.14311],[77.58982,13.14321],[77.58988,13.14285],[77.58995,13.14277],[77.59032,13.14275],[77.59228,13.14325],[77.5924,13.14288],[77.59267,13.14288],[77.59275,13.14311],[77.59297,13.14324],[77.59297,13.14336],[77.59279,13.14337],[77.59283,13.14348],[77.59392,13.1437],[77.594,13.14384],[77.59401,13.14394],[77.59393,13.14405],[77.59382,13.14411],[77.59375,13.14438],[77.59394,13.14502],[77.59441,13.14512],[77.595,13.14516],[77.59513,13.14506],[77.59548,13.14497],[77.59589,13.14474],[77.59631,13.14438],[77.59677,13.14416]]]]}},{"type":"Feature","properties":{"id":"lake-923","name":"Mapped lake/tank"},"geometry":{"type":"MultiPolygon","coordinates":[[[[77.59688,13.10419],[77.59628,13.10423],[77.59616,13.10474],[77.59603,13.10494],[77.59591,13.1055],[77.59644,13.1056],[77.59684,13.1045],[77.59688,13.10419]]]]}},{"type":"Feature","properties":{"id":"lake-924","name":"Yelahanka Lake"},"geometry":{"type":"MultiPolygon","coordinates":[[[[77.6,13.11211],[77.60029,13.11112],[77.6004,13.11095],[77.60062,13.11083],[77.601,13.11078],[77.60078,13.11032],[77.60056,13.11031],[77.60045,13.11034],[77.60003,13.11064],[77.59933,13.1116],[77.5992,13.11167],[77.59952,13.1122],[77.5999,13.11218],[77.6,13.11211]]]]}},{"type":"Feature","properties":{"id":"lake-925","name":"Yelahanka Lake"},"geometry":{"type":"MultiPolygon","coordinates":[[[[77.58755,13.11378],[77.58747,13.114],[77.58723,13.11511],[77.58699,13.11679],[77.58747,13.11665],[77.58762,13.11656],[77.58765,13.1165],[77.58793,13.1142],[77.58785,13.11404],[77.58755,13.11378]]]]}},{"type":"Feature","properties":{"id":"lake-926","name":"Mapped lake/tank"},"geometry":{"type":"MultiPolygon","coordinates":[[[[77.62711,13.14122],[77.6274,13.14109],[77.62826,13.14087],[77.62827,13.14064],[77.62808,13.14017],[77.62779,13.13898],[77.62778,13.13882],[77.62816,13.1384],[77.6287,13.13802],[77.62876,13.13778],[77.62869,13.1376],[77.62858,13.13752],[77.62828,13.13762],[77.62806,13.1379],[77.62781,13.13809],[77.62718,13.138],[77.6251,13.13784],[77.62473,13.1379],[77.62461,13.13809],[77.6246,13.13826],[77.6246,13.13844],[77.62473,13.13872],[77.6247,13.13889],[77.62449,13.13907],[77.62442,13.1392],[77.62443,13.13934],[77.62453,13.13942],[77.62487,13.13953],[77.62555,13.13994],[77.62581,13.14052],[77.62666,13.14049],[77.62686,13.14059],[77.627,13.14083],[77.62696,13.14117],[77.62701,13.14123],[77.62711,13.14122]]]]}},{"type":"Feature","properties":{"id":"lake-927","name":"Mapped lake/tank"},"geometry":{"type":"MultiPolygon","coordinates":[[[[77.61877,13.11558],[77.61932,13.11529],[77.6194,13.11519],[77.61937,13.11509],[77.61804,13.11499],[77.61653,13.11471],[77.61574,13.11443],[77.61506,13.11383],[77.6149,13.11375],[77.61484,13.11379],[77.6149,13.11399],[77.61496,13.11464],[77.61488,13.11485],[77.61488,13.11511],[77.61491,13.11515],[77.61535,13.11519],[77.61544,13.11619],[77.6154,13.11639],[77.61559,13.11738],[77.61566,13.11747],[77.61593,13.11765],[77.6162,13.11769],[77.61643,13.11764],[77.61739,13.11694],[77.61776,13.11658],[77.61846,13.11572],[77.61877,13.11558]]]]}},{"type":"Feature","properties":{"id":"lake-928","name":"Mapped lake/tank"},"geometry":{"type":"MultiPolygon","coordinates":[[[[77.62854,13.11583],[77.62852,13.11348],[77.62774,13.11308],[77.62754,13.11314],[77.62775,13.11411],[77.6277,13.11502],[77.62757,13.11541],[77.6269,13.11603],[77.6269,13.11608],[77.627,13.11613],[77.62854,13.11583]]]]}},{"type":"Feature","properties":{"id":"lake-929","name":"Mapped lake/tank"},"geometry":{"type":"MultiPolygon","coordinates":[[[[77.61716,13.13909],[77.61723,13.13793],[77.61427,13.14085],[77.6152,13.14286],[77.61561,13.14255],[77.61714,13.14233],[77.61716,13.13909]]]]}},{"type":"Feature","properties":{"id":"lake-930","name":"Mapped lake/tank"},"geometry":{"type":"MultiPolygon","coordinates":[[[[77.58701,13.113],[77.58651,13.11325],[77.58584,13.11318],[77.5858,13.11312],[77.58581,13.11297],[77.58575,13.11294],[77.58411,13.11259],[77.58284,13.11237],[77.58242,13.11213],[77.58243,13.11375],[77.58272,13.11366],[77.58306,13.11368],[77.58321,13.11376],[77.5833,13.11396],[77.58511,13.11463],[77.58514,13.1146],[77.58525,13.11465],[77.58701,13.113]]]]}},{"type":"Feature","properties":{"id":"lake-931","name":"Mapped lake/tank"},"geometry":{"type":"MultiPolygon","coordinates":[[[[77.59073,13.104],[77.59091,13.104],[77.59105,13.10389],[77.59123,13.10391],[77.59131,13.10376],[77.59124,13.10373],[77.59106,13.10376],[77.591,13.10381],[77.59088,13.1038],[77.59081,13.10385],[77.59063,13.10373],[77.59026,13.10375],[77.59026,13.10391],[77.59047,13.10392],[77.5906,13.10399],[77.59065,13.10408],[77.59073,13.104]]]]}},{"type":"Feature","properties":{"id":"lake-932","name":"Mapped lake/tank"},"geometry":{"type":"MultiPolygon","coordinates":[[[[77.61428,13.11017],[77.61354,13.10992],[77.61418,13.1104],[77.61428,13.11017]]]]}},{"type":"Feature","properties":{"id":"lake-933","name":"Yelahanka Lake"},"geometry":{"type":"MultiPolygon","coordinates":[[[[77.59434,13.11382],[77.59415,13.11375],[77.59394,13.11379],[77.59377,13.11389],[77.59367,13.11416],[77.59372,13.11435],[77.59393,13.11449],[77.59421,13.11451],[77.59441,13.11434],[77.59448,13.11405],[77.59434,13.11382]]]]}},{"type":"Feature","properties":{"id":"lake-934","name":"Yelahanka Lake"},"geometry":{"type":"MultiPolygon","coordinates":[[[[77.58887,13.11596],[77.58893,13.11586],[77.58876,13.11583],[77.58859,13.11587],[77.58851,13.11579],[77.58832,13.11579],[77.5885,13.11603],[77.58874,13.11604],[77.58887,13.11596]]]]}},{"type":"Feature","properties":{"id":"lake-935","name":"Yelahanka Lake"},"geometry":{"type":"MultiPolygon","coordinates":[[[[77.58895,13.11577],[77.5889,13.11561],[77.5887,13.11546],[77.58848,13.1155],[77.58834,13.11567],[77.58849,13.11572],[77.58859,13.11565],[77.58875,13.11576],[77.58895,13.11577]]]]}},{"type":"Feature","properties":{"id":"lake-936","name":"Mapped lake/tank"},"geometry":{"type":"MultiPolygon","coordinates":[[[[77.61903,13.10937],[77.61895,13.10933],[77.61884,13.1094],[77.61879,13.10947],[77.61883,13.10957],[77.61901,13.1096],[77.61907,13.10953],[77.61908,13.10942],[77.61903,13.10937]]]]}},{"type":"Feature","properties":{"id":"lake-937","name":"Mapped lake/tank"},"geometry":{"type":"MultiPolygon","coordinates":[[[[77.64574,12.95179],[77.64556,12.95178],[77.6455,12.95183],[77.64564,12.95213],[77.64564,12.95275],[77.64575,12.95285],[77.64596,12.95285],[77.64602,12.95278],[77.64603,12.9524],[77.64586,12.95182],[77.64574,12.95179]]]]}},{"type":"Feature","properties":{"id":"lake-938","name":"Mapped lake/tank"},"geometry":{"type":"MultiPolygon","coordinates":[[[[77.64698,12.95028],[77.64681,12.95016],[77.64671,12.95016],[77.64627,12.9505],[77.64578,12.95053],[77.64556,12.95062],[77.64557,12.95077],[77.6458,12.9507],[77.6459,12.95074],[77.64593,12.95078],[77.64593,12.95094],[77.64586,12.95104],[77.64585,12.95115],[77.64568,12.95117],[77.64562,12.95123],[77.64579,12.95143],[77.64585,12.95161],[77.64602,12.95165],[77.64611,12.9516],[77.64617,12.95147],[77.64685,12.95068],[77.64716,12.95061],[77.64717,12.95055],[77.64698,12.95028]]]]}},{"type":"Feature","properties":{"id":"lake-939","name":"Mapped lake/tank"},"geometry":{"type":"MultiPolygon","coordinates":[[[[77.64828,12.9505],[77.64827,12.95033],[77.64837,12.94999],[77.64848,12.9499],[77.64855,12.94993],[77.64857,12.95006],[77.64867,12.95013],[77.64871,12.95022],[77.64889,12.95025],[77.64904,12.9502],[77.64898,12.95005],[77.64857,12.94975],[77.64856,12.94957],[77.64869,12.94935],[77.64863,12.94916],[77.64855,12.9491],[77.64845,12.94911],[77.64836,12.94923],[77.64833,12.94947],[77.64822,12.94967],[77.6482,12.94981],[77.64786,12.95],[77.64773,12.95032],[77.64773,12.9506],[77.64788,12.9507],[77.64815,12.95062],[77.64828,12.9505]]]]}},{"type":"Feature","properties":{"id":"lake-940","name":"Mapped lake/tank"},"geometry":{"type":"MultiPolygon","coordinates":[[[[77.64661,12.94896],[77.64646,12.94906],[77.64622,12.94935],[77.64629,12.94944],[77.64649,12.94942],[77.64669,12.94917],[77.64661,12.94896]]]]}},{"type":"Feature","properties":{"id":"lake-941","name":"Mapped lake/tank"},"geometry":{"type":"MultiPolygon","coordinates":[[[[77.64807,12.94929],[77.64833,12.94921],[77.64842,12.94905],[77.64834,12.94895],[77.64799,12.94892],[77.64795,12.94879],[77.64803,12.94859],[77.64801,12.94848],[77.64795,12.94848],[77.64786,12.9486],[77.64762,12.94856],[77.64751,12.94871],[77.64721,12.94894],[77.64706,12.94927],[77.64699,12.9493],[77.64679,12.94929],[77.64671,12.94935],[77.64677,12.9496],[77.64677,12.94984],[77.64683,12.94989],[77.64695,12.94985],[77.64712,12.94951],[77.64733,12.94937],[77.64746,12.94905],[77.64753,12.949],[77.64775,12.94895],[77.64796,12.94902],[77.64807,12.94929]]]]}},{"type":"Feature","properties":{"id":"lake-942","name":"Mapped lake/tank"},"geometry":{"type":"MultiPolygon","coordinates":[[[[77.64915,12.9503],[77.64931,12.95044],[77.6494,12.95061],[77.64952,12.95058],[77.64954,12.9505],[77.64942,12.95027],[77.64924,12.9502],[77.64918,12.95023],[77.64915,12.9503]]]]}},{"type":"Feature","properties":{"id":"lake-943","name":"Mapped lake/tank"},"geometry":{"type":"MultiPolygon","coordinates":[[[[77.64942,12.95099],[77.64942,12.9508],[77.64934,12.95054],[77.64911,12.95032],[77.64893,12.95059],[77.64865,12.9507],[77.64848,12.95086],[77.64832,12.95141],[77.64844,12.95156],[77.64874,12.9518],[77.64892,12.95183],[77.64899,12.95177],[77.64898,12.9516],[77.64931,12.95137],[77.64942,12.95099]]]]}},{"type":"Feature","properties":{"id":"lake-944","name":"Bellandur Lake"},"geometry":{"type":"MultiPolygon","coordinates":[[[[77.65906,12.94568],[77.65998,12.94578],[77.66117,12.94575],[77.66132,12.94553],[77.66109,12.94536],[77.66114,12.9452],[77.66122,12.94514],[77.66146,12.94515],[77.66211,12.94448],[77.66249,12.94314],[77.66395,12.94287],[77.66506,12.94239],[77.66578,12.94198],[77.66602,12.94167],[77.66788,12.94057],[77.66811,12.94065],[77.66824,12.94062],[77.66831,12.94052],[77.66836,12.94024],[77.66906,12.93979],[77.66924,12.9398],[77.66932,12.93986],[77.66977,12.93986],[77.67038,12.94004],[77.67056,12.94037],[77.67152,12.94137],[77.67164,12.94137],[77.6718,12.94118],[77.67202,12.94128],[77.67206,12.94152],[77.67189,12.94208],[77.67226,12.9422],[77.67244,12.94211],[77.67251,12.94212],[77.67262,12.94221],[77.67276,12.94247],[77.67264,12.93071],[77.67184,12.93079],[77.66819,12.93083],[77.66804,12.93088],[77.66779,12.93089],[77.66605,12.93083],[77.66555,12.92791],[77.6655,12.92789],[77.66427,12.92792],[77.66362,12.92788],[77.66346,12.92812],[77.66309,12.92847],[77.66252,12.92891],[77.66181,12.92914],[77.66083,12.92933],[77.66057,12.92954],[77.65999,12.92955],[77.65876,12.9294],[77.65824,12.92898],[77.6581,12.92894],[77.65692,12.92897],[77.65665,12.92904],[77.65634,12.92923],[77.65622,12.92923],[77.65603,12.92918],[77.65573,12.92899],[77.65539,12.92866],[77.6552,12.92867],[77.65421,12.92916],[77.65413,12.92915],[77.65269,12.92756],[77.6526,12.92755],[77.6525,12.92761],[77.6525,12.92775],[77.65286,12.92842],[77.65305,12.9289],[77.65314,12.92902],[77.65341,12.92914],[77.65348,12.92921],[77.65346,12.92927],[77.65333,12.92934],[77.65267,12.92949],[77.65188,12.92908],[77.65174,12.92828],[77.65165,12.9281],[77.65081,12.92739],[77.65052,12.92735],[77.64995,12.92741],[77.64973,12.9274],[77.64958,12.92733],[77.6492,12.92697],[77.64907,12.92693],[77.64877,12.92695],[77.64536,12.92912],[77.64526,12.92913],[77.64516,12.92908],[77.64466,12.92859],[77.64431,12.92841],[77.64416,12.92839],[77.64345,12.92873],[77.64211,12.92917],[77.64206,12.92958],[77.64211,12.92968],[77.64271,12.92972],[77.64275,12.92979],[77.64262,12.9308],[77.64614,12.93193],[77.64629,12.93212],[77.64626,12.93247],[77.64639,12.93259],[77.64961,12.93326],[77.65072,12.93325],[77.65217,12.93357],[77.65303,12.93364],[77.65549,12.93511],[77.65752,12.93614],[77.65903,12.93707],[77.65912,12.93721],[77.66026,12.93782],[77.66131,12.93866],[77.66162,12.939],[77.6617,12.93921],[77.66168,12.93937],[77.66156,12.93958],[77.66111,12.94009],[77.66082,12.94049],[77.66073,12.94085],[77.66042,12.94111],[77.66022,12.94147],[77.6602,12.94173],[77.66031,12.94215],[77.66028,12.94225],[77.66016,12.94232],[77.65976,12.94235],[77.65981,12.94297],[77.65975,12.94327],[77.65979,12.94343],[77.65966,12.94387],[77.65986,12.94427],[77.65987,12.94446],[77.65961,12.945],[77.65906,12.94568]]]]}},{"type":"Feature","properties":{"id":"lake-945","name":"Mapped lake/tank"},"geometry":{"type":"MultiPolygon","coordinates":[[[[77.63238,12.95205],[77.63242,12.95191],[77.63262,12.95175],[77.6326,12.95171],[77.6322,12.95132],[77.63169,12.95098],[77.63107,12.95104],[77.6308,12.95077],[77.63069,12.95043],[77.63062,12.95037],[77.63046,12.95031],[77.6302,12.95039],[77.62979,12.95034],[77.62967,12.95088],[77.63013,12.95107],[77.63032,12.95129],[77.63095,12.95158],[77.63111,12.95155],[77.63157,12.9513],[77.63165,12.95132],[77.63223,12.95211],[77.63233,12.95212],[77.63238,12.95205]]]]}},{"type":"Feature","properties":{"id":"lake-946","name":"Mapped lake/tank"},"geometry":{"type":"MultiPolygon","coordinates":[[[[77.6447,12.95462],[77.64452,12.95465],[77.64442,12.95478],[77.64451,12.95558],[77.64455,12.95572],[77.64473,12.95593],[77.64489,12.95596],[77.64497,12.95586],[77.64487,12.95574],[77.64492,12.95542],[77.64482,12.95523],[77.64481,12.95473],[77.6447,12.95462]]]]}},{"type":"Feature","properties":{"id":"lake-947","name":"Mapped lake/tank"},"geometry":{"type":"MultiPolygon","coordinates":[[[[77.64679,12.95427],[77.64671,12.95429],[77.6466,12.95454],[77.64648,12.95469],[77.64648,12.95476],[77.64654,12.95481],[77.6467,12.95478],[77.64683,12.95456],[77.64686,12.95436],[77.64679,12.95427]]]]}},{"type":"Feature","properties":{"id":"lake-948","name":"Mapped lake/tank"},"geometry":{"type":"MultiPolygon","coordinates":[[[[77.64748,12.95318],[77.64736,12.95322],[77.6473,12.95335],[77.6473,12.95357],[77.64738,12.95364],[77.64749,12.95362],[77.64757,12.95339],[77.64757,12.95323],[77.64748,12.95318]]]]}},{"type":"Feature","properties":{"id":"lake-949","name":"Mapped lake/tank"},"geometry":{"type":"MultiPolygon","coordinates":[[[[77.64721,12.9529],[77.64731,12.953],[77.64755,12.95289],[77.64765,12.95265],[77.6476,12.9525],[77.64754,12.9525],[77.64744,12.95266],[77.64725,12.95277],[77.64721,12.9529]]]]}},{"type":"Feature","properties":{"id":"lake-950","name":"BBMP Park Koramangala 4th B Block"},"geometry":{"type":"MultiPolygon","coordinates":[[[[77.6266,12.93146],[77.6266,12.93212],[77.62671,12.93197],[77.62723,12.93152],[77.62734,12.93133],[77.62724,12.93128],[77.6266,12.93146]]]]}},{"type":"Feature","properties":{"id":"lake-951","name":"Mapped lake/tank"},"geometry":{"type":"MultiPolygon","coordinates":[[[[77.64451,12.92207],[77.63964,12.92212],[77.64028,12.9235],[77.64107,12.92324],[77.64138,12.92319],[77.64456,12.92401],[77.64472,12.92386],[77.64505,12.92339],[77.64524,12.92302],[77.64527,12.92283],[77.64451,12.92207]]]]}},{"type":"Feature","properties":{"id":"lake-952","name":"Mapped lake/tank"},"geometry":{"type":"MultiPolygon","coordinates":[[[[77.66778,12.92209],[77.66724,12.92184],[77.66601,12.92186],[77.66589,12.92251],[77.66579,12.92255],[77.6654,12.92258],[77.66538,12.92286],[77.66574,12.92298],[77.6661,12.92302],[77.66689,12.92299],[77.66798,12.92307],[77.66807,12.92299],[77.66806,12.92283],[77.66778,12.92209]]]]}},{"type":"Feature","properties":{"id":"lake-953","name":"Mapped lake/tank"},"geometry":{"type":"MultiPolygon","coordinates":[[[[77.67243,12.91109],[77.67229,12.91099],[77.67222,12.91127],[77.67228,12.91149],[77.67244,12.91164],[77.67243,12.91109]]]]}},{"type":"Feature","properties":{"id":"lake-954","name":"Mapped lake/tank"},"geometry":{"type":"MultiPolygon","coordinates":[[[[77.66585,12.91777],[77.66542,12.91655],[77.66505,12.91591],[77.6647,12.91599],[77.66417,12.91603],[77.66414,12.91616],[77.66421,12.91647],[77.66443,12.91726],[77.66444,12.91798],[77.66448,12.91809],[77.66467,12.91812],[77.66497,12.91788],[77.66521,12.9178],[77.66585,12.91777]]]]}},{"type":"Feature","properties":{"id":"lake-955","name":"Mapped lake/tank"},"geometry":{"type":"MultiPolygon","coordinates":[[[[77.66529,12.89655],[77.66496,12.89632],[77.66453,12.89637],[77.66402,12.89617],[77.66391,12.89607],[77.66353,12.89561],[77.66309,12.89442],[77.66201,12.8946],[77.66178,12.89555],[77.66181,12.89555],[77.66206,12.89468],[77.66275,12.89452],[77.663,12.89452],[77.66309,12.89462],[77.66347,12.89555],[77.66357,12.89594],[77.66375,12.896],[77.66396,12.89622],[77.66427,12.89635],[77.66448,12.89641],[77.66493,12.89642],[77.66535,12.89667],[77.66529,12.89655]]]]}},{"type":"Feature","properties":{"id":"lake-956","name":"Mapped lake/tank"},"geometry":{"type":"MultiPolygon","coordinates":[[[[77.66609,12.92133],[77.66601,12.92186],[77.66724,12.92184],[77.66609,12.92133]]]]}},{"type":"Feature","properties":{"id":"lake-957","name":"Mapped lake/tank"},"geometry":{"type":"MultiPolygon","coordinates":[[[[77.66443,12.89276],[77.66359,12.89295],[77.66335,12.89306],[77.66323,12.89317],[77.66322,12.89333],[77.66335,12.89411],[77.66333,12.89425],[77.66351,12.8945],[77.66475,12.89431],[77.66451,12.89286],[77.66443,12.89276]]]]}},{"type":"Feature","properties":{"id":"lake-958","name":"Mapped lake/tank"},"geometry":{"type":"MultiPolygon","coordinates":[[[[77.66406,12.91354],[77.66454,12.91359],[77.66467,12.91358],[77.6647,12.91353],[77.66426,12.91317],[77.66311,12.91206],[77.66291,12.91209],[77.6626,12.91223],[77.66208,12.91267],[77.6618,12.91277],[77.66215,12.91389],[77.66277,12.91426],[77.66283,12.91424],[77.6629,12.91406],[77.66406,12.91354]]]]}},{"type":"Feature","properties":{"id":"lake-959","name":"Mapped lake/tank"},"geometry":{"type":"MultiPolygon","coordinates":[[[[77.66528,12.90627],[77.66522,12.90617],[77.66502,12.90601],[77.66493,12.90588],[77.66475,12.90592],[77.66452,12.90612],[77.66455,12.90626],[77.66478,12.90636],[77.66493,12.90649],[77.66528,12.90627]]]]}},{"type":"Feature","properties":{"id":"lake-960","name":"Mapped lake/tank"},"geometry":{"type":"MultiPolygon","coordinates":[[[[77.671,12.89852],[77.67185,12.8983],[77.67213,12.89783],[77.67215,12.89771],[77.67207,12.89685],[77.67188,12.89665],[77.67173,12.89625],[77.67176,12.89581],[77.67193,12.8956],[77.6718,12.89542],[77.67138,12.89504],[77.6709,12.89519],[77.67025,12.89566],[77.67023,12.89581],[77.67026,12.89612],[77.67046,12.89684],[77.67044,12.89696],[77.67025,12.8971],[77.6705,12.89831],[77.67056,12.8984],[77.67073,12.8985],[77.671,12.89852]]]]}},{"type":"Feature","properties":{"id":"lake-961","name":"Mapped lake/tank"},"geometry":{"type":"MultiPolygon","coordinates":[[[[77.63964,12.92212],[77.64451,12.92207],[77.64294,12.9202],[77.64189,12.91879],[77.64121,12.91806],[77.64008,12.91698],[77.63942,12.91658],[77.63901,12.91647],[77.6388,12.91672],[77.63865,12.91723],[77.63881,12.9196],[77.63907,12.92076],[77.63929,12.92147],[77.63964,12.92212]]]]}},{"type":"Feature","properties":{"id":"lake-962","name":"Mapped lake/tank"},"geometry":{"type":"MultiPolygon","coordinates":[[[[77.66958,12.87934],[77.66956,12.87862],[77.66924,12.8786],[77.6692,12.87841],[77.66926,12.87823],[77.66957,12.87819],[77.66955,12.8779],[77.66889,12.87784],[77.66861,12.87777],[77.66806,12.87793],[77.6683,12.87863],[77.66837,12.87922],[77.6689,12.87921],[77.66922,12.87924],[77.66958,12.87934]]]]}},{"type":"Feature","properties":{"id":"lake-963","name":"Mapped lake/tank"},"geometry":{"type":"MultiPolygon","coordinates":[[[[77.6676,12.90573],[77.66784,12.90578],[77.66839,12.90602],[77.6694,12.90558],[77.66981,12.90556],[77.67002,12.90527],[77.67011,12.90489],[77.66991,12.90461],[77.66959,12.9043],[77.66939,12.90376],[77.6689,12.90271],[77.66829,12.90229],[77.668,12.90194],[77.66781,12.90165],[77.66753,12.90099],[77.66741,12.90094],[77.66689,12.90095],[77.6665,12.90088],[77.66607,12.9009],[77.66594,12.90096],[77.66588,12.90105],[77.66592,12.90146],[77.66591,12.90183],[77.66606,12.90225],[77.66611,12.90291],[77.66634,12.90324],[77.66638,12.90337],[77.6661,12.90388],[77.66604,12.90419],[77.66623,12.90528],[77.66621,12.90538],[77.66601,12.90568],[77.66599,12.90585],[77.66603,12.90669],[77.66613,12.9076],[77.6664,12.90757],[77.66657,12.90746],[77.66658,12.90641],[77.66667,12.90616],[77.66675,12.90609],[77.66741,12.90577],[77.6676,12.90573]]]]}},{"type":"Feature","properties":{"id":"lake-964","name":"Mapped lake/tank"},"geometry":{"type":"MultiPolygon","coordinates":[[[[77.63965,12.90302],[77.63983,12.90288],[77.64015,12.90276],[77.64059,12.90269],[77.64051,12.90187],[77.63981,12.90158],[77.6395,12.90154],[77.63899,12.90118],[77.63863,12.90301],[77.63873,12.90308],[77.63935,12.90309],[77.63942,12.90303],[77.63965,12.90302]]]]}},{"type":"Feature","properties":{"id":"lake-965","name":"Mapped lake/tank"},"geometry":{"type":"MultiPolygon","coordinates":[[[[77.66491,12.89646],[77.66448,12.89645],[77.66425,12.89639],[77.66394,12.89626],[77.66372,12.89604],[77.66354,12.89597],[77.66342,12.89556],[77.66299,12.89456],[77.66275,12.89457],[77.66209,12.89472],[77.66163,12.8965],[77.66162,12.89678],[77.66171,12.89727],[77.66193,12.89772],[77.66184,12.89797],[77.66191,12.89838],[77.66193,12.89882],[77.66215,12.89916],[77.66238,12.89937],[77.6626,12.89971],[77.66276,12.89972],[77.6628,12.89955],[77.66247,12.89884],[77.66242,12.89844],[77.66252,12.89822],[77.66284,12.8979],[77.66329,12.89768],[77.66426,12.89696],[77.66453,12.89684],[77.66493,12.89679],[77.66499,12.89672],[77.66502,12.89653],[77.66491,12.89646]]]]}},{"type":"Feature","properties":{"id":"lake-966","name":"Mapped lake/tank"},"geometry":{"type":"MultiPolygon","coordinates":[[[[77.66703,12.88641],[77.66656,12.88566],[77.66635,12.88506],[77.66625,12.88464],[77.66626,12.88368],[77.66618,12.88328],[77.6644,12.88307],[77.66391,12.88292],[77.6633,12.88255],[77.66276,12.88247],[77.66253,12.8825],[77.66251,12.88262],[77.66258,12.88305],[77.66334,12.88442],[77.6637,12.88548],[77.66381,12.88644],[77.66369,12.88704],[77.66369,12.88719],[77.66374,12.88727],[77.66411,12.88689],[77.66437,12.88652],[77.66521,12.88627],[77.66557,12.88621],[77.66629,12.88623],[77.66682,12.88656],[77.66703,12.88641]]]]}},{"type":"Feature","properties":{"id":"lake-967","name":"Mapped lake/tank"},"geometry":{"type":"MultiPolygon","coordinates":[[[[77.63539,12.88777],[77.63559,12.88742],[77.63589,12.88723],[77.63596,12.88707],[77.63633,12.88685],[77.63628,12.88675],[77.63643,12.88662],[77.63649,12.88668],[77.63689,12.88641],[77.63687,12.88636],[77.63732,12.88604],[77.6377,12.8859],[77.63841,12.88577],[77.63836,12.88547],[77.63853,12.88532],[77.63862,12.88542],[77.639,12.88529],[77.63824,12.88367],[77.63593,12.8838],[77.63559,12.88387],[77.63496,12.88363],[77.63405,12.88304],[77.63415,12.88332],[77.63439,12.88368],[77.63456,12.88389],[77.63504,12.88433],[77.63522,12.88471],[77.63528,12.8862],[77.63505,12.88728],[77.63491,12.88765],[77.63497,12.88779],[77.63507,12.88783],[77.63528,12.88782],[77.63539,12.88777]]]]}},{"type":"Feature","properties":{"id":"lake-968","name":"Mapped lake/tank"},"geometry":{"type":"MultiPolygon","coordinates":[[[[77.63906,12.88776],[77.63842,12.88764],[77.63822,12.88786],[77.63824,12.88821],[77.63828,12.88827],[77.63896,12.88831],[77.63914,12.88794],[77.63913,12.88782],[77.63906,12.88776]]]]}},{"type":"Feature","properties":{"id":"lake-969","name":"Mapped lake/tank"},"geometry":{"type":"MultiPolygon","coordinates":[[[[77.66283,12.87964],[77.66257,12.87914],[77.66206,12.87853],[77.6617,12.8778],[77.66149,12.87751],[77.66127,12.8775],[77.66032,12.87762],[77.66021,12.87761],[77.65997,12.87749],[77.65968,12.87752],[77.65986,12.87788],[77.66018,12.87902],[77.66029,12.87971],[77.66029,12.88073],[77.66054,12.88054],[77.66057,12.88015],[77.66067,12.87996],[77.66147,12.87945],[77.6622,12.87923],[77.66233,12.87932],[77.66241,12.87954],[77.66258,12.87976],[77.66265,12.87978],[77.66283,12.87964]]]]}},{"type":"Feature","properties":{"id":"lake-970","name":"Mapped lake/tank"},"geometry":{"type":"MultiPolygon","coordinates":[[[[77.6425,12.87978],[77.64232,12.87936],[77.64304,12.87787],[77.64309,12.87692],[77.64255,12.87692],[77.64244,12.87698],[77.64221,12.87698],[77.64197,12.87711],[77.6412,12.8772],[77.6406,12.87791],[77.64075,12.87794],[77.64101,12.87788],[77.64118,12.87789],[77.64133,12.87793],[77.64141,12.878],[77.64178,12.87888],[77.64191,12.88029],[77.64226,12.88042],[77.6425,12.87978]]]]}},{"type":"Feature","properties":{"id":"lake-971","name":"Mapped lake/tank"},"geometry":{"type":"MultiPolygon","coordinates":[[[[77.63279,12.87805],[77.63279,12.87741],[77.63284,12.87702],[77.62706,12.87708],[77.62734,12.87752],[77.62733,12.87777],[77.6275,12.8778],[77.62811,12.87783],[77.62998,12.87813],[77.63087,12.87822],[77.63161,12.87845],[77.63239,12.87852],[77.63279,12.87805]]]]}},{"type":"Feature","properties":{"id":"lake-972","name":"Mapped lake/tank"},"geometry":{"type":"MultiPolygon","coordinates":[[[[77.63886,12.8968],[77.63869,12.89664],[77.6386,12.89603],[77.63849,12.89601],[77.63844,12.89594],[77.63837,12.89548],[77.6379,12.89517],[77.63774,12.89481],[77.63766,12.89473],[77.63732,12.89464],[77.63714,12.89464],[77.63698,12.89478],[77.63616,12.89593],[77.63663,12.89705],[77.63664,12.8977],[77.63681,12.89788],[77.63687,12.89805],[77.63706,12.89806],[77.63717,12.89798],[77.63748,12.89718],[77.63756,12.89705],[77.63767,12.89696],[77.63798,12.8969],[77.63828,12.89713],[77.63846,12.89719],[77.63873,12.8972],[77.6388,12.89714],[77.63886,12.8968]]]]}},{"type":"Feature","properties":{"id":"lake-973","name":"Mapped lake/tank"},"geometry":{"type":"MultiPolygon","coordinates":[[[[77.64595,12.88106],[77.64533,12.88143],[77.64502,12.88156],[77.64463,12.88217],[77.64467,12.88228],[77.64552,12.88302],[77.64557,12.88351],[77.64564,12.88356],[77.64575,12.88351],[77.64583,12.8834],[77.64594,12.88241],[77.64607,12.88205],[77.6464,12.88178],[77.64647,12.88163],[77.64644,12.88145],[77.64615,12.88129],[77.64595,12.88106]]]]}},{"type":"Feature","properties":{"id":"lake-974","name":"Mapped lake/tank"},"geometry":{"type":"MultiPolygon","coordinates":[[[[77.64886,12.8995],[77.6489,12.89952],[77.64893,12.89928],[77.64859,12.89746],[77.64732,12.89748],[77.64718,12.89899],[77.64708,12.89925],[77.64715,12.89932],[77.6472,12.89955],[77.64728,12.89962],[77.64747,12.89946],[77.64769,12.89942],[77.64859,12.89944],[77.64886,12.8995]]]]}},{"type":"Feature","properties":{"id":"lake-975","name":"Mapped lake/tank"},"geometry":{"type":"MultiPolygon","coordinates":[[[[77.65603,12.8907],[77.65592,12.89062],[77.65568,12.89068],[77.65518,12.8907],[77.65453,12.89065],[77.65413,12.89075],[77.65409,12.89086],[77.65436,12.89167],[77.65441,12.89201],[77.65533,12.89275],[77.65551,12.89284],[77.65595,12.89332],[77.65611,12.89347],[77.65616,12.89347],[77.65623,12.89337],[77.65569,12.89258],[77.65562,12.89235],[77.65567,12.89172],[77.65603,12.8907]]]]}},{"type":"Feature","properties":{"id":"lake-976","name":"Mapped lake/tank"},"geometry":{"type":"MultiPolygon","coordinates":[[[[77.65192,12.835],[77.65196,12.83476],[77.65218,12.83471],[77.65222,12.83466],[77.65214,12.83449],[77.65197,12.8345],[77.65172,12.8346],[77.65091,12.83479],[77.65081,12.83513],[77.65104,12.83528],[77.65144,12.83536],[77.65157,12.83531],[77.65192,12.835]]]]}},{"type":"Feature","properties":{"id":"lake-977","name":"Mapped lake/tank"},"geometry":{"type":"MultiPolygon","coordinates":[[[[77.67244,12.91167],[77.6723,12.91156],[77.6722,12.91136],[77.67219,12.91121],[77.67228,12.91098],[77.67164,12.91054],[77.67119,12.91058],[77.67043,12.91054],[77.66986,12.91104],[77.66961,12.91136],[77.66969,12.91148],[77.67003,12.91173],[77.67026,12.91208],[77.6715,12.91346],[77.67177,12.91367],[77.67227,12.91391],[77.67246,12.91404],[77.67244,12.91167]]]]}},{"type":"Feature","properties":{"id":"lake-978","name":"Mapped lake/tank"},"geometry":{"type":"MultiPolygon","coordinates":[[[[77.67146,12.84156],[77.67161,12.84082],[77.67168,12.84071],[77.67168,12.84012],[77.67144,12.84036],[77.67092,12.84064],[77.66954,12.84112],[77.66977,12.84184],[77.67112,12.8422],[77.67126,12.84197],[77.67135,12.84152],[77.67146,12.84156]]]]}},{"type":"Feature","properties":{"id":"lake-979","name":"Mapped lake/tank"},"geometry":{"type":"MultiPolygon","coordinates":[[[[77.66084,12.85766],[77.66136,12.85681],[77.66191,12.8562],[77.66255,12.85583],[77.66293,12.85572],[77.66308,12.85573],[77.66301,12.85541],[77.66287,12.85535],[77.66247,12.85537],[77.66212,12.85534],[77.66201,12.85561],[77.66193,12.85566],[77.66116,12.85586],[77.65928,12.85579],[77.65733,12.85583],[77.65735,12.85607],[77.65746,12.8564],[77.65739,12.85662],[77.65744,12.85709],[77.6577,12.85751],[77.65801,12.85774],[77.65802,12.85794],[77.65793,12.85817],[77.66006,12.85773],[77.66084,12.85766]]]]}},{"type":"Feature","properties":{"id":"lake-980","name":"Mapped lake/tank"},"geometry":{"type":"MultiPolygon","coordinates":[[[[77.65101,12.83413],[77.65103,12.83436],[77.65095,12.83473],[77.65171,12.83456],[77.65196,12.83446],[77.65214,12.83445],[77.65254,12.83427],[77.65227,12.83397],[77.65186,12.83377],[77.65164,12.83347],[77.65149,12.8328],[77.65137,12.83272],[77.6513,12.83282],[77.6512,12.83352],[77.65101,12.83413]]]]}},{"type":"Feature","properties":{"id":"lake-981","name":"Mapped lake/tank"},"geometry":{"type":"MultiPolygon","coordinates":[[[[77.63187,12.86981],[77.63164,12.8693],[77.63142,12.86829],[77.63137,12.86815],[77.63126,12.86803],[77.63108,12.86802],[77.63052,12.86816],[77.63047,12.86821],[77.63046,12.86866],[77.62989,12.86865],[77.62975,12.8687],[77.6297,12.8689],[77.6296,12.86905],[77.6294,12.86923],[77.62906,12.87006],[77.62889,12.87035],[77.6289,12.8705],[77.6288,12.87109],[77.62842,12.87285],[77.62839,12.87306],[77.62846,12.87334],[77.62846,12.87511],[77.62822,12.87573],[77.62781,12.87646],[77.62755,12.87675],[77.62751,12.87689],[77.62741,12.87686],[77.62728,12.87693],[77.62699,12.87692],[77.62706,12.87708],[77.63284,12.87702],[77.63285,12.87615],[77.63293,12.8756],[77.63311,12.87531],[77.63343,12.87463],[77.63366,12.87446],[77.63355,12.874],[77.63343,12.87384],[77.63307,12.87359],[77.63294,12.87338],[77.63285,12.87315],[77.63288,12.87292],[77.63269,12.87273],[77.63233,12.87253],[77.63223,12.87227],[77.6319,12.87196],[77.63151,12.87137],[77.63161,12.87074],[77.63175,12.87055],[77.63193,12.86999],[77.63195,12.86988],[77.63187,12.86981]]]]}},{"type":"Feature","properties":{"id":"lake-982","name":"Mapped lake/tank"},"geometry":{"type":"MultiPolygon","coordinates":[[[[77.64517,12.86848],[77.64501,12.86849],[77.64391,12.8681],[77.64315,12.8674],[77.64272,12.86742],[77.64334,12.868],[77.64337,12.86815],[77.64313,12.86879],[77.64304,12.86916],[77.64293,12.8693],[77.64263,12.86944],[77.64253,12.86957],[77.64252,12.86969],[77.64266,12.86976],[77.64288,12.86977],[77.643,12.86971],[77.64329,12.86966],[77.64335,12.8695],[77.64414,12.8694],[77.64514,12.86935],[77.6457,12.8692],[77.64619,12.86927],[77.64644,12.86921],[77.64658,12.86911],[77.64661,12.86897],[77.64657,12.86892],[77.64596,12.86892],[77.64553,12.86883],[77.64544,12.86879],[77.64548,12.86864],[77.64545,12.86861],[77.6452,12.86853],[77.64517,12.86848]]]]}},{"type":"Feature","properties":{"id":"lake-983","name":"Mapped lake/tank"},"geometry":{"type":"MultiPolygon","coordinates":[[[[77.64317,12.87682],[77.64314,12.87676],[77.64279,12.87674],[77.64255,12.87692],[77.64309,12.87692],[77.64317,12.87682]]]]}},{"type":"Feature","properties":{"id":"lake-984","name":"Mapped lake/tank"},"geometry":{"type":"MultiPolygon","coordinates":[[[[77.65142,12.86999],[77.65075,12.86979],[77.65084,12.8695],[77.6503,12.86928],[77.64992,12.86897],[77.64948,12.8685],[77.64919,12.8684],[77.64916,12.86873],[77.64913,12.86873],[77.6491,12.86941],[77.64902,12.86973],[77.64845,12.87043],[77.64871,12.87042],[77.64937,12.87026],[77.6496,12.87027],[77.64973,12.87046],[77.65084,12.8704],[77.65098,12.87034],[77.65142,12.86999]]]]}},{"type":"Feature","properties":{"id":"lake-985","name":"Mapped lake/tank"},"geometry":{"type":"MultiPolygon","coordinates":[[[[77.66052,12.86516],[77.66065,12.86489],[77.66077,12.86435],[77.66042,12.8642],[77.66031,12.86421],[77.66026,12.86423],[77.66022,12.86432],[77.65992,12.86519],[77.66052,12.86516]]]]}},{"type":"Feature","properties":{"id":"lake-986","name":"Mapped lake/tank"},"geometry":{"type":"MultiPolygon","coordinates":[[[[77.6615,12.86652],[77.66152,12.86649],[77.66127,12.86639],[77.66111,12.86625],[77.66053,12.86521],[77.65991,12.86525],[77.65982,12.86558],[77.65978,12.86649],[77.65987,12.86713],[77.66095,12.86685],[77.66107,12.86664],[77.6615,12.86652]]]]}},{"type":"Feature","properties":{"id":"lake-987","name":"Mapped lake/tank"},"geometry":{"type":"MultiPolygon","coordinates":[[[[77.67129,12.85898],[77.67145,12.85892],[77.67187,12.85844],[77.67185,12.85645],[77.67159,12.85657],[77.67132,12.85664],[77.67033,12.85681],[77.67037,12.85698],[77.67075,12.85774],[77.67114,12.85891],[77.67122,12.85898],[77.67129,12.85898]]]]}},{"type":"Feature","properties":{"id":"lake-988","name":"Mapped lake/tank"},"geometry":{"type":"MultiPolygon","coordinates":[[[[77.64525,12.85198],[77.64518,12.85184],[77.64521,12.85153],[77.64566,12.85057],[77.64582,12.85011],[77.64547,12.85002],[77.64498,12.84973],[77.64454,12.8496],[77.64401,12.84949],[77.6436,12.84951],[77.6433,12.8504],[77.64418,12.85116],[77.64506,12.85181],[77.64522,12.85199],[77.64525,12.85198]]]]}},{"type":"Feature","properties":{"id":"lake-989","name":"Mapped lake/tank"},"geometry":{"type":"MultiPolygon","coordinates":[[[[77.63064,12.83441],[77.63097,12.83436],[77.63104,12.83413],[77.63129,12.83375],[77.6315,12.83348],[77.63168,12.83334],[77.63231,12.83316],[77.63296,12.83312],[77.63315,12.83305],[77.6331,12.83291],[77.63298,12.83276],[77.6326,12.83284],[77.63233,12.83271],[77.63208,12.83246],[77.63163,12.83186],[77.62947,12.83189],[77.62939,12.832],[77.6294,12.83211],[77.62955,12.83319],[77.62991,12.8345],[77.62999,12.83458],[77.63064,12.83441]]]]}},{"type":"Feature","properties":{"id":"lake-990","name":"Mapped lake/tank"},"geometry":{"type":"MultiPolygon","coordinates":[[[[77.6538,12.8325],[77.65286,12.83262],[77.65255,12.8326],[77.65232,12.83252],[77.65182,12.83226],[77.65164,12.83222],[77.65152,12.83225],[77.65134,12.83244],[77.65132,12.83264],[77.65153,12.83278],[77.65169,12.83345],[77.65189,12.83374],[77.65195,12.83378],[77.65207,12.83371],[77.65255,12.83384],[77.6532,12.8334],[77.65351,12.83285],[77.65391,12.83268],[77.65387,12.83256],[77.6538,12.8325]]]]}},{"type":"Feature","properties":{"id":"lake-991","name":"Mapped lake/tank"},"geometry":{"type":"MultiPolygon","coordinates":[[[[77.62595,12.85753],[77.62588,12.85752],[77.62589,12.85746],[77.62582,12.85746],[77.62583,12.85802],[77.62591,12.85789],[77.62595,12.85753]]]]}},{"type":"Feature","properties":{"id":"lake-992","name":"Mapped lake/tank"},"geometry":{"type":"MultiPolygon","coordinates":[[[[77.63406,12.85461],[77.63422,12.85436],[77.63405,12.8542],[77.63396,12.8539],[77.63392,12.85297],[77.63375,12.85273],[77.63356,12.852],[77.63332,12.85145],[77.63328,12.85115],[77.63312,12.85112],[77.63308,12.85116],[77.63311,12.85138],[77.63257,12.85145],[77.63247,12.85259],[77.63227,12.8533],[77.63205,12.85351],[77.63178,12.8535],[77.63173,12.85346],[77.63167,12.85357],[77.63189,12.85373],[77.63222,12.85422],[77.63339,12.85451],[77.6338,12.85482],[77.6339,12.85511],[77.63404,12.8551],[77.63402,12.8547],[77.63406,12.85461]]]]}},{"type":"Feature","properties":{"id":"lake-993","name":"Lalbagh Lake"},"geometry":{"type":"MultiPolygon","coordinates":[[[[77.58681,12.94787],[77.58783,12.94759],[77.58788,12.94719],[77.58796,12.94714],[77.5878,12.94683],[77.58783,12.94642],[77.58772,12.94638],[77.58718,12.94637],[77.58698,12.94619],[77.58664,12.9461],[77.58638,12.94586],[77.58593,12.94586],[77.58574,12.94594],[77.58542,12.94596],[77.5853,12.9473],[77.58545,12.94736],[77.58597,12.94775],[77.58649,12.94789],[77.58681,12.94787]]]]}},{"type":"Feature","properties":{"id":"lake-994","name":"Mapped lake/tank"},"geometry":{"type":"MultiPolygon","coordinates":[[[[77.6038,12.92869],[77.60337,12.9281],[77.60287,12.92851],[77.60286,12.92863],[77.60295,12.92885],[77.6029,12.92893],[77.60282,12.92898],[77.60265,12.92897],[77.60256,12.9288],[77.60244,12.92876],[77.60226,12.92885],[77.60224,12.92892],[77.60226,12.92899],[77.6024,12.92909],[77.60269,12.92905],[77.60269,12.92928],[77.60286,12.9293],[77.60309,12.92921],[77.60313,12.92914],[77.60316,12.92906],[77.60313,12.9288],[77.60323,12.92868],[77.60345,12.9286],[77.60369,12.92872],[77.6038,12.92869]]]]}},{"type":"Feature","properties":{"id":"lake-995","name":"Lalbagh Lake"},"geometry":{"type":"MultiPolygon","coordinates":[[[[77.58527,12.94731],[77.58536,12.94587],[77.58495,12.94579],[77.58453,12.94577],[77.58433,12.94546],[77.5839,12.94527],[77.58346,12.94456],[77.58306,12.94411],[77.58281,12.94391],[77.58126,12.94393],[77.5812,12.94424],[77.58148,12.94505],[77.58181,12.94691],[77.58178,12.94747],[77.58152,12.94768],[77.58139,12.94794],[77.58138,12.94825],[77.58142,12.94831],[77.58154,12.94835],[77.58166,12.94833],[77.58255,12.94774],[77.58324,12.94739],[77.58369,12.94724],[77.58448,12.94724],[77.58527,12.94731]]]]}},{"type":"Feature","properties":{"id":"lake-996","name":"Byrasandra Lake"},"geometry":{"type":"MultiPolygon","coordinates":[[[[77.59606,12.93134],[77.59653,12.93133],[77.59643,12.93075],[77.59649,12.92982],[77.59639,12.92942],[77.59627,12.92934],[77.59601,12.92933],[77.59463,12.92961],[77.59453,12.92999],[77.59424,12.93001],[77.59428,12.93114],[77.59489,12.9311],[77.59587,12.93136],[77.59606,12.93134]]]]}},{"type":"Feature","properties":{"id":"lake-997","name":"BBMP Park Koramangala 4th B Block"},"geometry":{"type":"MultiPolygon","coordinates":[[[[77.6266,12.93212],[77.6266,12.93146],[77.62631,12.93149],[77.62562,12.93136],[77.62517,12.93142],[77.62512,12.93147],[77.62539,12.9324],[77.6255,12.93256],[77.62564,12.93309],[77.62574,12.93319],[77.62621,12.93297],[77.62642,12.93262],[77.6266,12.93212]]]]}},{"type":"Feature","properties":{"id":"lake-998","name":"Mapped lake/tank"},"geometry":{"type":"MultiPolygon","coordinates":[[[[77.61635,12.90498],[77.61612,12.90473],[77.61599,12.90475],[77.61593,12.90483],[77.61584,12.90485],[77.61562,12.90479],[77.61542,12.90491],[77.61532,12.90513],[77.61527,12.90566],[77.61565,12.90662],[77.61582,12.90679],[77.61599,12.90678],[77.61606,12.90664],[77.61658,12.90644],[77.61671,12.90631],[77.61666,12.90544],[77.61656,12.90523],[77.61635,12.90498]]]]}},{"type":"Feature","properties":{"id":"lake-999","name":"Arekere Lake"},"geometry":{"type":"MultiPolygon","coordinates":[[[[77.60142,12.88379],[77.60142,12.88375],[77.60136,12.88375],[77.60128,12.88273],[77.60122,12.88273],[77.60098,12.88294],[77.60099,12.88299],[77.60059,12.88299],[77.60066,12.88238],[77.6006,12.88208],[77.59965,12.88222],[77.59944,12.88214],[77.59895,12.8821],[77.59848,12.8819],[77.59775,12.88193],[77.59705,12.88189],[77.59703,12.88155],[77.59665,12.88162],[77.59607,12.88162],[77.59655,12.88426],[77.59741,12.88403],[77.59933,12.88395],[77.60141,12.88442],[77.60142,12.88379]]]]}},{"type":"Feature","properties":{"id":"lake-1000","name":"Sarakki Lake"},"geometry":{"type":"MultiPolygon","coordinates":[[[[77.5802,12.89785],[77.58024,12.90167],[77.58093,12.90165],[77.58113,12.90154],[77.58123,12.90139],[77.58123,12.9013],[77.58114,12.90109],[77.58113,12.90086],[77.58138,12.8983],[77.58133,12.89816],[77.58113,12.89806],[77.5802,12.89785]]]]}},{"type":"Feature","properties":{"id":"lake-1001","name":"Puttenahalli Lake"},"geometry":{"type":"MultiPolygon","coordinates":[[[[77.58791,12.88968],[77.58734,12.8893],[77.58727,12.88934],[77.5865,12.89058],[77.58593,12.8914],[77.58593,12.89148],[77.58606,12.89153],[77.58621,12.89154],[77.58696,12.89116],[77.58706,12.89098],[77.58714,12.89109],[77.58752,12.89108],[77.58772,12.89114],[77.58821,12.8914],[77.58824,12.89135],[77.58812,12.89102],[77.58817,12.89054],[77.58798,12.89014],[77.58791,12.88968]]]]}},{"type":"Feature","properties":{"id":"lake-1002","name":"Puttenahalli Lake"},"geometry":{"type":"MultiPolygon","coordinates":[[[[77.5874,12.88929],[77.5877,12.88952],[77.58792,12.88963],[77.58803,12.88919],[77.5874,12.88929]]]]}},{"type":"Feature","properties":{"id":"lake-1003","name":"Madiwala Lake(BTM Lake)"},"geometry":{"type":"MultiPolygon","coordinates":[[[[77.60994,12.90307],[77.60993,12.90302],[77.61148,12.90284],[77.61188,12.90227],[77.61217,12.90204],[77.61256,12.90181],[77.61329,12.90156],[77.6139,12.90151],[77.61464,12.90152],[77.6165,12.90179],[77.61579,12.90124],[77.61398,12.8993],[77.61386,12.89924],[77.61326,12.89939],[77.61317,12.89936],[77.61291,12.8981],[77.61232,12.89797],[77.61218,12.89798],[77.61205,12.89806],[77.61202,12.89831],[77.61229,12.89894],[77.61247,12.89983],[77.6124,12.89992],[77.61175,12.90005],[77.61187,12.90207],[77.61138,12.90228],[77.61137,12.90255],[77.61133,12.90262],[77.61126,12.90266],[77.61069,12.90278],[77.61013,12.90297],[77.60976,12.90299],[77.60909,12.9031],[77.60907,12.90316],[77.60994,12.90307]]]]}},{"type":"Feature","properties":{"id":"lake-1004","name":"Mapped lake/tank"},"geometry":{"type":"MultiPolygon","coordinates":[[[[77.60791,12.86403],[77.60803,12.86396],[77.60829,12.86391],[77.60831,12.86387],[77.60821,12.86295],[77.60832,12.86269],[77.60841,12.86259],[77.60837,12.86227],[77.60833,12.86221],[77.60684,12.86226],[77.60684,12.86232],[77.60701,12.86251],[77.60729,12.86293],[77.60739,12.86327],[77.60735,12.86362],[77.60713,12.86411],[77.60695,12.86434],[77.60695,12.86443],[77.60708,12.8644],[77.60735,12.86419],[77.60763,12.86408],[77.60791,12.86403]]]]}},{"type":"Feature","properties":{"id":"lake-1005","name":"Mapped lake/tank"},"geometry":{"type":"MultiPolygon","coordinates":[[[[77.6041,12.87417],[77.60432,12.87407],[77.60477,12.87395],[77.60616,12.87366],[77.60764,12.8738],[77.60871,12.87455],[77.60888,12.87459],[77.60894,12.8745],[77.60844,12.87385],[77.60778,12.87328],[77.60767,12.87293],[77.60755,12.87287],[77.60748,12.8727],[77.6074,12.87238],[77.60746,12.87185],[77.60727,12.8711],[77.60727,12.87097],[77.60742,12.87086],[77.60742,12.87071],[77.6072,12.87001],[77.60711,12.86993],[77.60656,12.86998],[77.60644,12.8699],[77.60616,12.86928],[77.60555,12.86817],[77.6054,12.86816],[77.60526,12.86802],[77.60488,12.86721],[77.60487,12.86674],[77.60471,12.86628],[77.60453,12.86532],[77.6037,12.86502],[77.60357,12.86514],[77.60339,12.86543],[77.60316,12.86595],[77.60263,12.86668],[77.6025,12.86678],[77.60223,12.86689],[77.60098,12.86716],[77.60242,12.87228],[77.60268,12.87347],[77.60283,12.87525],[77.6032,12.87529],[77.60349,12.87453],[77.60384,12.87428],[77.6041,12.87417]]]]}},{"type":"Feature","properties":{"id":"lake-1006","name":"Mapped lake/tank"},"geometry":{"type":"MultiPolygon","coordinates":[[[[77.58034,12.87372],[77.57994,12.8729],[77.57996,12.87481],[77.58041,12.87496],[77.58106,12.87507],[77.58141,12.87521],[77.5814,12.87494],[77.58133,12.87481],[77.58097,12.8745],[77.58064,12.87402],[77.58034,12.87372]]]]}},{"type":"Feature","properties":{"id":"lake-1007","name":"Mapped lake/tank"},"geometry":{"type":"MultiPolygon","coordinates":[[[[77.61696,12.86038],[77.61696,12.86034],[77.6171,12.86026],[77.61776,12.86025],[77.6182,12.86037],[77.61849,12.86039],[77.61867,12.8603],[77.6187,12.86022],[77.61866,12.86017],[77.61817,12.86007],[77.61767,12.85974],[77.61749,12.85953],[77.61743,12.85889],[77.61737,12.85878],[77.61719,12.85865],[77.61707,12.85881],[77.61613,12.85941],[77.61512,12.85983],[77.61523,12.86055],[77.61538,12.86089],[77.61553,12.86092],[77.61668,12.86076],[77.61688,12.8606],[77.61696,12.86038]]]]}},{"type":"Feature","properties":{"id":"lake-1008","name":"Mapped lake/tank"},"geometry":{"type":"MultiPolygon","coordinates":[[[[77.59243,12.85596],[77.5926,12.85593],[77.5926,12.85589],[77.59205,12.85374],[77.59149,12.85297],[77.59133,12.85255],[77.59074,12.85147],[77.59037,12.85055],[77.59032,12.85051],[77.5892,12.85039],[77.58916,12.85045],[77.58888,12.85192],[77.58881,12.85202],[77.58843,12.85211],[77.58856,12.85322],[77.58903,12.85312],[77.58934,12.85455],[77.58911,12.85639],[77.58921,12.85633],[77.58941,12.85589],[77.58986,12.85517],[77.59025,12.85473],[77.59042,12.8546],[77.59079,12.85442],[77.59125,12.85427],[77.59157,12.8543],[77.59168,12.85439],[77.59184,12.85463],[77.59227,12.85571],[77.59243,12.85596]]]]}},{"type":"Feature","properties":{"id":"lake-1009","name":"Mapped lake/tank"},"geometry":{"type":"MultiPolygon","coordinates":[[[[77.5857,12.86448],[77.58518,12.86337],[77.58516,12.86266],[77.5851,12.86263],[77.5848,12.86266],[77.58455,12.8632],[77.58431,12.8639],[77.58467,12.86408],[77.58506,12.86437],[77.58539,12.86471],[77.58553,12.86473],[77.58561,12.86469],[77.58567,12.86463],[77.5857,12.86448]]]]}},{"type":"Feature","properties":{"id":"lake-1010","name":"Mapped lake/tank"},"geometry":{"type":"MultiPolygon","coordinates":[[[[77.5899,12.86662],[77.58993,12.86631],[77.59052,12.86543],[77.59095,12.86529],[77.59154,12.86526],[77.59148,12.86509],[77.59136,12.86503],[77.59116,12.86504],[77.59068,12.86511],[77.59037,12.8652],[77.58996,12.86515],[77.58974,12.86508],[77.58924,12.86452],[77.58917,12.86449],[77.58904,12.8645],[77.58924,12.86628],[77.58937,12.86639],[77.58978,12.86661],[77.5899,12.86662]]]]}},{"type":"Feature","properties":{"id":"lake-1011","name":"Mapped lake/tank"},"geometry":{"type":"MultiPolygon","coordinates":[[[[77.62322,12.85984],[77.62327,12.85978],[77.62331,12.85949],[77.62348,12.85924],[77.62408,12.85878],[77.62481,12.85813],[77.62526,12.85796],[77.62558,12.85794],[77.62583,12.85802],[77.62582,12.85746],[77.6255,12.8575],[77.62488,12.85732],[77.6248,12.85717],[77.62472,12.85676],[77.62426,12.8569],[77.62374,12.85736],[77.62346,12.85733],[77.62342,12.85729],[77.62342,12.85713],[77.62333,12.85702],[77.62306,12.85708],[77.62302,12.85688],[77.62293,12.85685],[77.62278,12.85689],[77.6226,12.85677],[77.62247,12.85675],[77.62193,12.85678],[77.62143,12.85712],[77.62143,12.85777],[77.62158,12.85825],[77.62164,12.85831],[77.62176,12.85833],[77.62249,12.85835],[77.62296,12.85973],[77.62307,12.85985],[77.62322,12.85984]]]]}},{"type":"Feature","properties":{"id":"lake-1012","name":"Mapped lake/tank"},"geometry":{"type":"MultiPolygon","coordinates":[[[[77.61231,12.8329],[77.61245,12.83265],[77.61303,12.83205],[77.61232,12.83206],[77.61218,12.83212],[77.61153,12.83206],[77.61169,12.83283],[77.61231,12.8329]]]]}},{"type":"Feature","properties":{"id":"lake-1013","name":"Mapped lake/tank"},"geometry":{"type":"MultiPolygon","coordinates":[[[[77.60209,12.85762],[77.60225,12.85743],[77.60236,12.85719],[77.60258,12.85633],[77.60262,12.85627],[77.60294,12.85617],[77.60322,12.85617],[77.60349,12.85627],[77.60402,12.85635],[77.60438,12.85647],[77.60466,12.85679],[77.60477,12.85698],[77.60499,12.85701],[77.60503,12.85689],[77.6048,12.8548],[77.60475,12.85464],[77.60475,12.85421],[77.60472,12.85415],[77.60351,12.85404],[77.60328,12.85531],[77.60317,12.85542],[77.60275,12.85563],[77.60264,12.85579],[77.60226,12.85615],[77.60199,12.85655],[77.6019,12.85701],[77.60191,12.85719],[77.60187,12.85731],[77.60177,12.8574],[77.60175,12.85758],[77.60186,12.85767],[77.60209,12.85762]]]]}},{"type":"Feature","properties":{"id":"lake-1014","name":"Mapped lake/tank"},"geometry":{"type":"MultiPolygon","coordinates":[[[[77.62321,12.85005],[77.62293,12.84888],[77.62289,12.84885],[77.62227,12.84889],[77.62212,12.84905],[77.62189,12.84987],[77.62159,12.85032],[77.62162,12.85037],[77.62184,12.85034],[77.62237,12.85016],[77.62321,12.85005]]]]}},{"type":"Feature","properties":{"id":"lake-1015","name":"Mapped lake/tank"},"geometry":{"type":"MultiPolygon","coordinates":[[[[77.62403,12.84607],[77.62408,12.84597],[77.62375,12.84545],[77.62343,12.84521],[77.62327,12.845],[77.62314,12.84468],[77.6232,12.84446],[77.62319,12.84435],[77.62294,12.84424],[77.62265,12.84442],[77.62247,12.84439],[77.62219,12.84444],[77.62209,12.84472],[77.62195,12.84486],[77.62206,12.84532],[77.62207,12.84568],[77.62217,12.84591],[77.62216,12.84611],[77.62238,12.84622],[77.62349,12.84588],[77.62384,12.84596],[77.62403,12.84607]]]]}},{"type":"Feature","properties":{"id":"lake-1016","name":"Mapped lake/tank"},"geometry":{"type":"MultiPolygon","coordinates":[[[[77.61771,12.85502],[77.61776,12.85496],[77.61762,12.85433],[77.61761,12.85413],[77.61794,12.85329],[77.61807,12.85316],[77.61816,12.85315],[77.61867,12.85334],[77.6191,12.85337],[77.6193,12.85328],[77.61925,12.85314],[77.6187,12.85294],[77.61847,12.8528],[77.61763,12.85272],[77.61742,12.85263],[77.61659,12.8521],[77.61637,12.852],[77.61613,12.85197],[77.61579,12.85207],[77.61573,12.85221],[77.61575,12.85234],[77.61613,12.85332],[77.61636,12.85368],[77.61716,12.85471],[77.6175,12.85496],[77.61771,12.85502]]]]}},{"type":"Feature","properties":{"id":"lake-1017","name":"Mapped lake/tank"},"geometry":{"type":"MultiPolygon","coordinates":[[[[77.615,12.84854],[77.61494,12.84851],[77.61457,12.84851],[77.61398,12.84855],[77.61378,12.84859],[77.61367,12.84866],[77.61355,12.84895],[77.61373,12.8493],[77.61384,12.84968],[77.61408,12.84975],[77.61426,12.84935],[77.61474,12.84892],[77.615,12.84854]]]]}},{"type":"Feature","properties":{"id":"lake-1018","name":"Mapped lake/tank"},"geometry":{"type":"MultiPolygon","coordinates":[[[[77.60257,12.84936],[77.60278,12.84921],[77.60336,12.84913],[77.60397,12.8492],[77.60415,12.84926],[77.60426,12.84935],[77.60447,12.84934],[77.60447,12.84905],[77.60417,12.84831],[77.60393,12.84835],[77.60262,12.84839],[77.60238,12.84896],[77.6023,12.84905],[77.6021,12.84911],[77.60204,12.84917],[77.60222,12.8494],[77.60257,12.84936]]]]}},{"type":"Feature","properties":{"id":"lake-1019","name":"Mapped lake/tank"},"geometry":{"type":"MultiPolygon","coordinates":[[[[77.61512,12.8723],[77.61518,12.87227],[77.61516,12.87202],[77.61508,12.87153],[77.61497,12.87114],[77.61382,12.87131],[77.61375,12.87133],[77.61354,12.87179],[77.61325,12.87263],[77.61341,12.87266],[77.61345,12.87262],[77.61351,12.87234],[77.61375,12.87203],[77.61443,12.87206],[77.61469,12.87211],[77.61512,12.8723]]]]}},{"type":"Feature","properties":{"id":"lake-1020","name":"Mapped lake/tank"},"geometry":{"type":"MultiPolygon","coordinates":[[[[77.61354,12.86715],[77.61434,12.86705],[77.61461,12.86707],[77.6147,12.86704],[77.61479,12.86695],[77.6148,12.86677],[77.61468,12.86583],[77.61451,12.86576],[77.61421,12.86584],[77.61411,12.86593],[77.614,12.8662],[77.6139,12.86632],[77.6129,12.86702],[77.61295,12.86731],[77.61305,12.8674],[77.61333,12.86719],[77.61354,12.86715]]]]}},{"type":"Feature","properties":{"id":"lake-1021","name":"Mapped lake/tank"},"geometry":{"type":"MultiPolygon","coordinates":[[[[77.58863,12.84583],[77.58881,12.84545],[77.58901,12.84526],[77.5893,12.84512],[77.58965,12.8451],[77.59009,12.84529],[77.59025,12.84531],[77.59007,12.84475],[77.58962,12.84372],[77.58942,12.84385],[77.58859,12.84409],[77.58858,12.84426],[77.58865,12.84452],[77.58861,12.84505],[77.58836,12.84556],[77.58826,12.84561],[77.58828,12.84591],[77.58839,12.84597],[77.58847,12.84595],[77.58863,12.84583]]]]}},{"type":"Feature","properties":{"id":"lake-1022","name":"Mapped lake/tank"},"geometry":{"type":"MultiPolygon","coordinates":[[[[77.61092,12.83844],[77.61087,12.83833],[77.61083,12.83795],[77.61086,12.83795],[77.61092,12.83764],[77.6111,12.83718],[77.61161,12.83652],[77.6117,12.83636],[77.6117,12.83627],[77.61156,12.83623],[77.61127,12.83648],[77.61092,12.83661],[77.61076,12.83662],[77.61041,12.8364],[77.61,12.83588],[77.60989,12.83583],[77.60973,12.83601],[77.60973,12.83654],[77.60941,12.83716],[77.60893,12.83832],[77.60883,12.839],[77.60897,12.83909],[77.60976,12.83907],[77.6103,12.83899],[77.61092,12.83844]]]]}},{"type":"Feature","properties":{"id":"lake-1023","name":"Mapped lake/tank"},"geometry":{"type":"MultiPolygon","coordinates":[[[[77.61733,12.83775],[77.61775,12.83756],[77.61778,12.8375],[77.61728,12.8359],[77.61687,12.83645],[77.61636,12.83681],[77.61634,12.83707],[77.61636,12.83714],[77.61699,12.83774],[77.61719,12.83782],[77.61733,12.83775]]]]}},{"type":"Feature","properties":{"id":"lake-1024","name":"Mapped lake/tank"},"geometry":{"type":"MultiPolygon","coordinates":[[[[77.60747,12.87192],[77.60745,12.87243],[77.60757,12.87282],[77.60766,12.87288],[77.60747,12.87192]]]]}},{"type":"Feature","properties":{"id":"lake-1025","name":"Hosakerehalli Lake"},"geometry":{"type":"MultiPolygon","coordinates":[[[[77.53483,12.92901],[77.53505,12.92898],[77.5349,12.9278],[77.53496,12.92753],[77.5351,12.92727],[77.5352,12.92717],[77.5354,12.92707],[77.53664,12.92669],[77.5367,12.9266],[77.53676,12.92543],[77.53674,12.92386],[77.53653,12.92369],[77.5363,12.9236],[77.53591,12.92363],[77.53548,12.92374],[77.53503,12.92402],[77.53476,12.92433],[77.53442,12.92447],[77.53446,12.92881],[77.5347,12.92903],[77.53483,12.92901]]]]}},{"type":"Feature","properties":{"id":"lake-1026","name":"Kempambudhi Kere"},"geometry":{"type":"MultiPolygon","coordinates":[[[[77.56168,12.95127],[77.56189,12.95089],[77.56195,12.95051],[77.56183,12.95029],[77.56155,12.95017],[77.56141,12.95017],[77.56126,12.95027],[77.561,12.95065],[77.56002,12.95122],[77.55981,12.95118],[77.55935,12.9509],[77.55914,12.95068],[77.55897,12.95037],[77.55889,12.95033],[77.55854,12.95027],[77.5584,12.95067],[77.5584,12.95076],[77.55856,12.95107],[77.55862,12.95172],[77.55891,12.95243],[77.55923,12.95255],[77.55954,12.95275],[77.55964,12.95289],[77.55965,12.9531],[77.55977,12.95331],[77.56003,12.95341],[77.56022,12.95339],[77.56071,12.95321],[77.56106,12.95299],[77.56125,12.95282],[77.5614,12.95258],[77.56144,12.95235],[77.56142,12.95165],[77.56168,12.95127]]]]}},{"type":"Feature","properties":{"id":"lake-1027","name":"Mapped lake/tank"},"geometry":{"type":"MultiPolygon","coordinates":[[[[77.57787,12.93296],[77.57737,12.93266],[77.57707,12.93241],[77.57572,12.93245],[77.57561,12.93324],[77.57534,12.93424],[77.57569,12.93431],[77.57624,12.93461],[77.57709,12.93466],[77.57713,12.93461],[77.57718,12.93435],[77.57768,12.93427],[77.57778,12.93419],[77.57786,12.93356],[77.57787,12.93296]]]]}},{"type":"Feature","properties":{"id":"lake-1028","name":"Mapped lake/tank"},"geometry":{"type":"MultiPolygon","coordinates":[[[[77.55687,12.90668],[77.55639,12.90663],[77.55629,12.90657],[77.55485,12.90733],[77.55498,12.90749],[77.55536,12.90761],[77.55559,12.90774],[77.5559,12.90801],[77.55603,12.90827],[77.55623,12.9082],[77.5563,12.90824],[77.55648,12.90822],[77.55675,12.90826],[77.5573,12.90846],[77.55731,12.9084],[77.55726,12.90841],[77.55718,12.90828],[77.55724,12.90825],[77.55693,12.90751],[77.55681,12.9069],[77.55687,12.90668]]]]}},{"type":"Feature","properties":{"id":"lake-1029","name":"Mapped lake/tank"},"geometry":{"type":"MultiPolygon","coordinates":[[[[77.56128,12.88163],[77.56123,12.88161],[77.56119,12.88176],[77.56128,12.88185],[77.56139,12.88184],[77.56139,12.88165],[77.56128,12.88163]]]]}},{"type":"Feature","properties":{"id":"lake-1030","name":"Mapped lake/tank"},"geometry":{"type":"MultiPolygon","coordinates":[[[[77.54171,12.90682],[77.54089,12.90762],[77.54022,12.90803],[77.54013,12.90823],[77.54108,12.90875],[77.54156,12.90885],[77.54227,12.90913],[77.54261,12.90907],[77.54289,12.90885],[77.54294,12.90865],[77.54207,12.90757],[77.54171,12.90682]]]]}},{"type":"Feature","properties":{"id":"lake-1031","name":"Mapped lake/tank"},"geometry":{"type":"MultiPolygon","coordinates":[[[[77.54293,12.90853],[77.54297,12.90873],[77.54287,12.90892],[77.54269,12.90907],[77.54238,12.90917],[77.54263,12.90917],[77.54261,12.90939],[77.54297,12.90952],[77.5438,12.90961],[77.54382,12.90957],[77.54373,12.90952],[77.54366,12.90937],[77.5436,12.90938],[77.54358,12.90928],[77.54333,12.90932],[77.54331,12.90914],[77.54293,12.90853]]]]}},{"type":"Feature","properties":{"id":"lake-1032","name":"Mapped lake/tank"},"geometry":{"type":"MultiPolygon","coordinates":[[[[77.55071,12.90259],[77.55058,12.90258],[77.55051,12.90267],[77.55056,12.90283],[77.55072,12.90286],[77.55084,12.9028],[77.55081,12.90265],[77.55071,12.90259]]]]}},{"type":"Feature","properties":{"id":"lake-1033","name":"Mapped lake/tank"},"geometry":{"type":"MultiPolygon","coordinates":[[[[77.54373,12.89764],[77.54371,12.89744],[77.5439,12.89724],[77.54389,12.89689],[77.54372,12.89691],[77.54371,12.89641],[77.54354,12.89642],[77.54343,12.89549],[77.5432,12.89521],[77.54317,12.89462],[77.5426,12.89455],[77.54238,12.89506],[77.54248,12.8951],[77.54234,12.89539],[77.54244,12.89546],[77.54215,12.89614],[77.54181,12.89609],[77.54159,12.89658],[77.54141,12.89652],[77.54116,12.89698],[77.5412,12.89713],[77.5419,12.89693],[77.54231,12.89689],[77.54254,12.89701],[77.5429,12.8978],[77.54307,12.89781],[77.54373,12.89764]]]]}},{"type":"Feature","properties":{"id":"lake-1034","name":"Mapped lake/tank"},"geometry":{"type":"MultiPolygon","coordinates":[[[[77.57599,12.8914],[77.57599,12.89113],[77.57573,12.89111],[77.57574,12.89098],[77.57549,12.89097],[77.57547,12.89059],[77.57551,12.89002],[77.57563,12.89003],[77.57582,12.88875],[77.576,12.88807],[77.57626,12.88757],[77.57647,12.88733],[77.57664,12.88663],[77.57662,12.88639],[77.57649,12.88618],[77.57645,12.88592],[77.5765,12.88565],[77.57647,12.88562],[77.57637,12.88565],[77.57623,12.88577],[77.57606,12.88611],[77.5759,12.88627],[77.57534,12.88653],[77.57517,12.88676],[77.57448,12.8871],[77.57388,12.88728],[77.57403,12.88771],[77.57445,12.88819],[77.57505,12.88921],[77.57501,12.89025],[77.57511,12.89071],[77.5756,12.89147],[77.57599,12.8914]]]]}},{"type":"Feature","properties":{"id":"lake-1035","name":"Mapped lake/tank"},"geometry":{"type":"MultiPolygon","coordinates":[[[[77.55504,12.89824],[77.55497,12.89811],[77.55502,12.89798],[77.55513,12.89788],[77.55533,12.89787],[77.55533,12.89782],[77.55529,12.89775],[77.55512,12.89766],[77.55459,12.89715],[77.55446,12.89706],[77.55365,12.89722],[77.55389,12.89842],[77.55504,12.89824]]]]}},{"type":"Feature","properties":{"id":"lake-1036","name":"Mapped lake/tank"},"geometry":{"type":"MultiPolygon","coordinates":[[[[77.54078,12.88143],[77.54142,12.88123],[77.54198,12.88113],[77.5418,12.88029],[77.54137,12.88036],[77.54119,12.87992],[77.54039,12.87998],[77.54004,12.88014],[77.5399,12.88028],[77.53979,12.88054],[77.53982,12.88072],[77.54023,12.88086],[77.54054,12.88132],[77.54071,12.88143],[77.54078,12.88143]]]]}},{"type":"Feature","properties":{"id":"lake-1037","name":"Mapped lake/tank"},"geometry":{"type":"MultiPolygon","coordinates":[[[[77.56543,12.90064],[77.5654,12.90053],[77.56597,12.90036],[77.5661,12.90022],[77.56621,12.89931],[77.56616,12.89896],[77.56625,12.89896],[77.56623,12.89866],[77.56506,12.89875],[77.56495,12.89948],[77.56507,12.89985],[77.56508,12.9004],[77.56524,12.90064],[77.56543,12.90064]]]]}},{"type":"Feature","properties":{"id":"lake-1038","name":"Mapped lake/tank"},"geometry":{"type":"MultiPolygon","coordinates":[[[[77.55747,12.89074],[77.55728,12.89066],[77.55714,12.89088],[77.557,12.891],[77.55659,12.8909],[77.55629,12.89091],[77.55551,12.89114],[77.55509,12.89121],[77.55516,12.89139],[77.55591,12.89125],[77.55622,12.89125],[77.55636,12.89132],[77.5565,12.89147],[77.55674,12.89204],[77.55716,12.89173],[77.55743,12.89105],[77.55747,12.89074]]]]}},{"type":"Feature","properties":{"id":"lake-1039","name":"Mapped lake/tank"},"geometry":{"type":"MultiPolygon","coordinates":[[[[77.55432,12.89506],[77.55445,12.89448],[77.5537,12.89427],[77.55355,12.89489],[77.55432,12.89506]]]]}},{"type":"Feature","properties":{"id":"lake-1040","name":"Mapped lake/tank"},"geometry":{"type":"MultiPolygon","coordinates":[[[[77.56803,12.89253],[77.56887,12.89242],[77.56895,12.89169],[77.56936,12.89022],[77.56901,12.89019],[77.56812,12.89028],[77.56766,12.89027],[77.56795,12.89254],[77.56803,12.89253]]]]}},{"type":"Feature","properties":{"id":"lake-1041","name":"Mapped lake/tank"},"geometry":{"type":"MultiPolygon","coordinates":[[[[77.57816,12.89745],[77.57799,12.89749],[77.5779,12.89757],[77.57782,12.89792],[77.57784,12.89808],[77.57796,12.89819],[77.57803,12.89836],[77.57822,12.89861],[77.57839,12.89876],[77.57852,12.89877],[77.57862,12.89868],[77.57867,12.89855],[77.57869,12.89837],[77.57863,12.89801],[77.57853,12.89776],[77.57816,12.89745]]]]}},{"type":"Feature","properties":{"id":"lake-1042","name":"Mapped lake/tank"},"geometry":{"type":"MultiPolygon","coordinates":[[[[77.57911,12.9017],[77.5779,12.90037],[77.57793,12.90092],[77.57812,12.90183],[77.57823,12.90187],[77.57841,12.90186],[77.57911,12.9017]]]]}},{"type":"Feature","properties":{"id":"lake-1043","name":"Mapped lake/tank"},"geometry":{"type":"MultiPolygon","coordinates":[[[[77.57784,12.89667],[77.57518,12.89514],[77.57475,12.89482],[77.57468,12.89491],[77.57466,12.89518],[77.57469,12.89536],[77.57527,12.8959],[77.57588,12.89656],[77.57609,12.89669],[77.57642,12.89723],[77.57695,12.89797],[77.57784,12.89667]]]]}},{"type":"Feature","properties":{"id":"lake-1044","name":"Mapped lake/tank"},"geometry":{"type":"MultiPolygon","coordinates":[[[[77.53785,12.85557],[77.53769,12.85555],[77.53753,12.85572],[77.53735,12.85632],[77.53741,12.85703],[77.53748,12.85726],[77.53773,12.85734],[77.53781,12.85732],[77.53793,12.85711],[77.538,12.85675],[77.5382,12.85638],[77.53822,12.85623],[77.5382,12.85603],[77.53805,12.85574],[77.53785,12.85557]]]]}},{"type":"Feature","properties":{"id":"lake-1045","name":"Mapped lake/tank"},"geometry":{"type":"MultiPolygon","coordinates":[[[[77.55391,12.83973],[77.55425,12.83961],[77.55437,12.83951],[77.55459,12.83942],[77.55461,12.83933],[77.5545,12.83902],[77.55429,12.839],[77.55408,12.8389],[77.5538,12.83891],[77.55318,12.83879],[77.55311,12.83894],[77.55287,12.83985],[77.55287,12.84],[77.55294,12.84006],[77.55313,12.84009],[77.55375,12.83975],[77.55391,12.83973]]]]}},{"type":"Feature","properties":{"id":"lake-1046","name":"Mapped lake/tank"},"geometry":{"type":"MultiPolygon","coordinates":[[[[77.56457,12.83704],[77.56466,12.83695],[77.56466,12.83683],[77.56445,12.83657],[77.56415,12.83629],[77.56378,12.83577],[77.56366,12.83532],[77.56354,12.83505],[77.56303,12.83458],[77.56283,12.83433],[77.56278,12.83418],[77.56284,12.83391],[77.56282,12.83383],[77.56276,12.83384],[77.56257,12.83403],[77.5615,12.83471],[77.56149,12.83482],[77.56156,12.83494],[77.56196,12.83505],[77.56218,12.83521],[77.56228,12.83535],[77.56229,12.83563],[77.56219,12.83594],[77.56219,12.83607],[77.56238,12.83621],[77.56244,12.83679],[77.56254,12.8369],[77.56271,12.83698],[77.5628,12.83753],[77.56299,12.83758],[77.56317,12.83757],[77.56324,12.83752],[77.56328,12.83708],[77.56322,12.83648],[77.56324,12.83639],[77.56329,12.83636],[77.56361,12.83638],[77.56419,12.83664],[77.56426,12.8367],[77.56435,12.83696],[77.56442,12.83704],[77.56457,12.83704]]]]}},{"type":"Feature","properties":{"id":"lake-1047","name":"Mapped lake/tank"},"geometry":{"type":"MultiPolygon","coordinates":[[[[77.57554,12.83242],[77.57477,12.83243],[77.57471,12.83261],[77.57483,12.83291],[77.5749,12.83294],[77.57521,12.83291],[77.57541,12.83309],[77.57549,12.83294],[77.57554,12.83242]]]]}},{"type":"Feature","properties":{"id":"lake-1048","name":"Mapped lake/tank"},"geometry":{"type":"MultiPolygon","coordinates":[[[[77.54649,12.83421],[77.54659,12.8341],[77.54658,12.83394],[77.54652,12.83385],[77.54649,12.83365],[77.54636,12.83353],[77.54637,12.83338],[77.54629,12.8333],[77.54636,12.83313],[77.54629,12.83284],[77.54608,12.83271],[77.54526,12.83271],[77.54523,12.83279],[77.54538,12.83279],[77.54549,12.83287],[77.54551,12.83302],[77.54571,12.83337],[77.5458,12.83367],[77.5457,12.83403],[77.54583,12.83415],[77.54592,12.83433],[77.54595,12.83452],[77.54602,12.83456],[77.54615,12.83455],[77.54617,12.83438],[77.54628,12.83421],[77.54634,12.83418],[77.54649,12.83421]]]]}},{"type":"Feature","properties":{"id":"lake-1049","name":"Mapped lake/tank"},"geometry":{"type":"MultiPolygon","coordinates":[[[[77.5357,12.8417],[77.53578,12.8417],[77.53599,12.84186],[77.53646,12.84181],[77.5367,12.84191],[77.53726,12.84199],[77.53765,12.84188],[77.53771,12.84163],[77.53763,12.8415],[77.53731,12.84135],[77.5372,12.84118],[77.53719,12.84093],[77.53731,12.84048],[77.53727,12.84028],[77.53713,12.84029],[77.53705,12.84035],[77.53696,12.84085],[77.53689,12.84095],[77.53659,12.84116],[77.53641,12.84108],[77.53605,12.84057],[77.53587,12.84047],[77.53566,12.84009],[77.53554,12.83957],[77.53534,12.83936],[77.53518,12.83855],[77.53491,12.83819],[77.53487,12.83747],[77.53496,12.83737],[77.53496,12.83726],[77.53517,12.83734],[77.53522,12.83731],[77.53512,12.83704],[77.53505,12.83616],[77.53521,12.83563],[77.53544,12.83416],[77.53536,12.83396],[77.53521,12.83385],[77.53513,12.83384],[77.535,12.83388],[77.53352,12.83464],[77.53358,12.84114],[77.53367,12.84126],[77.53378,12.84156],[77.53385,12.84165],[77.53408,12.84178],[77.53424,12.84174],[77.53436,12.84152],[77.53443,12.84149],[77.53453,12.8415],[77.53471,12.84164],[77.53475,12.84177],[77.53474,12.84238],[77.53488,12.84264],[77.53484,12.84315],[77.53492,12.84329],[77.53493,12.84343],[77.53501,12.84349],[77.53518,12.84343],[77.53522,12.84331],[77.53517,12.84318],[77.53519,12.84307],[77.5354,12.8429],[77.53543,12.84246],[77.5356,12.84211],[77.53565,12.84177],[77.5357,12.8417]]]]}},{"type":"Feature","properties":{"id":"lake-1050","name":"Mapped lake/tank"},"geometry":{"type":"MultiPolygon","coordinates":[[[[77.53408,12.84775],[77.53409,12.84761],[77.53405,12.84756],[77.53365,12.84759],[77.53365,12.84846],[77.53399,12.84796],[77.53408,12.84775]]]]}},{"type":"Feature","properties":{"id":"lake-1051","name":"Mapped lake/tank"},"geometry":{"type":"MultiPolygon","coordinates":[[[[77.55642,12.87097],[77.55599,12.87018],[77.55498,12.87044],[77.55481,12.87024],[77.55462,12.87047],[77.55466,12.87051],[77.55484,12.87057],[77.55523,12.87142],[77.55642,12.87097]]]]}},{"type":"Feature","properties":{"id":"lake-1052","name":"Mapped lake/tank"},"geometry":{"type":"MultiPolygon","coordinates":[[[[77.56677,12.86716],[77.56719,12.86705],[77.56735,12.86692],[77.56745,12.86676],[77.56763,12.86578],[77.5679,12.86569],[77.56799,12.86464],[77.56747,12.86472],[77.56712,12.86438],[77.56686,12.86423],[77.56613,12.86399],[77.566,12.86387],[77.56538,12.86293],[77.56498,12.86263],[77.56471,12.86266],[77.56464,12.86271],[77.56507,12.86319],[77.5657,12.86446],[77.56573,12.86496],[77.56568,12.86535],[77.5653,12.86644],[77.56532,12.86675],[77.56543,12.86701],[77.56554,12.86718],[77.56677,12.86716]]]]}},{"type":"Feature","properties":{"id":"lake-1053","name":"Mapped lake/tank"},"geometry":{"type":"MultiPolygon","coordinates":[[[[77.56339,12.84814],[77.56299,12.84783],[77.56225,12.84772],[77.56115,12.84748],[77.56085,12.84732],[77.55994,12.84725],[77.55909,12.84725],[77.55877,12.84748],[77.55882,12.84772],[77.55877,12.84827],[77.55857,12.84856],[77.55836,12.84873],[77.55849,12.84904],[77.55839,12.84925],[77.56047,12.84868],[77.56229,12.84829],[77.56339,12.84814]]]]}},{"type":"Feature","properties":{"id":"lake-1054","name":"Mapped lake/tank"},"geometry":{"type":"MultiPolygon","coordinates":[[[[77.57881,12.87517],[77.57876,12.87512],[77.5794,12.87471],[77.57974,12.8747],[77.57996,12.87481],[77.57994,12.8729],[77.57958,12.87187],[77.57917,12.87185],[77.57902,12.87193],[77.57895,12.87305],[77.57879,12.87336],[77.57881,12.87445],[77.57877,12.87481],[77.57866,12.87507],[77.5783,12.87563],[77.57839,12.87569],[77.57881,12.87517]]]]}},{"type":"Feature","properties":{"id":"lake-1055","name":"Mapped lake/tank"},"geometry":{"type":"MultiPolygon","coordinates":[[[[77.5917,12.79435],[77.59157,12.79406],[77.59152,12.79407],[77.59104,12.79459],[77.5908,12.79473],[77.59093,12.79504],[77.59136,12.79545],[77.59165,12.79559],[77.59231,12.79533],[77.5917,12.79435]]]]}},{"type":"Feature","properties":{"id":"lake-1056","name":"Mapped lake/tank"},"geometry":{"type":"MultiPolygon","coordinates":[[[[77.59669,12.78704],[77.59636,12.78704],[77.5964,12.78741],[77.59634,12.78759],[77.59638,12.78761],[77.5965,12.78752],[77.59669,12.78704]]]]}},{"type":"Feature","properties":{"id":"lake-1057","name":"Mapped lake/tank"},"geometry":{"type":"MultiPolygon","coordinates":[[[[77.62187,12.79324],[77.62202,12.79311],[77.62142,12.79315],[77.62125,12.79311],[77.62055,12.79367],[77.62041,12.79411],[77.6205,12.79429],[77.62063,12.79432],[77.62117,12.79403],[77.62187,12.79324]]]]}},{"type":"Feature","properties":{"id":"lake-1058","name":"Mapped lake/tank"},"geometry":{"type":"MultiPolygon","coordinates":[[[[77.58456,12.80648],[77.58464,12.80641],[77.58466,12.80626],[77.58459,12.80615],[77.58448,12.80614],[77.58415,12.80635],[77.58319,12.80678],[77.58297,12.80678],[77.58277,12.80673],[77.58255,12.80659],[77.58223,12.80631],[77.58202,12.80597],[77.58184,12.80534],[77.58203,12.80424],[77.58198,12.80418],[77.58179,12.80415],[77.58161,12.80422],[77.58158,12.80457],[77.58153,12.80469],[77.5811,12.80529],[77.5811,12.80541],[77.58123,12.80557],[77.5812,12.80569],[77.5806,12.8064],[77.58052,12.80655],[77.58135,12.80734],[77.58188,12.80796],[77.58208,12.80799],[77.58228,12.80782],[77.58274,12.80825],[77.58326,12.808],[77.58326,12.80751],[77.5835,12.80716],[77.58385,12.80688],[77.58456,12.80648]]]]}},{"type":"Feature","properties":{"id":"lake-1059","name":"Mapped lake/tank"},"geometry":{"type":"MultiPolygon","coordinates":[[[[77.59129,12.83143],[77.59138,12.83144],[77.59183,12.83124],[77.59195,12.83055],[77.59216,12.83004],[77.59212,12.82998],[77.59165,12.83022],[77.59099,12.8304],[77.59083,12.83048],[77.59084,12.83065],[77.59094,12.83089],[77.59129,12.83143]]]]}},{"type":"Feature","properties":{"id":"lake-1060","name":"Mapped lake/tank"},"geometry":{"type":"MultiPolygon","coordinates":[[[[77.60287,12.83084],[77.60293,12.8308],[77.60294,12.83071],[77.6027,12.83079],[77.60272,12.83084],[77.60287,12.83084]]]]}},{"type":"Feature","properties":{"id":"lake-1061","name":"Mapped lake/tank"},"geometry":{"type":"MultiPolygon","coordinates":[[[[77.60835,12.82714],[77.60822,12.82653],[77.60814,12.82648],[77.60801,12.8265],[77.60797,12.82668],[77.60803,12.82702],[77.60818,12.82716],[77.60831,12.82718],[77.60835,12.82714]]]]}},{"type":"Feature","properties":{"id":"lake-1062","name":"Mapped lake/tank"},"geometry":{"type":"MultiPolygon","coordinates":[[[[77.61326,12.82561],[77.61336,12.82557],[77.6134,12.82465],[77.6133,12.82452],[77.61323,12.82428],[77.6132,12.82386],[77.61328,12.82377],[77.61379,12.82345],[77.61418,12.82332],[77.61425,12.82314],[77.6143,12.82265],[77.61438,12.82243],[77.615,12.82167],[77.61514,12.82143],[77.61515,12.82061],[77.61525,12.81993],[77.61537,12.81965],[77.61541,12.81939],[77.6155,12.81929],[77.6157,12.81922],[77.61561,12.81898],[77.61544,12.81759],[77.6153,12.81785],[77.61508,12.81883],[77.615,12.81894],[77.61477,12.81905],[77.6139,12.81921],[77.61356,12.81923],[77.61287,12.81912],[77.61232,12.81878],[77.61229,12.81881],[77.61229,12.81897],[77.61248,12.81917],[77.61256,12.81945],[77.61264,12.8204],[77.61244,12.82126],[77.61235,12.82218],[77.61205,12.82298],[77.61183,12.8233],[77.6117,12.82379],[77.61218,12.82454],[77.61229,12.82486],[77.6125,12.82501],[77.61259,12.82542],[77.61296,12.82564],[77.61326,12.82561]]]]}},{"type":"Feature","properties":{"id":"lake-1063","name":"Mapped lake/tank"},"geometry":{"type":"MultiPolygon","coordinates":[[[[77.60806,12.80035],[77.60812,12.80034],[77.60814,12.80019],[77.60828,12.79991],[77.60824,12.79958],[77.60829,12.79916],[77.60828,12.79812],[77.60817,12.7981],[77.60723,12.79814],[77.60678,12.79825],[77.60663,12.79842],[77.6061,12.79855],[77.60589,12.79871],[77.60575,12.79888],[77.60572,12.79929],[77.6053,12.79934],[77.60549,12.79974],[77.60558,12.80011],[77.60563,12.80013],[77.60591,12.80008],[77.60644,12.80013],[77.60771,12.80035],[77.60806,12.80035]]]]}},{"type":"Feature","properties":{"id":"lake-1064","name":"Mapped lake/tank"},"geometry":{"type":"MultiPolygon","coordinates":[[[[77.62067,12.83078],[77.6216,12.83079],[77.62183,12.83075],[77.62199,12.83067],[77.6221,12.83054],[77.62212,12.83021],[77.62182,12.82971],[77.62066,12.82862],[77.62037,12.82788],[77.62022,12.82786],[77.61982,12.82798],[77.61991,12.82823],[77.62009,12.82845],[77.62045,12.8291],[77.62055,12.82953],[77.62033,12.8302],[77.62004,12.83042],[77.61993,12.83058],[77.61963,12.83059],[77.6196,12.83073],[77.61963,12.83079],[77.61975,12.83084],[77.62067,12.83078]]]]}},{"type":"Feature","properties":{"id":"lake-1065","name":"Mapped lake/tank"},"geometry":{"type":"MultiPolygon","coordinates":[[[[77.61917,12.792],[77.61931,12.79208],[77.61969,12.79195],[77.62025,12.79152],[77.62028,12.79137],[77.62012,12.79129],[77.61882,12.79148],[77.61883,12.79161],[77.61917,12.792]]]]}},{"type":"Feature","properties":{"id":"lake-1066","name":"Mapped lake/tank"},"geometry":{"type":"MultiPolygon","coordinates":[[[[77.59512,12.82383],[77.59537,12.82356],[77.59501,12.8237],[77.59473,12.82373],[77.59385,12.82356],[77.5936,12.82344],[77.59313,12.82306],[77.59302,12.82286],[77.5929,12.82251],[77.59272,12.82291],[77.5924,12.82309],[77.59232,12.82318],[77.59222,12.82374],[77.59194,12.82385],[77.59184,12.82396],[77.59174,12.82438],[77.59198,12.82527],[77.59211,12.82534],[77.59262,12.82544],[77.59286,12.82503],[77.59298,12.82494],[77.59355,12.82462],[77.59445,12.82428],[77.59512,12.82383]]]]}},{"type":"Feature","properties":{"id":"lake-1067","name":"Mapped lake/tank"},"geometry":{"type":"MultiPolygon","coordinates":[[[[77.60914,12.7945],[77.60921,12.79347],[77.60912,12.79342],[77.60889,12.79339],[77.60831,12.79343],[77.60812,12.79348],[77.60811,12.79378],[77.60797,12.79443],[77.60778,12.7947],[77.60823,12.7946],[77.60843,12.79461],[77.60906,12.79479],[77.60913,12.79474],[77.60914,12.7945]]]]}},{"type":"Feature","properties":{"id":"lake-1068","name":"Mapped lake/tank"},"geometry":{"type":"MultiPolygon","coordinates":[[[[77.6052,12.82819],[77.60545,12.82807],[77.60589,12.82776],[77.60617,12.82764],[77.60649,12.82751],[77.60731,12.82734],[77.6075,12.82728],[77.60748,12.82721],[77.60781,12.82713],[77.60756,12.82628],[77.60745,12.82545],[77.60753,12.82528],[77.60822,12.8247],[77.60841,12.82446],[77.60841,12.8241],[77.60822,12.82387],[77.60791,12.82404],[77.60786,12.82446],[77.6073,12.82485],[77.60629,12.82537],[77.60577,12.82558],[77.60515,12.82593],[77.60508,12.82601],[77.60507,12.82639],[77.60505,12.82644],[77.60469,12.82664],[77.60459,12.82676],[77.60455,12.82717],[77.60458,12.82768],[77.60468,12.82807],[77.60476,12.82823],[77.60492,12.82829],[77.6052,12.82819]]]]}},{"type":"Feature","properties":{"id":"lake-1069","name":"Mapped lake/tank"},"geometry":{"type":"MultiPolygon","coordinates":[[[[77.59903,12.81263],[77.59937,12.81238],[77.59995,12.81209],[77.60062,12.81195],[77.60081,12.81185],[77.60128,12.81137],[77.60157,12.811],[77.60166,12.81048],[77.60164,12.80967],[77.60176,12.80944],[77.60218,12.80808],[77.60233,12.80775],[77.60263,12.80741],[77.60241,12.80745],[77.60214,12.80733],[77.60202,12.80741],[77.60153,12.80796],[77.60132,12.80813],[77.60103,12.80823],[77.6007,12.80827],[77.60047,12.8082],[77.60037,12.80813],[77.59995,12.80763],[77.59978,12.80723],[77.59969,12.80689],[77.59953,12.80692],[77.59902,12.80777],[77.59854,12.80807],[77.59856,12.80822],[77.59892,12.80833],[77.59908,12.80878],[77.59915,12.8093],[77.5991,12.81002],[77.59895,12.81053],[77.59869,12.811],[77.59851,12.81152],[77.59847,12.81266],[77.59855,12.81272],[77.59869,12.81272],[77.59903,12.81263]]]]}},{"type":"Feature","properties":{"id":"lake-1070","name":"Mapped lake/tank"},"geometry":{"type":"MultiPolygon","coordinates":[[[[77.59757,12.79046],[77.59756,12.79032],[77.59748,12.79023],[77.59703,12.79017],[77.59673,12.78998],[77.5966,12.79003],[77.59658,12.79027],[77.59675,12.79062],[77.59678,12.79077],[77.59676,12.79088],[77.59664,12.79099],[77.59661,12.79123],[77.59672,12.79197],[77.59685,12.79218],[77.59707,12.79222],[77.59727,12.79213],[77.59718,12.79149],[77.59719,12.79107],[77.59757,12.79046]]]]}},{"type":"Feature","properties":{"id":"lake-1071","name":"Mapped lake/tank"},"geometry":{"type":"MultiPolygon","coordinates":[[[[77.59653,12.79153],[77.59656,12.79144],[77.5965,12.79112],[77.5964,12.79109],[77.59632,12.79116],[77.59638,12.79144],[77.59645,12.79153],[77.59653,12.79153]]]]}},{"type":"Feature","properties":{"id":"lake-1072","name":"Mapped lake/tank"},"geometry":{"type":"MultiPolygon","coordinates":[[[[77.59653,12.79067],[77.59652,12.79025],[77.59615,12.79031],[77.59618,12.79066],[77.59653,12.79067]]]]}},{"type":"Feature","properties":{"id":"lake-1073","name":"Mapped lake/tank"},"geometry":{"type":"MultiPolygon","coordinates":[[[[77.59661,12.79194],[77.59657,12.79191],[77.59642,12.79196],[77.59646,12.79211],[77.59661,12.79206],[77.59661,12.79194]]]]}},{"type":"Feature","properties":{"id":"lake-1074","name":"Mapped lake/tank"},"geometry":{"type":"MultiPolygon","coordinates":[[[[77.59569,12.81298],[77.59566,12.81292],[77.59557,12.81289],[77.59541,12.81298],[77.59539,12.81311],[77.59519,12.81331],[77.59523,12.81352],[77.59514,12.81385],[77.59507,12.81393],[77.59473,12.81414],[77.59469,12.81425],[77.59477,12.81432],[77.59545,12.81438],[77.5956,12.81461],[77.59575,12.81476],[77.59598,12.81483],[77.59604,12.81478],[77.59605,12.81451],[77.59582,12.81378],[77.59569,12.81298]]]]}},{"type":"Feature","properties":{"id":"lake-1075","name":"Mapped lake/tank"},"geometry":{"type":"MultiPolygon","coordinates":[[[[77.58994,12.78772],[77.59011,12.78768],[77.59015,12.78759],[77.59005,12.78738],[77.58988,12.78726],[77.59016,12.7871],[77.58945,12.78711],[77.58929,12.78736],[77.58931,12.78749],[77.58965,12.78767],[77.58994,12.78772]]]]}},{"type":"Feature","properties":{"id":"lake-1076","name":"Mapped lake/tank"},"geometry":{"type":"MultiPolygon","coordinates":[[[[77.62508,12.824],[77.62499,12.82398],[77.62487,12.82408],[77.62488,12.82427],[77.62493,12.82437],[77.62499,12.82472],[77.62507,12.82479],[77.62523,12.82484],[77.62548,12.82484],[77.62548,12.82422],[77.62508,12.824]]]]}},{"type":"Feature","properties":{"id":"lake-1077","name":"Mapped lake/tank"},"geometry":{"type":"MultiPolygon","coordinates":[[[[77.5795,12.8181],[77.57965,12.8181],[77.57965,12.81802],[77.57948,12.81781],[77.57938,12.81775],[77.57938,12.8181],[77.5795,12.8181]]]]}},{"type":"Feature","properties":{"id":"lake-1078","name":"Mapped lake/tank"},"geometry":{"type":"MultiPolygon","coordinates":[[[[77.61168,12.83196],[77.61146,12.83178],[77.61126,12.83149],[77.61118,12.83151],[77.61124,12.83203],[77.61178,12.83206],[77.61168,12.83196]]]]}},{"type":"Feature","properties":{"id":"lake-1079","name":"Mapped lake/tank"},"geometry":{"type":"MultiPolygon","coordinates":[[[[77.61336,12.80314],[77.61344,12.80306],[77.61326,12.80289],[77.61306,12.80239],[77.61313,12.80216],[77.6134,12.80167],[77.61368,12.80137],[77.61401,12.80088],[77.61433,12.80056],[77.61456,12.80041],[77.61506,12.80047],[77.61524,12.80041],[77.61539,12.80031],[77.6154,12.8002],[77.61522,12.8001],[77.61495,12.80005],[77.61381,12.80014],[77.61292,12.79994],[77.61223,12.79966],[77.6099,12.79897],[77.60936,12.79857],[77.60934,12.7984],[77.60939,12.79807],[77.60881,12.79791],[77.60879,12.79822],[77.60828,12.79812],[77.60829,12.79916],[77.60824,12.79958],[77.60828,12.79991],[77.60814,12.80019],[77.60812,12.80036],[77.60838,12.80053],[77.60852,12.80078],[77.60851,12.80108],[77.60848,12.80112],[77.60832,12.80113],[77.6083,12.80118],[77.60836,12.80149],[77.60927,12.80306],[77.6108,12.80273],[77.61134,12.80271],[77.61175,12.80274],[77.61254,12.80287],[77.61291,12.80313],[77.61336,12.80314]]]]}},{"type":"Feature","properties":{"id":"lake-1080","name":"Mapped lake/tank"},"geometry":{"type":"MultiPolygon","coordinates":[[[[77.61244,12.83197],[77.61232,12.83206],[77.61303,12.83205],[77.6132,12.8318],[77.61316,12.83176],[77.61305,12.83177],[77.61244,12.83197]]]]}},{"type":"Feature","properties":{"id":"lake-1081","name":"Mapped lake/tank"},"geometry":{"type":"MultiPolygon","coordinates":[[[[77.65548,12.80639],[77.65535,12.80626],[77.65532,12.80608],[77.65539,12.80556],[77.65556,12.80531],[77.65571,12.8052],[77.65582,12.80521],[77.65597,12.80536],[77.65694,12.80426],[77.65699,12.80412],[77.65677,12.80307],[77.65718,12.80312],[77.65728,12.80258],[77.65757,12.80185],[77.65769,12.80139],[77.65768,12.80115],[77.65754,12.80069],[77.65727,12.80039],[77.65709,12.80027],[77.65705,12.80161],[77.65697,12.80195],[77.65673,12.8023],[77.65623,12.80286],[77.65598,12.80296],[77.6554,12.80299],[77.65416,12.80269],[77.65343,12.8027],[77.6537,12.80336],[77.65381,12.80394],[77.65381,12.80421],[77.65386,12.80432],[77.65401,12.80446],[77.65425,12.80503],[77.65438,12.80572],[77.65454,12.80619],[77.65456,12.80671],[77.65557,12.8069],[77.65553,12.80643],[77.65548,12.80639]]]]}},{"type":"Feature","properties":{"id":"lake-1082","name":"Mapped lake/tank"},"geometry":{"type":"MultiPolygon","coordinates":[[[[77.65486,12.81139],[77.65471,12.81122],[77.65491,12.81078],[77.65524,12.81028],[77.65537,12.81018],[77.6555,12.81015],[77.65552,12.81008],[77.65531,12.80998],[77.65488,12.80989],[77.65469,12.80971],[77.65443,12.80956],[77.65416,12.80965],[77.65364,12.80967],[77.65344,12.80961],[77.6532,12.80946],[77.65313,12.80947],[77.65361,12.81025],[77.65375,12.81076],[77.65408,12.81146],[77.65421,12.81205],[77.65425,12.81256],[77.65473,12.81248],[77.65472,12.81221],[77.6549,12.81218],[77.65486,12.81139]]]]}},{"type":"Feature","properties":{"id":"lake-1083","name":"Mapped lake/tank"},"geometry":{"type":"MultiPolygon","coordinates":[[[[77.64418,12.81052],[77.64394,12.81024],[77.64385,12.80936],[77.64396,12.809],[77.64423,12.80865],[77.6444,12.80821],[77.64393,12.80839],[77.64382,12.80849],[77.64353,12.80906],[77.64326,12.80931],[77.64261,12.80952],[77.64188,12.80965],[77.64154,12.80967],[77.64144,12.80953],[77.64138,12.80953],[77.64131,12.80979],[77.64132,12.80995],[77.64143,12.81012],[77.64164,12.8103],[77.64187,12.81063],[77.64224,12.81076],[77.64258,12.81114],[77.64271,12.81122],[77.6432,12.81125],[77.64335,12.81138],[77.64393,12.81153],[77.64457,12.81245],[77.64477,12.81248],[77.64482,12.81235],[77.64476,12.8119],[77.64455,12.8114],[77.64445,12.81096],[77.6442,12.81065],[77.64418,12.81052]]]]}},{"type":"Feature","properties":{"id":"lake-1084","name":"Mapped lake/tank"},"geometry":{"type":"MultiPolygon","coordinates":[[[[77.64706,12.81638],[77.64717,12.81623],[77.64718,12.81596],[77.64711,12.81574],[77.64677,12.81516],[77.64639,12.81504],[77.64613,12.81509],[77.64608,12.8152],[77.64611,12.81538],[77.64637,12.81613],[77.64647,12.8162],[77.64668,12.81622],[77.64693,12.81638],[77.64706,12.81638]]]]}},{"type":"Feature","properties":{"id":"lake-1085","name":"Mapped lake/tank"},"geometry":{"type":"MultiPolygon","coordinates":[[[[77.64563,12.8237],[77.64543,12.8231],[77.64518,12.8227],[77.64502,12.82267],[77.64485,12.82285],[77.64478,12.82308],[77.64487,12.82339],[77.64486,12.82394],[77.64491,12.82412],[77.64497,12.8242],[77.64544,12.82423],[77.64559,12.82433],[77.6457,12.82434],[77.64575,12.82425],[77.64574,12.82412],[77.64563,12.8237]]]]}},{"type":"Feature","properties":{"id":"lake-1086","name":"Mapped lake/tank"},"geometry":{"type":"MultiPolygon","coordinates":[[[[77.63023,12.82077],[77.63035,12.8208],[77.63059,12.82079],[77.63162,12.82041],[77.63232,12.82028],[77.63274,12.82036],[77.63378,12.82072],[77.63429,12.82083],[77.63433,12.82084],[77.63427,12.8207],[77.63453,12.82056],[77.63474,12.82068],[77.63494,12.81978],[77.63451,12.81895],[77.63421,12.81823],[77.63415,12.81819],[77.63395,12.81742],[77.63401,12.81696],[77.63398,12.81667],[77.63405,12.81613],[77.63409,12.816],[77.63447,12.81543],[77.63459,12.81513],[77.63467,12.81505],[77.63469,12.81495],[77.63454,12.81455],[77.63452,12.81422],[77.63445,12.81418],[77.63429,12.81436],[77.63429,12.81446],[77.63401,12.81527],[77.63352,12.81612],[77.63339,12.81624],[77.63308,12.81634],[77.63199,12.81647],[77.63159,12.81642],[77.63069,12.81611],[77.62982,12.81606],[77.62963,12.81594],[77.62938,12.81568],[77.62871,12.81537],[77.62855,12.81489],[77.62837,12.81457],[77.62785,12.8145],[77.6279,12.81467],[77.62826,12.81511],[77.62842,12.81572],[77.62869,12.81587],[77.6295,12.81658],[77.62979,12.81664],[77.63012,12.81681],[77.63034,12.81702],[77.63052,12.81742],[77.63061,12.81814],[77.6307,12.81837],[77.6307,12.81867],[77.63073,12.81872],[77.63096,12.81881],[77.63099,12.81891],[77.63075,12.81949],[77.63064,12.81944],[77.63058,12.81946],[77.63026,12.82016],[77.62965,12.82056],[77.62949,12.82075],[77.62944,12.82089],[77.62956,12.82099],[77.62966,12.82099],[77.62994,12.82084],[77.63023,12.82077]]]]}},{"type":"Feature","properties":{"id":"lake-1087","name":"Mapped lake/tank"},"geometry":{"type":"MultiPolygon","coordinates":[[[[77.64426,12.82925],[77.6448,12.82851],[77.64472,12.82839],[77.64453,12.82832],[77.64438,12.82819],[77.64434,12.82797],[77.64419,12.82773],[77.64403,12.82751],[77.64387,12.82735],[77.64382,12.82736],[77.64379,12.82741],[77.64377,12.82838],[77.64359,12.82889],[77.64356,12.82966],[77.64366,12.82964],[77.64397,12.82929],[77.64426,12.82925]]]]}},{"type":"Feature","properties":{"id":"lake-1088","name":"Mapped lake/tank"},"geometry":{"type":"MultiPolygon","coordinates":[[[[77.66054,12.82788],[77.66054,12.82783],[77.66265,12.82788],[77.66278,12.82797],[77.66283,12.82817],[77.66297,12.82836],[77.66314,12.82843],[77.6633,12.82838],[77.66337,12.82825],[77.66343,12.82797],[77.66325,12.82696],[77.66309,12.82647],[77.66289,12.82608],[77.66259,12.82623],[77.6625,12.82649],[77.66239,12.8266],[77.66186,12.82679],[77.66143,12.82701],[77.66042,12.82765],[77.6602,12.8273],[77.66006,12.82737],[77.6598,12.82771],[77.65976,12.82795],[77.65918,12.82822],[77.65951,12.82881],[77.66044,12.82827],[77.66051,12.82819],[77.66049,12.82796],[77.66054,12.82788]]]]}},{"type":"Feature","properties":{"id":"lake-1089","name":"Mapped lake/tank"},"geometry":{"type":"MultiPolygon","coordinates":[[[[77.6316,12.83177],[77.63151,12.83136],[77.6315,12.83108],[77.63159,12.83005],[77.63151,12.83009],[77.63134,12.83037],[77.63098,12.83073],[77.63052,12.83147],[77.63038,12.83161],[77.63021,12.83171],[77.62947,12.83189],[77.63163,12.83186],[77.6316,12.83177]]]]}},{"type":"Feature","properties":{"id":"lake-1090","name":"Mapped lake/tank"},"geometry":{"type":"MultiPolygon","coordinates":[[[[77.66812,12.80714],[77.66806,12.80687],[77.66872,12.80648],[77.66889,12.80645],[77.66924,12.80625],[77.66903,12.80606],[77.66751,12.80506],[77.66737,12.80501],[77.66724,12.80501],[77.66722,12.80508],[77.66731,12.80545],[77.66728,12.80549],[77.66699,12.8056],[77.66679,12.80557],[77.66664,12.80564],[77.66633,12.80591],[77.66612,12.80595],[77.66609,12.80626],[77.66622,12.8063],[77.66659,12.80628],[77.66685,12.80637],[77.66712,12.80675],[77.66726,12.80703],[77.66738,12.80711],[77.66781,12.80707],[77.66799,12.80716],[77.66812,12.80714]]]]}},{"type":"Feature","properties":{"id":"lake-1091","name":"Mapped lake/tank"},"geometry":{"type":"MultiPolygon","coordinates":[[[[77.66427,12.79413],[77.6643,12.79406],[77.66433,12.79353],[77.66434,12.79264],[77.66456,12.79245],[77.66471,12.79217],[77.66512,12.79183],[77.66528,12.79161],[77.66522,12.79156],[77.66464,12.79161],[77.66408,12.79159],[77.66374,12.79147],[77.66326,12.79119],[77.66281,12.79089],[77.66252,12.79055],[77.66228,12.79001],[77.66231,12.78967],[77.66225,12.78963],[77.66213,12.78982],[77.66193,12.78988],[77.66189,12.78994],[77.66204,12.79004],[77.66211,12.79024],[77.66206,12.79027],[77.66236,12.79116],[77.66205,12.79132],[77.66217,12.79168],[77.66224,12.79222],[77.66243,12.7929],[77.6631,12.79404],[77.66367,12.79419],[77.66427,12.79413]]]]}},{"type":"Feature","properties":{"id":"lake-1092","name":"Mapped lake/tank"},"geometry":{"type":"MultiPolygon","coordinates":[[[[77.62811,12.82173],[77.62802,12.82134],[77.62794,12.82133],[77.62782,12.82138],[77.62719,12.82218],[77.62715,12.8223],[77.62755,12.82334],[77.62785,12.82396],[77.6284,12.8237],[77.62904,12.82331],[77.62857,12.82296],[77.62829,12.82253],[77.62817,12.82221],[77.62811,12.82173]]]]}},{"type":"Feature","properties":{"id":"lake-1093","name":"Mapped lake/tank"},"geometry":{"type":"MultiPolygon","coordinates":[[[[77.62548,12.82422],[77.62548,12.82484],[77.6256,12.82477],[77.62569,12.82457],[77.62566,12.82441],[77.62548,12.82422]]]]}},{"type":"Feature","properties":{"id":"lake-1094","name":"Mapped lake/tank"},"geometry":{"type":"MultiPolygon","coordinates":[[[[77.66871,12.82531],[77.66857,12.82521],[77.66845,12.8252],[77.66797,12.82552],[77.66707,12.82563],[77.66626,12.82601],[77.66573,12.82601],[77.66567,12.82604],[77.66566,12.82611],[77.66582,12.82637],[77.66621,12.82662],[77.66632,12.82678],[77.66677,12.82689],[77.66687,12.82697],[77.66691,12.82721],[77.66697,12.82726],[77.66848,12.82753],[77.66881,12.82788],[77.6689,12.82792],[77.66922,12.8278],[77.66927,12.82768],[77.66906,12.82689],[77.66895,12.82615],[77.66871,12.82531]]]]}},{"type":"Feature","properties":{"id":"lake-1095","name":"Mapped lake/tank"},"geometry":{"type":"MultiPolygon","coordinates":[[[[77.66358,12.82617],[77.66365,12.82589],[77.66374,12.82572],[77.66373,12.8256],[77.66309,12.82598],[77.6634,12.82667],[77.66345,12.82665],[77.66358,12.82617]]]]}},{"type":"Feature","properties":{"id":"lake-1096","name":"Mapped lake/tank"},"geometry":{"type":"MultiPolygon","coordinates":[[[[77.65587,12.81485],[77.65573,12.81485],[77.65566,12.81459],[77.65467,12.81485],[77.65474,12.81577],[77.65517,12.81579],[77.65543,12.8155],[77.65561,12.81504],[77.65582,12.81498],[77.65587,12.81485]]]]}},{"type":"Feature","properties":{"id":"lake-1097","name":"Mapped lake/tank"},"geometry":{"type":"MultiPolygon","coordinates":[[[[77.63404,12.80123],[77.63422,12.80085],[77.63367,12.80055],[77.63365,12.80047],[77.63404,12.79974],[77.63408,12.79912],[77.63399,12.79867],[77.63366,12.79805],[77.63359,12.79782],[77.63368,12.79733],[77.63366,12.79719],[77.63352,12.79702],[77.63281,12.79672],[77.63226,12.79663],[77.63187,12.79669],[77.63142,12.79688],[77.63078,12.79724],[77.63027,12.79769],[77.63018,12.79792],[77.63027,12.79868],[77.63073,12.79936],[77.63062,12.79944],[77.63041,12.79944],[77.63033,12.79949],[77.63024,12.79984],[77.63009,12.80001],[77.63008,12.80024],[77.63013,12.80029],[77.63026,12.80032],[77.63103,12.80031],[77.63129,12.80026],[77.63131,12.79997],[77.63138,12.79983],[77.63143,12.7998],[77.63224,12.79982],[77.63244,12.79977],[77.63258,12.79956],[77.63267,12.79928],[77.6328,12.79925],[77.63354,12.79939],[77.63371,12.7995],[77.63371,12.79968],[77.63347,12.80036],[77.63318,12.80067],[77.63312,12.80095],[77.63318,12.80108],[77.63354,12.80126],[77.63388,12.80128],[77.63404,12.80123]]]]}},{"type":"Feature","properties":{"id":"lake-1098","name":"Mapped lake/tank"},"geometry":{"type":"MultiPolygon","coordinates":[[[[77.65552,12.79664],[77.65474,12.79482],[77.65457,12.79434],[77.65443,12.79376],[77.65441,12.79352],[77.65442,12.79337],[77.65455,12.79312],[77.65431,12.79286],[77.65403,12.79305],[77.65331,12.79314],[77.65273,12.79335],[77.65245,12.7935],[77.65204,12.79385],[77.65186,12.79393],[77.65192,12.79408],[77.6519,12.79442],[77.65196,12.79453],[77.6523,12.79468],[77.65266,12.79523],[77.65303,12.79601],[77.65346,12.79678],[77.65367,12.797],[77.65381,12.79701],[77.65552,12.79664]]]]}},{"type":"Feature","properties":{"id":"lake-1099","name":"Mapped lake/tank"},"geometry":{"type":"MultiPolygon","coordinates":[[[[77.63814,12.79701],[77.63902,12.79666],[77.63902,12.79652],[77.63888,12.79619],[77.63865,12.79619],[77.63811,12.79653],[77.63739,12.79689],[77.63707,12.79703],[77.63676,12.79709],[77.63631,12.79693],[77.63561,12.79648],[77.63532,12.79607],[77.63526,12.79555],[77.63528,12.79523],[77.63547,12.79416],[77.63551,12.79239],[77.63626,12.79014],[77.63641,12.78989],[77.63744,12.78919],[77.63781,12.78889],[77.63811,12.78854],[77.63854,12.7882],[77.63848,12.78802],[77.63819,12.7878],[77.63798,12.78814],[77.63761,12.78834],[77.6375,12.78855],[77.63742,12.78863],[77.63682,12.78885],[77.63688,12.78894],[77.63687,12.78901],[77.63648,12.78932],[77.63586,12.78957],[77.63565,12.79007],[77.63535,12.79031],[77.63508,12.79038],[77.63437,12.79031],[77.63415,12.79038],[77.63322,12.79049],[77.63249,12.79075],[77.63244,12.79099],[77.6323,12.79108],[77.63205,12.79117],[77.6314,12.7913],[77.63075,12.79136],[77.62933,12.79132],[77.62942,12.79203],[77.62891,12.79266],[77.62906,12.79423],[77.62914,12.79436],[77.62912,12.79505],[77.62938,12.79501],[77.62951,12.79572],[77.62947,12.79595],[77.62907,12.7965],[77.62882,12.79663],[77.62856,12.79664],[77.62824,12.79658],[77.62808,12.79664],[77.6277,12.79662],[77.62737,12.79682],[77.62728,12.7969],[77.62729,12.7974],[77.62702,12.79744],[77.62701,12.79759],[77.62704,12.79789],[77.62758,12.79779],[77.62779,12.79794],[77.62796,12.79802],[77.62848,12.79803],[77.62868,12.79808],[77.62876,12.79818],[77.62888,12.79866],[77.62909,12.79878],[77.62902,12.79915],[77.62896,12.79919],[77.62846,12.79922],[77.62827,12.79932],[77.62789,12.79938],[77.62779,12.79997],[77.62743,12.80004],[77.62742,12.80019],[77.62755,12.80024],[77.62787,12.80054],[77.62801,12.80061],[77.62828,12.80038],[77.62875,12.80013],[77.62909,12.80011],[77.6294,12.80004],[77.62971,12.80019],[77.63008,12.80024],[77.63009,12.80001],[77.63024,12.79984],[77.63033,12.79949],[77.63041,12.79944],[77.63062,12.79944],[77.63073,12.79936],[77.63027,12.79868],[77.63018,12.79792],[77.63027,12.79769],[77.63078,12.79724],[77.63142,12.79688],[77.63187,12.79669],[77.63226,12.79663],[77.63281,12.79672],[77.63352,12.79702],[77.63366,12.79719],[77.63368,12.79733],[77.63359,12.79782],[77.63366,12.79805],[77.63399,12.79867],[77.63408,12.79912],[77.63404,12.79974],[77.63365,12.80047],[77.63367,12.80055],[77.63422,12.80085],[77.63437,12.80054],[77.63453,12.80035],[77.63481,12.80017],[77.63494,12.8],[77.63498,12.79974],[77.63497,12.79883],[77.63517,12.79855],[77.63522,12.79826],[77.63542,12.79781],[77.63553,12.79774],[77.6364,12.79746],[77.63704,12.79753],[77.63792,12.79707],[77.63814,12.79701]]]]}},{"type":"Feature","properties":{"id":"lake-1100","name":"Mapped lake/tank"},"geometry":{"type":"MultiPolygon","coordinates":[[[[77.54137,12.82011],[77.541,12.81962],[77.54018,12.81868],[77.53998,12.81861],[77.53988,12.81847],[77.5398,12.8183],[77.53983,12.81795],[77.53987,12.8179],[77.54004,12.81783],[77.54005,12.81779],[77.53996,12.81773],[77.53968,12.81776],[77.53957,12.81786],[77.53926,12.81857],[77.53952,12.81887],[77.53965,12.81894],[77.53998,12.819],[77.5403,12.81919],[77.54079,12.81982],[77.54109,12.82005],[77.54132,12.82013],[77.54137,12.82011]]]]}},{"type":"Feature","properties":{"id":"lake-1101","name":"Mapped lake/tank"},"geometry":{"type":"MultiPolygon","coordinates":[[[[77.54268,12.80908],[77.54276,12.80901],[77.54275,12.80888],[77.54231,12.80868],[77.54209,12.80865],[77.54193,12.80876],[77.54195,12.80888],[77.54224,12.80914],[77.54259,12.80912],[77.54268,12.80908]]]]}},{"type":"Feature","properties":{"id":"lake-1102","name":"Mapped lake/tank"},"geometry":{"type":"MultiPolygon","coordinates":[[[[77.55789,12.80438],[77.55789,12.80393],[77.55733,12.80376],[77.55698,12.80354],[77.5569,12.80354],[77.55681,12.80363],[77.5567,12.80443],[77.55642,12.80491],[77.55633,12.80516],[77.55707,12.80502],[77.55747,12.80482],[77.55789,12.80438]]]]}},{"type":"Feature","properties":{"id":"lake-1103","name":"Mapped lake/tank"},"geometry":{"type":"MultiPolygon","coordinates":[[[[77.56287,12.79726],[77.5631,12.79753],[77.56325,12.79752],[77.56375,12.79726],[77.56423,12.79727],[77.56449,12.79722],[77.56491,12.79697],[77.56484,12.7969],[77.56471,12.79689],[77.56445,12.79693],[77.56427,12.79691],[77.56323,12.79641],[77.56295,12.79651],[77.56279,12.79651],[77.56278,12.79684],[77.56257,12.79703],[77.56264,12.79715],[77.56287,12.79726]]]]}},{"type":"Feature","properties":{"id":"lake-1104","name":"Mapped lake/tank"},"geometry":{"type":"MultiPolygon","coordinates":[[[[77.56816,12.79782],[77.56767,12.79832],[77.56776,12.79843],[77.56776,12.79864],[77.56795,12.79845],[77.56823,12.79841],[77.56843,12.79844],[77.5686,12.79866],[77.56873,12.79873],[77.56925,12.79872],[77.56943,12.79875],[77.56942,12.79853],[77.56936,12.79847],[77.5689,12.7984],[77.56842,12.79793],[77.56816,12.79782]]]]}},{"type":"Feature","properties":{"id":"lake-1105","name":"Mapped lake/tank"},"geometry":{"type":"MultiPolygon","coordinates":[[[[77.57253,12.80025],[77.57205,12.79962],[77.57187,12.79952],[77.57123,12.79951],[77.57111,12.79947],[77.57063,12.79914],[77.57038,12.79884],[77.56993,12.79932],[77.56997,12.79948],[77.57019,12.79974],[77.57028,12.79979],[77.57063,12.79982],[77.57091,12.79991],[77.57146,12.80019],[77.57168,12.80049],[77.57186,12.80061],[77.57224,12.80047],[77.57253,12.80025]]]]}},{"type":"Feature","properties":{"id":"lake-1106","name":"Mapped lake/tank"},"geometry":{"type":"MultiPolygon","coordinates":[[[[77.57247,12.80225],[77.57276,12.80267],[77.57299,12.80279],[77.57311,12.80303],[77.57319,12.80309],[77.57333,12.80308],[77.5735,12.80298],[77.57354,12.80292],[77.57352,12.80284],[77.57321,12.80255],[77.57308,12.80245],[77.57289,12.80248],[77.57276,12.80239],[77.57267,12.80224],[77.57265,12.80204],[77.57238,12.80205],[77.57238,12.80213],[77.57247,12.80225]]]]}},{"type":"Feature","properties":{"id":"lake-1107","name":"Mapped lake/tank"},"geometry":{"type":"MultiPolygon","coordinates":[[[[77.55768,12.79111],[77.55797,12.79115],[77.55838,12.7911],[77.55852,12.79093],[77.55852,12.79066],[77.55838,12.7905],[77.55786,12.79014],[77.55779,12.78993],[77.55762,12.78983],[77.55753,12.78986],[77.55745,12.79015],[77.55745,12.79029],[77.55768,12.79111]]]]}},{"type":"Feature","properties":{"id":"lake-1108","name":"Mapped lake/tank"},"geometry":{"type":"MultiPolygon","coordinates":[[[[77.56171,12.79154],[77.56074,12.79269],[77.56083,12.79284],[77.5612,12.79319],[77.5613,12.79346],[77.56143,12.7935],[77.56162,12.79346],[77.56176,12.79335],[77.562,12.79346],[77.56219,12.79341],[77.5621,12.79322],[77.56215,12.79292],[77.5623,12.79266],[77.56235,12.79247],[77.56246,12.79237],[77.56235,12.79225],[77.56234,12.79214],[77.56269,12.79188],[77.56278,12.79157],[77.56271,12.79151],[77.56248,12.79155],[77.56214,12.79145],[77.56198,12.79152],[77.56171,12.79154]]]]}},{"type":"Feature","properties":{"id":"lake-1109","name":"Mapped lake/tank"},"geometry":{"type":"MultiPolygon","coordinates":[[[[77.55227,12.788],[77.55174,12.78748],[77.54856,12.78751],[77.54888,12.78776],[77.54928,12.78776],[77.54948,12.78781],[77.54967,12.78777],[77.55109,12.78832],[77.55173,12.78865],[77.55274,12.78932],[77.55294,12.78917],[77.55296,12.78907],[77.55227,12.788]]]]}},{"type":"Feature","properties":{"id":"lake-1110","name":"Mapped lake/tank"},"geometry":{"type":"MultiPolygon","coordinates":[[[[77.53865,12.7876],[77.53864,12.78777],[77.53875,12.78805],[77.53886,12.788],[77.53884,12.78778],[77.53874,12.7876],[77.53865,12.7876]]]]}},{"type":"Feature","properties":{"id":"lake-1111","name":"Mapped lake/tank"},"geometry":{"type":"MultiPolygon","coordinates":[[[[77.57459,12.8303],[77.57446,12.82948],[77.57442,12.82945],[77.57432,12.82946],[77.57423,12.82951],[77.57419,12.8296],[77.5742,12.8299],[77.57433,12.83055],[77.57452,12.83069],[77.57458,12.83069],[77.57461,12.83064],[77.57459,12.8303]]]]}},{"type":"Feature","properties":{"id":"lake-1112","name":"Mapped lake/tank"},"geometry":{"type":"MultiPolygon","coordinates":[[[[77.57562,12.83235],[77.57587,12.83226],[77.57648,12.83224],[77.57692,12.8321],[77.57701,12.83199],[77.57702,12.83169],[77.57684,12.83156],[77.57638,12.83159],[77.57617,12.83141],[77.57557,12.83118],[77.57521,12.83094],[77.57475,12.83073],[77.57479,12.83116],[77.57505,12.83164],[77.57509,12.83182],[77.57504,12.83206],[77.57477,12.83243],[77.57554,12.83242],[77.57562,12.83235]]]]}},{"type":"Feature","properties":{"id":"lake-1113","name":"Mapped lake/tank"},"geometry":{"type":"MultiPolygon","coordinates":[[[[77.54593,12.83237],[77.54574,12.83228],[77.54532,12.83256],[77.54526,12.83271],[77.54608,12.83271],[77.54608,12.83255],[77.54593,12.83237]]]]}},{"type":"Feature","properties":{"id":"lake-1114","name":"Mapped lake/tank"},"geometry":{"type":"MultiPolygon","coordinates":[[[[77.54234,12.79704],[77.54235,12.79693],[77.54229,12.79677],[77.54211,12.79674],[77.54195,12.79657],[77.54193,12.79623],[77.54194,12.79617],[77.54208,12.79615],[77.54246,12.79649],[77.54267,12.79649],[77.54268,12.79642],[77.54225,12.79598],[77.54222,12.79588],[77.54223,12.7957],[77.54231,12.79549],[77.54251,12.79527],[77.54266,12.79496],[77.54262,12.7948],[77.54235,12.79452],[77.54216,12.79441],[77.54187,12.79437],[77.54153,12.79449],[77.54134,12.7946],[77.54102,12.79491],[77.54062,12.79515],[77.54052,12.79527],[77.54049,12.79565],[77.54054,12.79579],[77.5408,12.79608],[77.54149,12.79733],[77.54157,12.79741],[77.54187,12.79743],[77.54218,12.79732],[77.54234,12.79704]]]]}},{"type":"Feature","properties":{"id":"lake-1115","name":"Mapped lake/tank"},"geometry":{"type":"MultiPolygon","coordinates":[[[[77.56402,12.79999],[77.56405,12.80011],[77.56361,12.80048],[77.56354,12.80061],[77.56356,12.80082],[77.56367,12.80084],[77.56403,12.8007],[77.56452,12.80015],[77.56465,12.79992],[77.56463,12.79987],[77.56453,12.79981],[77.56429,12.79979],[77.56408,12.79989],[77.56402,12.79999]]]]}},{"type":"Feature","properties":{"id":"lake-1116","name":"Mapped lake/tank"},"geometry":{"type":"MultiPolygon","coordinates":[[[[77.57052,12.822],[77.57057,12.82191],[77.57057,12.82177],[77.57052,12.82173],[77.57033,12.82176],[77.57023,12.82167],[77.57001,12.82113],[77.56985,12.82107],[77.56975,12.82077],[77.56953,12.82068],[77.56945,12.82081],[77.56976,12.82121],[77.56983,12.82137],[77.57001,12.82202],[77.57008,12.82209],[77.57027,12.82212],[77.57052,12.822]]]]}},{"type":"Feature","properties":{"id":"lake-1117","name":"Mapped lake/tank"},"geometry":{"type":"MultiPolygon","coordinates":[[[[77.54475,12.83124],[77.54543,12.83117],[77.54543,12.83095],[77.54527,12.83049],[77.54523,12.83008],[77.54493,12.83009],[77.54465,12.83016],[77.54453,12.83021],[77.5445,12.83027],[77.54462,12.8306],[77.54475,12.83124]]]]}},{"type":"Feature","properties":{"id":"lake-1118","name":"Mapped lake/tank"},"geometry":{"type":"MultiPolygon","coordinates":[[[[77.53362,12.8058],[77.5337,12.80584],[77.53375,12.80593],[77.53381,12.80583],[77.53381,12.80562],[77.53352,12.80539],[77.53322,12.80538],[77.53323,12.80596],[77.53338,12.80581],[77.53362,12.8058]]]]}},{"type":"Feature","properties":{"id":"lake-1119","name":"Mapped lake/tank"},"geometry":{"type":"MultiPolygon","coordinates":[[[[77.57908,12.81822],[77.57938,12.8181],[77.57938,12.81775],[77.57911,12.81748],[77.57872,12.81745],[77.57865,12.8175],[77.57861,12.8176],[77.57851,12.81821],[77.57829,12.81865],[77.57806,12.81877],[77.57807,12.81888],[77.57849,12.81875],[77.5787,12.81852],[77.57908,12.81822]]]]}},{"type":"Feature","properties":{"id":"lake-1120","name":"Mapped lake/tank"},"geometry":{"type":"MultiPolygon","coordinates":[[[[77.57556,12.80463],[77.57553,12.80439],[77.57466,12.80466],[77.57421,12.80471],[77.5746,12.8053],[77.57482,12.80555],[77.57508,12.8057],[77.57539,12.80572],[77.57553,12.80569],[77.57556,12.80553],[77.57527,12.80519],[77.57526,12.80508],[77.57539,12.80489],[77.57542,12.80474],[77.57556,12.80463]]]]}},{"type":"Feature","properties":{"id":"lake-1121","name":"Mapped lake/tank"},"geometry":{"type":"MultiPolygon","coordinates":[[[[77.53348,12.80886],[77.53326,12.80876],[77.53326,12.80905],[77.53349,12.80902],[77.53352,12.80897],[77.53348,12.80886]]]]}},{"type":"Feature","properties":{"id":"lake-1122","name":"Mapped lake/tank"},"geometry":{"type":"MultiPolygon","coordinates":[[[[77.53394,12.79018],[77.53392,12.78989],[77.53373,12.78906],[77.53368,12.7886],[77.53361,12.78844],[77.53306,12.78868],[77.53307,12.79005],[77.53317,12.79019],[77.53344,12.79041],[77.53371,12.79041],[77.5339,12.79029],[77.53394,12.79018]]]]}},{"type":"Feature","properties":{"id":"lake-1123","name":"Mapped lake/tank"},"geometry":{"type":"MultiPolygon","coordinates":[[[[77.54933,12.82024],[77.5493,12.81992],[77.54935,12.81975],[77.54952,12.81963],[77.54986,12.81961],[77.55012,12.81969],[77.55066,12.81963],[77.55087,12.81973],[77.55125,12.81976],[77.55135,12.81982],[77.55138,12.81978],[77.55134,12.81956],[77.55153,12.81938],[77.55152,12.81875],[77.55158,12.81875],[77.55148,12.81855],[77.55129,12.81866],[77.55108,12.81888],[77.55094,12.81892],[77.5508,12.8189],[77.55062,12.81874],[77.55016,12.8178],[77.55002,12.81765],[77.54973,12.8175],[77.54903,12.81753],[77.54864,12.81789],[77.54822,12.8178],[77.54789,12.81812],[77.54753,12.81826],[77.54723,12.81844],[77.54721,12.81852],[77.54742,12.81861],[77.54771,12.81861],[77.54799,12.81868],[77.54805,12.81888],[77.54788,12.81915],[77.54791,12.81927],[77.54827,12.81954],[77.54844,12.81959],[77.54845,12.81971],[77.54852,12.8198],[77.5488,12.81987],[77.549,12.82021],[77.54907,12.82025],[77.54933,12.82024]]]]}},{"type":"Feature","properties":{"id":"lake-1124","name":"Mapped lake/tank"},"geometry":{"type":"MultiPolygon","coordinates":[[[[77.55246,12.81879],[77.55229,12.81863],[77.55184,12.81848],[77.55163,12.81849],[77.55151,12.81854],[77.55161,12.81875],[77.55183,12.81875],[77.55216,12.81884],[77.55233,12.81897],[77.55239,12.81939],[77.5525,12.81958],[77.55278,12.81975],[77.55299,12.81975],[77.55309,12.81963],[77.55301,12.81927],[77.55246,12.81879]]]]}},{"type":"Feature","properties":{"id":"lake-1125","name":"Mapped lake/tank"},"geometry":{"type":"MultiPolygon","coordinates":[[[[77.45877,13.07964],[77.45865,13.07909],[77.45833,13.07849],[77.45826,13.07705],[77.45819,13.07688],[77.45752,13.07761],[77.4575,13.07771],[77.45756,13.07794],[77.45752,13.07801],[77.45745,13.07807],[77.45721,13.07814],[77.45701,13.07833],[77.45698,13.07843],[77.45721,13.07875],[77.45732,13.07882],[77.45772,13.07892],[77.4584,13.07925],[77.45852,13.07949],[77.45859,13.0798],[77.45868,13.07991],[77.45878,13.07996],[77.45881,13.07994],[77.45877,13.07964]]]]}},{"type":"Feature","properties":{"id":"lake-1126","name":"Mapped lake/tank"},"geometry":{"type":"MultiPolygon","coordinates":[[[[77.46054,13.10262],[77.46064,13.10235],[77.46065,13.10157],[77.46048,13.10028],[77.46043,13.09836],[77.46038,13.09803],[77.45989,13.09674],[77.45975,13.09597],[77.45956,13.09531],[77.45942,13.09505],[77.45942,13.09495],[77.45947,13.09479],[77.45961,13.09464],[77.45981,13.09427],[77.46031,13.09317],[77.46045,13.09304],[77.46063,13.09297],[77.46038,13.09296],[77.46015,13.09307],[77.45981,13.09358],[77.45945,13.09386],[77.45805,13.09418],[77.45771,13.09419],[77.45714,13.094],[77.45702,13.0939],[77.45684,13.09352],[77.45676,13.09306],[77.45654,13.09247],[77.45641,13.09223],[77.45628,13.09217],[77.45627,13.09237],[77.4562,13.09256],[77.45608,13.09262],[77.45606,13.09268],[77.45617,13.09306],[77.4562,13.09377],[77.45636,13.09416],[77.4567,13.09455],[77.45679,13.09458],[77.45718,13.0959],[77.4572,13.09675],[77.45761,13.09818],[77.45764,13.09902],[77.45761,13.09917],[77.45743,13.09949],[77.45725,13.10022],[77.4573,13.10039],[77.45751,13.10047],[77.45772,13.10048],[77.45806,13.10017],[77.45843,13.10012],[77.45834,13.10167],[77.45838,13.10195],[77.45954,13.10289],[77.46039,13.10273],[77.46054,13.10262]]]]}},{"type":"Feature","properties":{"id":"lake-1127","name":"Mapped lake/tank"},"geometry":{"type":"MultiPolygon","coordinates":[[[[77.47129,13.08112],[77.47136,13.08097],[77.47145,13.08041],[77.47174,13.08024],[77.47193,13.08018],[77.47236,13.08021],[77.4726,13.08014],[77.47284,13.07993],[77.47349,13.07968],[77.47422,13.07965],[77.47391,13.0784],[77.47386,13.07789],[77.47358,13.07781],[77.47275,13.07768],[77.47253,13.07755],[77.47239,13.07731],[77.47166,13.0774],[77.47079,13.07716],[77.47103,13.07819],[77.47134,13.0792],[77.47133,13.07957],[77.4711,13.08027],[77.4711,13.08096],[77.47105,13.08113],[77.47106,13.08128],[77.47119,13.08125],[77.47129,13.08112]]]]}},{"type":"Feature","properties":{"id":"lake-1128","name":"Mapped lake/tank"},"geometry":{"type":"MultiPolygon","coordinates":[[[[77.46961,13.07224],[77.46977,13.07175],[77.47019,13.07081],[77.47041,13.07054],[77.47038,13.0703],[77.46914,13.07077],[77.46823,13.07092],[77.46827,13.07103],[77.4682,13.07113],[77.46853,13.07131],[77.46895,13.07179],[77.46917,13.07209],[77.46926,13.07232],[77.46945,13.07238],[77.46956,13.07233],[77.46961,13.07224]]]]}},{"type":"Feature","properties":{"id":"lake-1129","name":"Mapped lake/tank"},"geometry":{"type":"MultiPolygon","coordinates":[[[[77.52089,13.10185],[77.52077,13.10196],[77.52034,13.10214],[77.51974,13.10258],[77.51901,13.10274],[77.51859,13.10294],[77.51869,13.10301],[77.51888,13.10304],[77.51936,13.10301],[77.5197,13.10328],[77.5204,13.10329],[77.52055,13.10338],[77.52065,13.10354],[77.52079,13.10348],[77.52089,13.10341],[77.52095,13.10329],[77.52081,13.10253],[77.52084,13.10227],[77.52093,13.10193],[77.52089,13.10185]]]]}},{"type":"Feature","properties":{"id":"lake-1130","name":"Mapped lake/tank"},"geometry":{"type":"MultiPolygon","coordinates":[[[[77.52697,13.10389],[77.52625,13.10276],[77.52596,13.10217],[77.52543,13.10259],[77.52495,13.10319],[77.52421,13.10368],[77.52417,13.10396],[77.52699,13.10393],[77.52697,13.10389]]]]}},{"type":"Feature","properties":{"id":"lake-1131","name":"Mapped lake/tank"},"geometry":{"type":"MultiPolygon","coordinates":[[[[77.53468,13.10077],[77.53459,13.10059],[77.53456,13.10035],[77.53464,13.10014],[77.53474,13.10008],[77.53547,13.10002],[77.53578,13.10009],[77.5359,13.10018],[77.53612,13.09996],[77.53614,13.09986],[77.5358,13.09938],[77.53571,13.09884],[77.53576,13.09864],[77.53606,13.09811],[77.53618,13.09801],[77.53618,13.0975],[77.53579,13.09769],[77.53558,13.09801],[77.53538,13.0982],[77.53454,13.09886],[77.53435,13.09893],[77.53389,13.09894],[77.5334,13.09911],[77.53279,13.09918],[77.53278,13.09921],[77.53278,13.09934],[77.53394,13.10009],[77.53424,13.10061],[77.53452,13.10093],[77.53468,13.10077]]]]}},{"type":"Feature","properties":{"id":"lake-1132","name":"Mapped lake/tank"},"geometry":{"type":"MultiPolygon","coordinates":[[[[77.53121,13.08031],[77.53126,13.07993],[77.53159,13.07923],[77.53169,13.07915],[77.53209,13.07908],[77.53208,13.07871],[77.53137,13.07868],[77.53037,13.07821],[77.5303,13.07923],[77.53044,13.08051],[77.53121,13.08031]]]]}},{"type":"Feature","properties":{"id":"lake-1133","name":"Mapped lake/tank"},"geometry":{"type":"MultiPolygon","coordinates":[[[[77.50642,13.08602],[77.50622,13.08582],[77.50605,13.08557],[77.50602,13.0854],[77.5061,13.08508],[77.50623,13.08491],[77.50731,13.08437],[77.50792,13.08427],[77.50945,13.08436],[77.51036,13.08433],[77.51037,13.08453],[77.51054,13.08454],[77.5107,13.08475],[77.51258,13.08466],[77.51169,13.08346],[77.51209,13.08316],[77.51211,13.08308],[77.51206,13.08296],[77.51151,13.0828],[77.51121,13.08265],[77.51087,13.08219],[77.51058,13.08198],[77.51049,13.08175],[77.50947,13.08132],[77.50935,13.08099],[77.50912,13.08079],[77.50904,13.08019],[77.50872,13.08007],[77.50739,13.07942],[77.50682,13.07931],[77.50676,13.07955],[77.50665,13.07973],[77.50649,13.07982],[77.50615,13.07986],[77.50609,13.08036],[77.50566,13.08109],[77.50494,13.08141],[77.5046,13.08145],[77.5032,13.08096],[77.5031,13.08096],[77.50296,13.08124],[77.50264,13.08137],[77.5027,13.08152],[77.50317,13.08176],[77.50343,13.08201],[77.50415,13.08322],[77.50463,13.08424],[77.50504,13.08567],[77.50516,13.08593],[77.5053,13.08602],[77.5058,13.08609],[77.50609,13.08629],[77.50653,13.0865],[77.50659,13.08639],[77.50657,13.08627],[77.5065,13.08607],[77.50642,13.08602]]]]}},{"type":"Feature","properties":{"id":"lake-1134","name":"Mapped lake/tank"},"geometry":{"type":"MultiPolygon","coordinates":[[[[77.53071,13.08638],[77.53109,13.08617],[77.53138,13.08581],[77.53144,13.08563],[77.53058,13.08411],[77.53021,13.08484],[77.52948,13.08576],[77.52925,13.08589],[77.52922,13.08605],[77.52923,13.08627],[77.52941,13.08632],[77.53017,13.08639],[77.53071,13.08638]]]]}},{"type":"Feature","properties":{"id":"lake-1135","name":"Mapped lake/tank"},"geometry":{"type":"MultiPolygon","coordinates":[[[[77.53021,13.08216],[77.53019,13.08182],[77.53034,13.081],[77.53038,13.08054],[77.53024,13.07923],[77.53027,13.07857],[77.52986,13.07861],[77.52943,13.07857],[77.52877,13.07824],[77.52819,13.07788],[77.52802,13.07783],[77.52713,13.0779],[77.52653,13.07801],[77.52639,13.078],[77.52624,13.07788],[77.52617,13.07787],[77.5256,13.07804],[77.52504,13.078],[77.525,13.07841],[77.52536,13.07869],[77.52565,13.07874],[77.52605,13.07866],[77.52644,13.07872],[77.52745,13.0795],[77.52777,13.07967],[77.52801,13.0801],[77.52844,13.08034],[77.52864,13.08051],[77.52889,13.081],[77.52922,13.0815],[77.5297,13.08164],[77.5298,13.08171],[77.52986,13.08187],[77.52987,13.08219],[77.53014,13.08222],[77.53021,13.08216]]]]}},{"type":"Feature","properties":{"id":"lake-1136","name":"Mapped lake/tank"},"geometry":{"type":"MultiPolygon","coordinates":[[[[77.52568,13.06781],[77.52553,13.06732],[77.52542,13.06727],[77.52309,13.06775],[77.52293,13.06775],[77.52276,13.06764],[77.52243,13.06699],[77.52217,13.0669],[77.52203,13.06691],[77.52196,13.06697],[77.52195,13.0671],[77.52205,13.0675],[77.52232,13.06813],[77.52258,13.06853],[77.52296,13.06897],[77.52329,13.06973],[77.52343,13.06984],[77.52404,13.06982],[77.52525,13.06955],[77.52561,13.06942],[77.52568,13.06931],[77.52568,13.06919],[77.52568,13.06781]]]]}},{"type":"Feature","properties":{"id":"lake-1137","name":"Mapped lake/tank"},"geometry":{"type":"MultiPolygon","coordinates":[[[[77.53601,13.0814],[77.53548,13.08149],[77.53531,13.08138],[77.53514,13.08122],[77.53494,13.08093],[77.53449,13.07998],[77.53382,13.08003],[77.53427,13.08088],[77.53427,13.08108],[77.53411,13.08163],[77.53379,13.08238],[77.53335,13.08274],[77.53296,13.0834],[77.53356,13.08343],[77.53492,13.08361],[77.53532,13.08362],[77.53563,13.08369],[77.53604,13.08362],[77.53601,13.0814]]]]}},{"type":"Feature","properties":{"id":"lake-1138","name":"Mapped lake/tank"},"geometry":{"type":"MultiPolygon","coordinates":[[[[77.50902,13.07839],[77.50824,13.07867],[77.50782,13.07904],[77.50733,13.07924],[77.50737,13.07934],[77.50874,13.08002],[77.50913,13.08014],[77.5091,13.07996],[77.5089,13.07936],[77.50891,13.07913],[77.50906,13.07874],[77.50902,13.07839]]]]}},{"type":"Feature","properties":{"id":"lake-1139","name":"Mapped lake/tank"},"geometry":{"type":"MultiPolygon","coordinates":[[[[77.51114,13.0903],[77.51117,13.09024],[77.51128,13.09026],[77.5114,13.09036],[77.51196,13.09121],[77.51237,13.09173],[77.51279,13.09174],[77.51236,13.09175],[77.51193,13.09122],[77.51138,13.09037],[77.51119,13.09027],[77.51079,13.09104],[77.51064,13.09155],[77.51064,13.09186],[77.51058,13.09205],[77.51018,13.09258],[77.50984,13.09281],[77.51013,13.09276],[77.51047,13.09281],[77.51104,13.09308],[77.51119,13.09323],[77.51163,13.09388],[77.51189,13.09437],[77.51347,13.09389],[77.5132,13.09298],[77.51284,13.09219],[77.51276,13.09155],[77.51085,13.0897],[77.51092,13.08926],[77.51005,13.08915],[77.51001,13.08935],[77.51033,13.08942],[77.51053,13.08972],[77.51102,13.09011],[77.51114,13.0903]]]]}},{"type":"Feature","properties":{"id":"lake-1140","name":"Mapped lake/tank"},"geometry":{"type":"MultiPolygon","coordinates":[[[[77.49209,13.10061],[77.49297,13.1002],[77.4935,13.10016],[77.49499,13.10041],[77.49607,13.10068],[77.49626,13.1007],[77.4972,13.1006],[77.49761,13.10072],[77.49782,13.10072],[77.4956,13.09815],[77.49507,13.09721],[77.49458,13.09644],[77.49439,13.0964],[77.49426,13.09644],[77.49401,13.09676],[77.49297,13.09863],[77.49234,13.0996],[77.49208,13.09989],[77.49149,13.10031],[77.49135,13.10048],[77.49151,13.10081],[77.49178,13.10087],[77.49209,13.10061]]]]}},{"type":"Feature","properties":{"id":"lake-1141","name":"Mapped lake/tank"},"geometry":{"type":"MultiPolygon","coordinates":[[[[77.52768,13.10002],[77.52732,13.09913],[77.52761,13.0988],[77.52765,13.09861],[77.5276,13.09825],[77.52673,13.09865],[77.52617,13.09904],[77.52668,13.09927],[77.52689,13.09947],[77.52706,13.09975],[77.52724,13.10036],[77.52733,13.10048],[77.52758,13.10051],[77.52768,13.10002]]]]}},{"type":"Feature","properties":{"id":"lake-1142","name":"Shettihalli Lake, Jalahalli West"},"geometry":{"type":"MultiPolygon","coordinates":[[[[77.51808,13.05959],[77.51865,13.05884],[77.51767,13.05885],[77.51789,13.05922],[77.51784,13.0594],[77.51777,13.05941],[77.51785,13.05961],[77.51808,13.05959]]]]}},{"type":"Feature","properties":{"id":"lake-1143","name":"Bagalagunte Lake"},"geometry":{"type":"MultiPolygon","coordinates":[[[[77.49869,13.05904],[77.49855,13.05904],[77.49832,13.0594],[77.49824,13.05997],[77.49826,13.06005],[77.49837,13.06005],[77.49841,13.05997],[77.49965,13.05953],[77.49971,13.05947],[77.50053,13.05944],[77.50048,13.05902],[77.49869,13.05904]]]]}},{"type":"Feature","properties":{"id":"lake-1144","name":"Mapped lake/tank"},"geometry":{"type":"MultiPolygon","coordinates":[[[[77.51,13.08938],[77.50993,13.08975],[77.50993,13.09024],[77.50968,13.09111],[77.50954,13.09228],[77.50947,13.09252],[77.5093,13.0928],[77.50927,13.09295],[77.50986,13.09277],[77.51023,13.09247],[77.51053,13.09206],[77.5106,13.09193],[77.51061,13.09155],[77.51077,13.091],[77.51113,13.09035],[77.51104,13.09019],[77.51055,13.0898],[77.51028,13.08943],[77.51,13.08938]]]]}},{"type":"Feature","properties":{"id":"lake-1145","name":"Mapped lake/tank"},"geometry":{"type":"MultiPolygon","coordinates":[[[[77.50003,13.05822],[77.49953,13.05793],[77.49912,13.0575],[77.49882,13.0574],[77.49876,13.05745],[77.49872,13.05779],[77.49877,13.05822],[77.49873,13.05863],[77.49855,13.05904],[77.50048,13.05902],[77.5003,13.05838],[77.50003,13.05822]]]]}},{"type":"Feature","properties":{"id":"lake-1146","name":"Mapped lake/tank"},"geometry":{"type":"MultiPolygon","coordinates":[[[[77.49911,13.02429],[77.49912,13.02414],[77.49894,13.02402],[77.49879,13.02384],[77.49817,13.02282],[77.4977,13.02281],[77.49705,13.02217],[77.4968,13.02154],[77.49689,13.02125],[77.49687,13.02071],[77.4967,13.01953],[77.49675,13.01935],[77.4969,13.01914],[77.49725,13.0189],[77.4978,13.01869],[77.49789,13.01878],[77.49855,13.0183],[77.49873,13.01796],[77.49867,13.01786],[77.49886,13.01751],[77.49884,13.01746],[77.49865,13.01741],[77.49761,13.01773],[77.49675,13.01782],[77.49579,13.01806],[77.49566,13.0183],[77.4955,13.01892],[77.4956,13.01907],[77.49551,13.01936],[77.49524,13.01973],[77.49485,13.02015],[77.49403,13.02075],[77.49398,13.02087],[77.4939,13.02091],[77.49373,13.0209],[77.49359,13.02105],[77.49352,13.02123],[77.49364,13.02162],[77.49418,13.02204],[77.49494,13.02322],[77.49503,13.02322],[77.49535,13.02287],[77.49544,13.02285],[77.49619,13.02336],[77.49674,13.02364],[77.49824,13.02452],[77.49844,13.02466],[77.4987,13.02495],[77.49911,13.02429]]]]}},{"type":"Feature","properties":{"id":"lake-1147","name":"Mapped lake/tank"},"geometry":{"type":"MultiPolygon","coordinates":[[[[77.50401,13.02277],[77.50403,13.02299],[77.50451,13.02346],[77.50458,13.02366],[77.5045,13.02403],[77.50451,13.02435],[77.50471,13.02439],[77.50517,13.02426],[77.50589,13.02413],[77.50618,13.02401],[77.50671,13.02393],[77.50676,13.02382],[77.50691,13.02376],[77.50772,13.02372],[77.50825,13.02362],[77.50874,13.02361],[77.50894,13.02347],[77.50912,13.02322],[77.50909,13.02313],[77.50889,13.02305],[77.50734,13.02272],[77.50676,13.02279],[77.50582,13.02284],[77.50547,13.02291],[77.50542,13.02289],[77.5052,13.02234],[77.50401,13.02277]]]]}},{"type":"Feature","properties":{"id":"lake-1148","name":"Mapped lake/tank"},"geometry":{"type":"MultiPolygon","coordinates":[[[[77.5188,13.05871],[77.5194,13.0582],[77.51974,13.05796],[77.51968,13.05772],[77.51976,13.05737],[77.51947,13.05707],[77.51928,13.05694],[77.51916,13.05694],[77.5188,13.05709],[77.51842,13.05711],[77.51774,13.05761],[77.51673,13.05779],[77.51661,13.05786],[77.51667,13.05795],[77.51712,13.05814],[77.51758,13.05854],[77.5177,13.05878],[77.51767,13.05885],[77.51865,13.05884],[77.5188,13.05871]]]]}},{"type":"Feature","properties":{"id":"lake-1149","name":"Mapped lake/tank"},"geometry":{"type":"MultiPolygon","coordinates":[[[[77.49502,13.04432],[77.49573,13.04451],[77.49809,13.04394],[77.49793,13.04216],[77.49706,13.04212],[77.49612,13.04198],[77.49487,13.04154],[77.49451,13.04108],[77.49437,13.04103],[77.49424,13.04106],[77.4942,13.0419],[77.49397,13.0422],[77.49349,13.04298],[77.49328,13.04381],[77.4928,13.04457],[77.49321,13.04484],[77.49363,13.04425],[77.49376,13.04396],[77.49502,13.04432]]]]}},{"type":"Feature","properties":{"id":"lake-1150","name":"Mapped lake/tank"},"geometry":{"type":"MultiPolygon","coordinates":[[[[77.50446,13.02574],[77.5043,13.02571],[77.50414,13.02628],[77.50382,13.02685],[77.50385,13.02706],[77.50414,13.02715],[77.50439,13.02748],[77.5048,13.02767],[77.50549,13.02767],[77.50545,13.02749],[77.50564,13.02677],[77.50493,13.02653],[77.50462,13.02616],[77.50446,13.02574]]]]}},{"type":"Feature","properties":{"id":"lake-1151","name":"Mapped lake/tank"},"geometry":{"type":"MultiPolygon","coordinates":[[[[77.51209,13.04026],[77.51196,13.04029],[77.51188,13.04041],[77.51191,13.04053],[77.51201,13.04059],[77.51218,13.04055],[77.51223,13.04047],[77.51218,13.04031],[77.51209,13.04026]]]]}},{"type":"Feature","properties":{"id":"lake-1152","name":"Hosakerehalli Lake"},"geometry":{"type":"MultiPolygon","coordinates":[[[[77.53442,12.92447],[77.53383,12.92451],[77.53326,12.92446],[77.5322,12.92454],[77.53194,12.92806],[77.53244,12.92814],[77.53304,12.92812],[77.53328,12.92815],[77.53446,12.92881],[77.53442,12.92447]]]]}},{"type":"Feature","properties":{"id":"lake-1153","name":"Mallathahalli Lake \u0cae\u0cb2\u0ccd\u0cb2\u0ca4\u0ccd\u0ca4\u0cb9\u0cb3\u0ccd\u0cb3\u0cbf \u0c95\u0cc6\u0cb0\u0cc6"},"geometry":{"type":"MultiPolygon","coordinates":[[[[77.4966,12.96831],[77.49685,12.96834],[77.49698,12.96822],[77.497,12.96813],[77.49693,12.96797],[77.49676,12.96777],[77.49675,12.9676],[77.49683,12.96721],[77.49642,12.96637],[77.49628,12.96581],[77.49625,12.96551],[77.49635,12.96516],[77.4967,12.96493],[77.49676,12.9648],[77.49676,12.96467],[77.49666,12.96451],[77.49623,12.96436],[77.49592,12.96403],[77.49548,12.96321],[77.49512,12.96226],[77.49473,12.96243],[77.49415,12.9626],[77.49315,12.96285],[77.49291,12.96287],[77.49241,12.96275],[77.49225,12.96266],[77.49214,12.96254],[77.49206,12.96224],[77.49187,12.96217],[77.49167,12.96219],[77.49159,12.96242],[77.49159,12.96268],[77.49204,12.96276],[77.49236,12.96321],[77.49252,12.96336],[77.493,12.96363],[77.49315,12.96394],[77.49324,12.96466],[77.49298,12.96519],[77.49276,12.96598],[77.49287,12.96677],[77.49287,12.96751],[77.49291,12.96775],[77.49306,12.96776],[77.49357,12.96764],[77.49379,12.9682],[77.49447,12.96815],[77.49454,12.9681],[77.49459,12.96763],[77.4947,12.9674],[77.49538,12.96731],[77.49564,12.96752],[77.49605,12.96772],[77.49611,12.96781],[77.4961,12.968],[77.49642,12.96837],[77.4966,12.96831]]]]}},{"type":"Feature","properties":{"id":"lake-1154","name":"Mapped lake/tank"},"geometry":{"type":"MultiPolygon","coordinates":[[[[77.53136,12.94989],[77.53139,12.9496],[77.53166,12.94946],[77.53169,12.94939],[77.53141,12.94893],[77.53141,12.94843],[77.53137,12.94828],[77.5313,12.94824],[77.53115,12.94839],[77.53094,12.9488],[77.53063,12.94904],[77.5302,12.94926],[77.53011,12.94952],[77.53019,12.9497],[77.53029,12.94977],[77.53099,12.94975],[77.53135,12.95],[77.53136,12.94989]]]]}},{"type":"Feature","properties":{"id":"lake-1155","name":"Mapped lake/tank"},"geometry":{"type":"MultiPolygon","coordinates":[[[[77.5228,12.94081],[77.5225,12.94053],[77.52243,12.9404],[77.52222,12.93971],[77.52208,12.93939],[77.52152,12.93904],[77.52107,12.93849],[77.52075,12.93851],[77.52063,12.93977],[77.52052,12.94036],[77.52049,12.94035],[77.52038,12.94051],[77.52042,12.94069],[77.52133,12.94106],[77.52176,12.94131],[77.5228,12.94081]]]]}},{"type":"Feature","properties":{"id":"lake-1156","name":"Dubasipalya Kere"},"geometry":{"type":"MultiPolygon","coordinates":[[[[77.49323,12.93173],[77.4934,12.93168],[77.49363,12.93153],[77.49412,12.9315],[77.49439,12.93179],[77.49519,12.93235],[77.49627,12.93175],[77.49636,12.93154],[77.49636,12.93132],[77.49611,12.93131],[77.49598,12.93125],[77.4956,12.93079],[77.49561,12.93035],[77.49524,12.92971],[77.49515,12.92932],[77.49515,12.92919],[77.49529,12.92901],[77.4953,12.92892],[77.49506,12.92892],[77.495,12.92897],[77.49433,12.92996],[77.4934,12.93152],[77.49323,12.93173]]]]}},{"type":"Feature","properties":{"id":"lake-1157","name":"Mapped lake/tank"},"geometry":{"type":"MultiPolygon","coordinates":[[[[77.50832,12.92696],[77.50872,12.92669],[77.50886,12.92628],[77.5088,12.92585],[77.50894,12.9256],[77.50894,12.92523],[77.50904,12.9251],[77.50947,12.92495],[77.50952,12.92487],[77.50944,12.92469],[77.50935,12.92467],[77.50926,12.92473],[77.50899,12.92468],[77.50835,12.92518],[77.50805,12.92519],[77.50799,12.92524],[77.50798,12.92533],[77.50836,12.92637],[77.50836,12.92646],[77.50829,12.92658],[77.50813,12.92665],[77.50797,12.92691],[77.50808,12.92701],[77.50819,12.92702],[77.50832,12.92696]]]]}},{"type":"Feature","properties":{"id":"lake-1158","name":"Mapped lake/tank"},"geometry":{"type":"MultiPolygon","coordinates":[[[[77.51548,12.92335],[77.51441,12.92336],[77.51438,12.92388],[77.51447,12.92422],[77.51458,12.92513],[77.51468,12.92554],[77.51472,12.92558],[77.51484,12.92559],[77.51495,12.92537],[77.51532,12.92488],[77.51571,12.92415],[77.5157,12.92396],[77.51548,12.92335]]]]}},{"type":"Feature","properties":{"id":"lake-1159","name":"Sunkalpalya Lake"},"geometry":{"type":"MultiPolygon","coordinates":[[[[77.49677,12.90597],[77.49621,12.90594],[77.49575,12.90568],[77.49564,12.90566],[77.49531,12.9057],[77.49513,12.9058],[77.49496,12.90609],[77.49512,12.90765],[77.49531,12.90768],[77.49568,12.90755],[77.49579,12.90744],[77.49584,12.90711],[77.49604,12.90691],[77.49641,12.90684],[77.49712,12.90648],[77.49728,12.90626],[77.49728,12.9061],[77.49724,12.90601],[77.49716,12.90593],[77.49677,12.90597]]]]}},{"type":"Feature","properties":{"id":"lake-1160","name":"Mapped lake/tank"},"geometry":{"type":"MultiPolygon","coordinates":[[[[77.49174,12.90772],[77.49206,12.90846],[77.49222,12.90919],[77.49262,12.90901],[77.49301,12.90866],[77.49313,12.9085],[77.49332,12.90792],[77.49375,12.90735],[77.49373,12.90715],[77.49366,12.90707],[77.49355,12.90705],[77.4933,12.90713],[77.49313,12.90726],[77.49284,12.90758],[77.49261,12.9077],[77.49226,12.90774],[77.49174,12.90772]]]]}},{"type":"Feature","properties":{"id":"lake-1161","name":"Mapped lake/tank"},"geometry":{"type":"MultiPolygon","coordinates":[[[[77.5153,12.90518],[77.51516,12.90516],[77.5144,12.90541],[77.5142,12.90552],[77.51413,12.90573],[77.51415,12.90587],[77.51431,12.90604],[77.51446,12.90613],[77.51481,12.90616],[77.51532,12.90608],[77.51545,12.90591],[77.51546,12.90573],[77.5154,12.90534],[77.5153,12.90518]]]]}},{"type":"Feature","properties":{"id":"lake-1162","name":"Idly Lake"},"geometry":{"type":"MultiPolygon","coordinates":[[[[77.507,12.90377],[77.50682,12.90321],[77.50676,12.90319],[77.50622,12.90333],[77.50615,12.90338],[77.50624,12.90382],[77.50636,12.90378],[77.50648,12.90407],[77.507,12.90377]]]]}},{"type":"Feature","properties":{"id":"lake-1163","name":"Mapped lake/tank"},"geometry":{"type":"MultiPolygon","coordinates":[[[[77.49827,12.9116],[77.49828,12.91111],[77.49834,12.91084],[77.49868,12.91056],[77.49868,12.91049],[77.4986,12.91035],[77.49843,12.91025],[77.49759,12.91057],[77.49799,12.91143],[77.49812,12.91158],[77.49827,12.9116]]]]}},{"type":"Feature","properties":{"id":"lake-1164","name":"Mapped lake/tank"},"geometry":{"type":"MultiPolygon","coordinates":[[[[77.49111,12.88127],[77.49182,12.88116],[77.49202,12.88155],[77.49339,12.88045],[77.49355,12.88018],[77.4936,12.87984],[77.49352,12.87961],[77.49329,12.87927],[77.49315,12.87925],[77.49296,12.87928],[77.49264,12.87942],[77.4919,12.87992],[77.49163,12.87998],[77.49143,12.87987],[77.49127,12.87962],[77.49085,12.87945],[77.49072,12.8793],[77.49061,12.87932],[77.49044,12.87947],[77.49053,12.88054],[77.49047,12.8818],[77.49111,12.88127]]]]}},{"type":"Feature","properties":{"id":"lake-1165","name":"Mapped lake/tank"},"geometry":{"type":"MultiPolygon","coordinates":[[[[77.49909,12.89372],[77.49944,12.89363],[77.49969,12.89326],[77.49989,12.8931],[77.4999,12.89305],[77.49949,12.89279],[77.49938,12.8929],[77.49923,12.89297],[77.49903,12.89338],[77.49855,12.89363],[77.49812,12.89393],[77.49814,12.89413],[77.49817,12.89417],[77.49872,12.89426],[77.49915,12.89419],[77.4992,12.89411],[77.49906,12.89393],[77.49909,12.89372]]]]}},{"type":"Feature","properties":{"id":"lake-1166","name":"Mapped lake/tank"},"geometry":{"type":"MultiPolygon","coordinates":[[[[77.51441,12.92336],[77.51548,12.92335],[77.5153,12.92286],[77.51522,12.92284],[77.51478,12.92294],[77.51456,12.92304],[77.51446,12.92316],[77.51441,12.92336]]]]}},{"type":"Feature","properties":{"id":"lake-1167","name":"Mapped lake/tank"},"geometry":{"type":"MultiPolygon","coordinates":[[[[77.48998,12.91752],[77.4899,12.91736],[77.48964,12.91746],[77.48944,12.91693],[77.48927,12.91694],[77.48908,12.91707],[77.48903,12.91717],[77.48911,12.91742],[77.4892,12.91752],[77.48933,12.91757],[77.48963,12.91759],[77.4898,12.91769],[77.48992,12.91771],[77.48998,12.91752]]]]}},{"type":"Feature","properties":{"id":"lake-1168","name":"Mapped lake/tank"},"geometry":{"type":"MultiPolygon","coordinates":[[[[77.5286,12.91467],[77.5285,12.91464],[77.52843,12.91473],[77.5284,12.91506],[77.52848,12.91539],[77.5286,12.91556],[77.5287,12.91559],[77.52885,12.91552],[77.52898,12.91539],[77.52901,12.91519],[77.5288,12.91486],[77.5286,12.91467]]]]}},{"type":"Feature","properties":{"id":"lake-1169","name":"Mapped lake/tank"},"geometry":{"type":"MultiPolygon","coordinates":[[[[77.49708,12.91157],[77.49679,12.91166],[77.49654,12.91196],[77.49657,12.91243],[77.49665,12.91254],[77.49684,12.91249],[77.49708,12.91227],[77.49716,12.91178],[77.49708,12.91157]]]]}},{"type":"Feature","properties":{"id":"lake-1170","name":"Mapped lake/tank"},"geometry":{"type":"MultiPolygon","coordinates":[[[[77.48768,12.83496],[77.48904,12.83476],[77.48906,12.83469],[77.48901,12.83451],[77.48869,12.83367],[77.48871,12.83326],[77.48747,12.83327],[77.48748,12.83499],[77.48768,12.83496]]]]}},{"type":"Feature","properties":{"id":"lake-1171","name":"Mapped lake/tank"},"geometry":{"type":"MultiPolygon","coordinates":[[[[77.49092,12.85327],[77.49112,12.85312],[77.49124,12.85308],[77.4915,12.85278],[77.4916,12.85279],[77.49173,12.85296],[77.49195,12.85296],[77.4926,12.85262],[77.49317,12.85258],[77.49349,12.85245],[77.49361,12.85231],[77.49366,12.85216],[77.49366,12.85149],[77.49385,12.85149],[77.494,12.85163],[77.49408,12.85165],[77.49415,12.85157],[77.49423,12.85121],[77.49419,12.851],[77.49368,12.85063],[77.4935,12.85039],[77.49335,12.85036],[77.49312,12.85039],[77.49288,12.85067],[77.49278,12.85067],[77.49264,12.85056],[77.49256,12.85044],[77.49241,12.85039],[77.4923,12.85026],[77.4922,12.85022],[77.49204,12.84995],[77.49193,12.84986],[77.49172,12.84981],[77.49169,12.84967],[77.4918,12.84954],[77.49181,12.84935],[77.49166,12.84913],[77.49166,12.84899],[77.49178,12.84879],[77.49181,12.84844],[77.49192,12.84825],[77.49212,12.84809],[77.4922,12.84794],[77.49223,12.84773],[77.49236,12.84754],[77.49204,12.84717],[77.49144,12.84718],[77.49126,12.84722],[77.49049,12.84835],[77.48996,12.84857],[77.48988,12.84856],[77.48976,12.84843],[77.48958,12.84852],[77.48922,12.84897],[77.48894,12.84908],[77.48859,12.84947],[77.48821,12.85014],[77.48809,12.85044],[77.48811,12.85068],[77.4883,12.85097],[77.48863,12.85102],[77.48858,12.85126],[77.48861,12.8514],[77.48857,12.85156],[77.48861,12.85177],[77.48879,12.85185],[77.48897,12.85178],[77.489,12.85187],[77.48906,12.8519],[77.48929,12.85187],[77.48953,12.85191],[77.48977,12.85179],[77.49006,12.85183],[77.4902,12.85195],[77.49034,12.85232],[77.49015,12.8529],[77.49018,12.85313],[77.49032,12.8533],[77.49046,12.85337],[77.4906,12.85338],[77.49092,12.85327]]]]}},{"type":"Feature","properties":{"id":"lake-1172","name":"Mapped lake/tank"},"geometry":{"type":"MultiPolygon","coordinates":[[[[77.51012,12.85179],[77.50993,12.85119],[77.50978,12.85117],[77.50943,12.85127],[77.5093,12.85125],[77.50916,12.85109],[77.50888,12.85104],[77.5088,12.85116],[77.50877,12.85153],[77.50881,12.85166],[77.50895,12.85172],[77.50929,12.85174],[77.50946,12.85168],[77.50964,12.85167],[77.50974,12.85175],[77.50987,12.85197],[77.50996,12.85197],[77.51004,12.85192],[77.51012,12.85179]]]]}},{"type":"Feature","properties":{"id":"lake-1173","name":"Mapped lake/tank"},"geometry":{"type":"MultiPolygon","coordinates":[[[[77.51727,12.84057],[77.5176,12.84194],[77.51793,12.84267],[77.51783,12.8424],[77.51795,12.84209],[77.51822,12.84197],[77.51859,12.84191],[77.51896,12.8419],[77.51922,12.842],[77.51986,12.842],[77.52003,12.84215],[77.52019,12.8422],[77.5204,12.84234],[77.52067,12.84242],[77.52089,12.84262],[77.5211,12.84273],[77.52116,12.84288],[77.52142,12.84294],[77.52151,12.84292],[77.52158,12.84286],[77.52163,12.84269],[77.52145,12.84255],[77.52141,12.84233],[77.52133,12.84225],[77.52111,12.84221],[77.52097,12.84209],[77.52068,12.842],[77.52049,12.84162],[77.51994,12.84135],[77.51953,12.84121],[77.51932,12.84102],[77.51925,12.84084],[77.51903,12.84068],[77.51874,12.84074],[77.51833,12.84059],[77.51817,12.8407],[77.51799,12.84061],[77.51774,12.84067],[77.51762,12.84056],[77.51751,12.84062],[77.51727,12.84057]]]]}},{"type":"Feature","properties":{"id":"lake-1174","name":"Mapped lake/tank"},"geometry":{"type":"MultiPolygon","coordinates":[[[[77.52443,12.84617],[77.52414,12.84584],[77.5241,12.84574],[77.52411,12.84549],[77.52425,12.84488],[77.52399,12.84447],[77.52376,12.8437],[77.5236,12.84358],[77.52333,12.84355],[77.52319,12.84359],[77.52304,12.84368],[77.5229,12.84387],[77.52286,12.8442],[77.52273,12.84445],[77.52276,12.84473],[77.52295,12.84496],[77.52298,12.8454],[77.52314,12.8458],[77.52336,12.84604],[77.52359,12.84617],[77.52407,12.84615],[77.5243,12.84634],[77.52441,12.84629],[77.52443,12.84617]]]]}},{"type":"Feature","properties":{"id":"lake-1175","name":"Mapped lake/tank"},"geometry":{"type":"MultiPolygon","coordinates":[[[[77.5291,12.84178],[77.52929,12.8418],[77.5295,12.84173],[77.52972,12.84189],[77.52989,12.8419],[77.53,12.84183],[77.53033,12.84147],[77.53052,12.84139],[77.53059,12.84159],[77.53084,12.84163],[77.53082,12.84176],[77.53112,12.84172],[77.53124,12.84161],[77.53134,12.84131],[77.5318,12.84067],[77.53188,12.84043],[77.53208,12.84012],[77.53219,12.84003],[77.5323,12.84001],[77.53242,12.84004],[77.53263,12.84018],[77.53271,12.84035],[77.53276,12.84063],[77.53288,12.84076],[77.53291,12.84092],[77.53279,12.84125],[77.53266,12.84145],[77.5326,12.84145],[77.53236,12.84125],[77.53214,12.84129],[77.5321,12.84138],[77.53217,12.84147],[77.53258,12.84173],[77.53305,12.84173],[77.53326,12.84165],[77.53338,12.84153],[77.5335,12.84115],[77.53358,12.84114],[77.53352,12.83464],[77.53166,12.83548],[77.53056,12.83603],[77.53054,12.83613],[77.53063,12.83624],[77.53062,12.83634],[77.53046,12.83656],[77.5303,12.83664],[77.53032,12.83675],[77.53025,12.83703],[77.53005,12.83727],[77.53006,12.8374],[77.53019,12.83767],[77.53029,12.83779],[77.53036,12.8383],[77.53033,12.83863],[77.53025,12.83886],[77.52996,12.83907],[77.52977,12.83931],[77.52974,12.83944],[77.52986,12.8398],[77.52987,12.84023],[77.52963,12.84039],[77.52946,12.84065],[77.52943,12.84091],[77.52935,12.84111],[77.52929,12.84116],[77.52896,12.84119],[77.52882,12.84152],[77.52868,12.84171],[77.52872,12.8419],[77.52887,12.84201],[77.52897,12.84195],[77.52902,12.84183],[77.5291,12.84178]]]]}},{"type":"Feature","properties":{"id":"lake-1176","name":"Mapped lake/tank"},"geometry":{"type":"MultiPolygon","coordinates":[[[[77.53179,12.83454],[77.53243,12.83441],[77.53244,12.83393],[77.53125,12.83387],[77.5314,12.83462],[77.53179,12.83454]]]]}},{"type":"Feature","properties":{"id":"lake-1177","name":"Mapped lake/tank"},"geometry":{"type":"MultiPolygon","coordinates":[[[[77.5332,12.84896],[77.53333,12.84894],[77.53365,12.84846],[77.53365,12.84759],[77.53336,12.84765],[77.53334,12.84785],[77.53315,12.84838],[77.53291,12.84872],[77.53288,12.84903],[77.53295,12.84917],[77.53318,12.84916],[77.5332,12.84896]]]]}},{"type":"Feature","properties":{"id":"lake-1178","name":"Mapped lake/tank"},"geometry":{"type":"MultiPolygon","coordinates":[[[[77.53218,12.86583],[77.53215,12.86561],[77.53209,12.86555],[77.53126,12.8658],[77.5309,12.86584],[77.53013,12.86578],[77.52982,12.86569],[77.52978,12.86584],[77.52984,12.86595],[77.53051,12.86665],[77.53054,12.86689],[77.53043,12.86705],[77.53042,12.86716],[77.53084,12.8676],[77.5311,12.86821],[77.53197,12.86803],[77.53218,12.86771],[77.53224,12.86741],[77.53227,12.8668],[77.53218,12.86583]]]]}},{"type":"Feature","properties":{"id":"lake-1179","name":"Mapped lake/tank"},"geometry":{"type":"MultiPolygon","coordinates":[[[[77.50111,12.87522],[77.49988,12.87433],[77.49816,12.87348],[77.4979,12.87368],[77.49751,12.87433],[77.49731,12.87517],[77.49731,12.87522],[77.49738,12.87523],[77.49777,12.87506],[77.49853,12.87501],[77.49912,12.87532],[77.4998,12.87548],[77.49986,12.87555],[77.49981,12.876],[77.5008,12.87662],[77.5009,12.87603],[77.5011,12.8757],[77.50117,12.87535],[77.50111,12.87522]]]]}},{"type":"Feature","properties":{"id":"lake-1180","name":"Mapped lake/tank"},"geometry":{"type":"MultiPolygon","coordinates":[[[[77.5145,12.87291],[77.5145,12.87259],[77.51477,12.87215],[77.51478,12.87206],[77.51439,12.87048],[77.51404,12.87049],[77.51398,12.87069],[77.51397,12.87158],[77.51384,12.87174],[77.51347,12.87191],[77.51337,12.87212],[77.51364,12.87299],[77.5145,12.87291]]]]}},{"type":"Feature","properties":{"id":"lake-1181","name":"Mapped lake/tank"},"geometry":{"type":"MultiPolygon","coordinates":[[[[77.51394,12.87068],[77.5138,12.87108],[77.51369,12.87122],[77.51286,12.87135],[77.5133,12.87186],[77.51335,12.87198],[77.51355,12.87183],[77.51382,12.87171],[77.51393,12.87156],[77.51394,12.87068]]]]}},{"type":"Feature","properties":{"id":"lake-1182","name":"Mapped lake/tank"},"geometry":{"type":"MultiPolygon","coordinates":[[[[77.53192,12.86892],[77.53198,12.86886],[77.53199,12.86872],[77.53194,12.8684],[77.53206,12.86799],[77.53193,12.86808],[77.53108,12.86824],[77.53118,12.86846],[77.53133,12.86864],[77.53155,12.86868],[77.53176,12.86895],[77.53192,12.86892]]]]}},{"type":"Feature","properties":{"id":"lake-1183","name":"Mapped lake/tank"},"geometry":{"type":"MultiPolygon","coordinates":[[[[77.53289,12.86582],[77.53277,12.86577],[77.5324,12.86576],[77.53219,12.86564],[77.53226,12.86624],[77.53253,12.86612],[77.53288,12.86605],[77.53293,12.86597],[77.53289,12.86582]]]]}},{"type":"Feature","properties":{"id":"lake-1184","name":"Lakshmipura Lake"},"geometry":{"type":"MultiPolygon","coordinates":[[[[77.47052,13.03614],[77.47059,13.0361],[77.47144,13.03481],[77.4718,13.03481],[77.47199,13.0347],[77.4721,13.0346],[77.47221,13.03431],[77.47216,13.034],[77.47138,13.03251],[77.47125,13.03252],[77.47119,13.03271],[77.47099,13.03278],[77.47097,13.03304],[77.47052,13.0337],[77.4704,13.03374],[77.46985,13.03375],[77.4695,13.0337],[77.46937,13.03348],[77.46905,13.03342],[77.46916,13.03304],[77.46913,13.03301],[77.46889,13.03295],[77.46867,13.03312],[77.46856,13.03309],[77.4685,13.03302],[77.46846,13.03219],[77.46848,13.03154],[77.46844,13.03147],[77.46819,13.03145],[77.46809,13.03117],[77.46794,13.03106],[77.46799,13.03097],[77.46808,13.03092],[77.46816,13.03055],[77.46852,13.03047],[77.4685,13.0303],[77.46811,13.03014],[77.46797,13.03012],[77.4673,13.03031],[77.46732,13.03053],[77.46721,13.03055],[77.46719,13.03093],[77.46686,13.03116],[77.46689,13.0314],[77.46683,13.03158],[77.46665,13.03167],[77.46646,13.03165],[77.46619,13.03149],[77.46607,13.03152],[77.46608,13.0318],[77.46631,13.03186],[77.46637,13.03196],[77.46732,13.03245],[77.46744,13.03262],[77.46751,13.03289],[77.46761,13.03376],[77.46755,13.03408],[77.46733,13.03451],[77.46691,13.03486],[77.46667,13.03517],[77.46667,13.03523],[77.46766,13.03519],[77.46777,13.03522],[77.46794,13.03514],[77.46838,13.03509],[77.46887,13.03513],[77.46897,13.03525],[77.46899,13.03586],[77.47052,13.03614]]]]}},{"type":"Feature","properties":{"id":"lake-1185","name":"Harokyathanahalli Lake 3"},"geometry":{"type":"MultiPolygon","coordinates":[[[[77.44386,13.05414],[77.44407,13.05404],[77.44552,13.05393],[77.44547,13.05375],[77.4459,13.05351],[77.44629,13.05343],[77.44698,13.0534],[77.44696,13.05334],[77.44637,13.05309],[77.44611,13.05304],[77.44551,13.05301],[77.44534,13.05294],[77.44497,13.05256],[77.44457,13.05142],[77.44428,13.05125],[77.44405,13.05128],[77.44396,13.05163],[77.4437,13.05197],[77.44381,13.05233],[77.44377,13.05255],[77.44357,13.05304],[77.44358,13.05418],[77.44386,13.05414]]]]}},{"type":"Feature","properties":{"id":"lake-1186","name":"K G. Lakkenahalli Lake"},"geometry":{"type":"MultiPolygon","coordinates":[[[[77.46265,13.01752],[77.46259,13.01623],[77.46234,13.01618],[77.46261,13.01542],[77.46258,13.0153],[77.46208,13.01528],[77.46193,13.01553],[77.46165,13.01584],[77.46107,13.01632],[77.46062,13.0165],[77.45984,13.01669],[77.45978,13.01677],[77.45977,13.01693],[77.45984,13.01706],[77.46084,13.01727],[77.46094,13.01733],[77.46108,13.01754],[77.46198,13.01762],[77.46265,13.01752]]]]}},{"type":"Feature","properties":{"id":"lake-1187","name":"Machohalli Lake (Machohalli Chikkere)"},"geometry":{"type":"MultiPolygon","coordinates":[[[[77.45401,13.01466],[77.45403,13.01429],[77.45349,13.01429],[77.45357,13.01446],[77.4537,13.01508],[77.45378,13.01505],[77.45401,13.01466]]]]}},{"type":"Feature","properties":{"id":"lake-1188","name":"Mapped lake/tank"},"geometry":{"type":"MultiPolygon","coordinates":[[[[77.4673,13.03031],[77.46697,13.03042],[77.46688,13.03089],[77.46619,13.03149],[77.46646,13.03165],[77.46665,13.03167],[77.46683,13.03158],[77.46689,13.0314],[77.46686,13.03116],[77.46719,13.03093],[77.46721,13.03055],[77.46732,13.03053],[77.4673,13.03031]]]]}},{"type":"Feature","properties":{"id":"lake-1189","name":"Mapped lake/tank"},"geometry":{"type":"MultiPolygon","coordinates":[[[[77.45735,13.02262],[77.45749,13.02216],[77.45742,13.02209],[77.4567,13.0221],[77.45629,13.02229],[77.45634,13.02234],[77.45652,13.02233],[77.45674,13.02265],[77.45698,13.02278],[77.45725,13.02274],[77.45735,13.02262]]]]}},{"type":"Feature","properties":{"id":"lake-1190","name":"Madavara Kere /Anchepalya Lake"},"geometry":{"type":"MultiPolygon","coordinates":[[[[77.47913,13.05425],[77.47968,13.05428],[77.47975,13.05425],[77.47998,13.05326],[77.48019,13.05301],[77.48037,13.05286],[77.48082,13.05273],[77.48197,13.05258],[77.48204,13.05253],[77.48185,13.05096],[77.48176,13.05089],[77.48094,13.05061],[77.48065,13.05018],[77.4803,13.04953],[77.48023,13.04917],[77.48032,13.0489],[77.48058,13.04864],[77.48067,13.04844],[77.48071,13.04826],[77.48069,13.04801],[77.48059,13.04741],[77.47996,13.04727],[77.47982,13.04711],[77.47972,13.0468],[77.47972,13.04574],[77.47959,13.04577],[77.4793,13.04613],[77.47926,13.04624],[77.47934,13.0473],[77.47908,13.04738],[77.47784,13.04757],[77.47795,13.04784],[77.47806,13.04836],[77.47838,13.04862],[77.47839,13.0487],[77.47811,13.05011],[77.47794,13.05044],[77.47788,13.05135],[77.47777,13.05156],[77.4775,13.05178],[77.47729,13.05186],[77.47686,13.05194],[77.47676,13.05203],[77.47686,13.05215],[77.47744,13.05223],[77.4778,13.05238],[77.47829,13.05271],[77.47845,13.05294],[77.47851,13.05331],[77.47839,13.05402],[77.47839,13.05436],[77.47832,13.05459],[77.47803,13.05516],[77.47816,13.05519],[77.47825,13.05512],[77.47867,13.05434],[77.47913,13.05425]]]]}},{"type":"Feature","properties":{"id":"lake-1191","name":"Gangondanahalli Kere"},"geometry":{"type":"MultiPolygon","coordinates":[[[[77.47432,13.01985],[77.4748,13.01986],[77.47506,13.01993],[77.4752,13.02008],[77.47523,13.02044],[77.4754,13.02039],[77.47548,13.02009],[77.47556,13.01929],[77.47564,13.01793],[77.47563,13.01575],[77.47539,13.01573],[77.47368,13.01583],[77.47334,13.01592],[77.47315,13.0161],[77.473,13.01616],[77.47265,13.0162],[77.47222,13.01613],[77.47198,13.01617],[77.4719,13.01629],[77.4719,13.01642],[77.47262,13.01785],[77.47268,13.01807],[77.47271,13.01988],[77.47232,13.02077],[77.47236,13.02088],[77.47267,13.02123],[77.47294,13.02112],[77.47341,13.02081],[77.47337,13.02043],[77.47355,13.02018],[77.47404,13.01992],[77.47432,13.01985]]]]}},{"type":"Feature","properties":{"id":"lake-1192","name":"Kachohalli Lake 1"},"geometry":{"type":"MultiPolygon","coordinates":[[[[77.46762,13.0027],[77.46728,13.00232],[77.46727,13.00222],[77.46771,13.00204],[77.46782,13.00177],[77.46819,13.00166],[77.46817,13.00138],[77.4678,13.0014],[77.46772,13.00089],[77.46782,13.0008],[77.46803,13.00071],[77.468,13.00037],[77.46804,13.00015],[77.46828,12.9998],[77.46852,12.99957],[77.46899,12.99933],[77.46887,12.99917],[77.46935,12.99867],[77.46951,12.99843],[77.46957,12.99812],[77.46973,12.99785],[77.46974,12.99774],[77.46964,12.99737],[77.4691,12.99728],[77.46884,12.99735],[77.4681,12.99776],[77.46785,12.9978],[77.46762,12.99778],[77.46691,12.99745],[77.46654,12.99741],[77.46627,12.99744],[77.46559,12.99771],[77.46538,12.9979],[77.46527,12.9981],[77.46488,12.99834],[77.46446,12.99847],[77.46371,12.99913],[77.46445,13.00148],[77.46447,13.00158],[77.4644,13.00196],[77.46449,13.00199],[77.46458,13.00198],[77.46472,13.00174],[77.4653,13.00142],[77.46555,13.00136],[77.46613,13.00163],[77.46686,13.00231],[77.46701,13.00241],[77.46728,13.00277],[77.46762,13.0027]]]]}},{"type":"Feature","properties":{"id":"lake-1193","name":"Machohalli Lake (Machohalli Chikkere)"},"geometry":{"type":"MultiPolygon","coordinates":[[[[77.45403,13.01414],[77.45405,13.01389],[77.45411,13.01382],[77.45497,13.01373],[77.45624,13.01382],[77.45622,13.01343],[77.45613,13.01287],[77.45565,13.01119],[77.4553,13.01123],[77.45438,13.01123],[77.45429,13.01117],[77.45423,13.01107],[77.45382,13.01083],[77.45375,13.01072],[77.45366,13.01033],[77.4531,13.01084],[77.45317,13.01107],[77.45332,13.01219],[77.45316,13.01325],[77.45349,13.01429],[77.45403,13.01429],[77.45403,13.01414]]]]}},{"type":"Feature","properties":{"id":"lake-1194","name":"Byandahalli Lake"},"geometry":{"type":"MultiPolygon","coordinates":[[[[77.44638,13.00731],[77.44644,13.00627],[77.44533,13.00604],[77.4452,13.00657],[77.44496,13.00657],[77.44492,13.00689],[77.44512,13.00692],[77.44654,13.00743],[77.44638,13.00731]]]]}},{"type":"Feature","properties":{"id":"lake-1195","name":"Kannalli Lake 1"},"geometry":{"type":"MultiPolygon","coordinates":[[[[77.46278,12.97015],[77.46329,12.96988],[77.46345,12.96969],[77.46362,12.96957],[77.46363,12.96944],[77.46358,12.96938],[77.46367,12.96927],[77.46368,12.96902],[77.45983,12.96906],[77.46037,12.9702],[77.4604,12.97062],[77.46032,12.971],[77.46155,12.97094],[77.46167,12.97089],[77.46183,12.97064],[77.4622,12.97057],[77.46257,12.97044],[77.46251,12.97025],[77.46278,12.97015]]]]}},{"type":"Feature","properties":{"id":"lake-1196","name":"Kodigehalli Kere"},"geometry":{"type":"MultiPolygon","coordinates":[[[[77.46954,12.97805],[77.46867,12.97745],[77.46863,12.97747],[77.46852,12.97732],[77.46832,12.97628],[77.46833,12.97572],[77.46806,12.97572],[77.46772,12.97602],[77.46719,12.9763],[77.46717,12.97654],[77.46752,12.97749],[77.46935,12.9788],[77.46956,12.97828],[77.46954,12.97805]]]]}},{"type":"Feature","properties":{"id":"lake-1197","name":"Sheegehalli Lake"},"geometry":{"type":"MultiPolygon","coordinates":[[[[77.45033,12.97866],[77.45031,12.97745],[77.45068,12.9767],[77.45082,12.97653],[77.45028,12.97643],[77.45004,12.97632],[77.44871,12.97544],[77.44863,12.97568],[77.44898,12.97584],[77.44908,12.97598],[77.44911,12.97651],[77.44925,12.97671],[77.44933,12.97798],[77.44958,12.97801],[77.44961,12.97804],[77.44978,12.97863],[77.45033,12.97866]]]]}},{"type":"Feature","properties":{"id":"lake-1198","name":"Kodigehalli Acchegowdana Katte"},"geometry":{"type":"MultiPolygon","coordinates":[[[[77.46635,12.98294],[77.46612,12.9823],[77.46589,12.98196],[77.46584,12.98195],[77.46587,12.98232],[77.46583,12.98247],[77.46573,12.98261],[77.46529,12.98288],[77.46532,12.98307],[77.46556,12.98306],[77.46669,12.984],[77.4667,12.98405],[77.46681,12.98406],[77.46708,12.98385],[77.46712,12.98375],[77.46695,12.98311],[77.46691,12.98304],[77.46648,12.9831],[77.4664,12.98306],[77.46635,12.98294]]]]}},{"type":"Feature","properties":{"id":"lake-1199","name":"Mapped lake/tank"},"geometry":{"type":"MultiPolygon","coordinates":[[[[77.48729,13.01024],[77.487,13.01016],[77.48656,13.01024],[77.48648,13.01018],[77.48631,13.00988],[77.48528,13.00993],[77.4851,13.00998],[77.48521,13.01048],[77.48528,13.01178],[77.48552,13.01194],[77.48747,13.01154],[77.48754,13.01144],[77.48753,13.01091],[77.48737,13.01057],[77.48735,13.01031],[77.48729,13.01024]]]]}},{"type":"Feature","properties":{"id":"lake-1200","name":"Mapped lake/tank"},"geometry":{"type":"MultiPolygon","coordinates":[[[[77.48516,13.00956],[77.48499,13.0096],[77.48509,13.00996],[77.48531,13.0099],[77.48525,13.00968],[77.48516,13.00956]]]]}},{"type":"Feature","properties":{"id":"lake-1201","name":"Mapped lake/tank"},"geometry":{"type":"MultiPolygon","coordinates":[[[[77.48319,13.00257],[77.48216,13.00308],[77.48202,13.00317],[77.48191,13.00332],[77.4819,13.00344],[77.48207,13.00395],[77.48229,13.00417],[77.4826,13.00432],[77.48275,13.00425],[77.48317,13.00359],[77.48345,13.00333],[77.48319,13.00257]]]]}},{"type":"Feature","properties":{"id":"lake-1202","name":"Mapped lake/tank"},"geometry":{"type":"MultiPolygon","coordinates":[[[[77.48469,13.00231],[77.48324,13.00256],[77.48348,13.0033],[77.48371,13.00324],[77.48484,13.00265],[77.48479,13.00245],[77.48469,13.00231]]]]}},{"type":"Feature","properties":{"id":"lake-1203","name":"Mapped lake/tank"},"geometry":{"type":"MultiPolygon","coordinates":[[[[77.48902,12.99002],[77.489,12.98842],[77.4888,12.9888],[77.4885,12.9892],[77.48813,12.9895],[77.48812,12.98958],[77.48821,12.98974],[77.48859,12.98972],[77.48885,12.99003],[77.48893,12.99005],[77.48902,12.99002]]]]}},{"type":"Feature","properties":{"id":"lake-1204","name":"Kenchanapura Govt. Lake"},"geometry":{"type":"MultiPolygon","coordinates":[[[[77.44964,12.95713],[77.44956,12.957],[77.44956,12.95684],[77.4497,12.95637],[77.4499,12.95595],[77.45002,12.95512],[77.45015,12.95486],[77.45057,12.95432],[77.45053,12.95421],[77.44954,12.95453],[77.44836,12.95447],[77.44859,12.95533],[77.44846,12.95552],[77.44843,12.95576],[77.44846,12.95594],[77.44816,12.95605],[77.44819,12.95681],[77.44813,12.95704],[77.4484,12.957],[77.44848,12.95718],[77.44853,12.95719],[77.44928,12.95721],[77.44964,12.95713]]]]}},{"type":"Feature","properties":{"id":"lake-1205","name":"Ramasandra (Hire Kere)"},"geometry":{"type":"MultiPolygon","coordinates":[[[[77.45644,12.95249],[77.45623,12.95189],[77.45607,12.95167],[77.45604,12.95149],[77.45593,12.95132],[77.45591,12.95161],[77.45585,12.95168],[77.45446,12.95203],[77.45465,12.95273],[77.45501,12.95284],[77.45553,12.95295],[77.45633,12.95263],[77.45644,12.95249]]]]}},{"type":"Feature","properties":{"id":"lake-1206","name":"Ramasandra (Hire Kere)"},"geometry":{"type":"MultiPolygon","coordinates":[[[[77.45963,12.95882],[77.45961,12.95859],[77.46019,12.9585],[77.46024,12.95791],[77.46056,12.9577],[77.46068,12.95758],[77.46113,12.95658],[77.46139,12.95584],[77.46122,12.95585],[77.46096,12.95569],[77.46079,12.95565],[77.46052,12.95571],[77.46032,12.95569],[77.45991,12.95572],[77.4596,12.95554],[77.45921,12.95558],[77.4588,12.95569],[77.45903,12.95696],[77.4592,12.95823],[77.45947,12.9583],[77.4596,12.95885],[77.45963,12.95882]]]]}},{"type":"Feature","properties":{"id":"lake-1207","name":"Mapped lake/tank"},"geometry":{"type":"MultiPolygon","coordinates":[[[[77.48358,12.93012],[77.48332,12.92971],[77.48319,12.92927],[77.48274,12.9282],[77.48215,12.92733],[77.48186,12.92636],[77.48168,12.926],[77.48144,12.92566],[77.48107,12.92469],[77.48107,12.92436],[77.48125,12.92388],[77.4812,12.92368],[77.479,12.9237],[77.47866,12.92386],[77.47911,12.92462],[77.47877,12.92483],[77.47915,12.9257],[77.47938,12.92564],[77.47951,12.92605],[77.4797,12.92609],[77.47981,12.92645],[77.47963,12.92664],[77.47986,12.92751],[77.48084,12.92708],[77.48213,12.92898],[77.48235,12.92887],[77.4826,12.92925],[77.48268,12.92953],[77.48321,12.93083],[77.48318,12.93094],[77.48286,12.93131],[77.48294,12.93189],[77.48351,12.93192],[77.48378,12.93133],[77.48373,12.93091],[77.48377,12.93051],[77.48358,12.93012]]]]}},{"type":"Feature","properties":{"id":"lake-1208","name":"Mapped lake/tank"},"geometry":{"type":"MultiPolygon","coordinates":[[[[77.46351,12.95894],[77.46266,12.95887],[77.46264,12.95914],[77.46289,12.9592],[77.46351,12.95913],[77.46358,12.95908],[77.46351,12.95894]]]]}},{"type":"Feature","properties":{"id":"lake-1209","name":"Kommaghatta Govt. Lake"},"geometry":{"type":"MultiPolygon","coordinates":[[[[77.46914,12.93118],[77.46888,12.9311],[77.46878,12.93128],[77.46879,12.93142],[77.46898,12.93161],[77.46902,12.93161],[77.46901,12.93139],[77.46914,12.93139],[77.46914,12.93118]]]]}},{"type":"Feature","properties":{"id":"lake-1210","name":"Kommaghatta Govt. Lake"},"geometry":{"type":"MultiPolygon","coordinates":[[[[77.46847,12.93011],[77.46819,12.92865],[77.46757,12.92811],[77.4674,12.92767],[77.46704,12.9278],[77.46667,12.92816],[77.46582,12.92923],[77.46537,12.92992],[77.46564,12.9301],[77.46618,12.93009],[77.46633,12.9302],[77.4671,12.93141],[77.4674,12.93236],[77.46801,12.93348],[77.46814,12.93362],[77.46893,12.93339],[77.46903,12.93332],[77.46897,12.93165],[77.46879,12.93147],[77.46874,12.93133],[77.46889,12.93096],[77.46847,12.93011]]]]}},{"type":"Feature","properties":{"id":"lake-1211","name":"Kannalli Lake 1"},"geometry":{"type":"MultiPolygon","coordinates":[[[[77.46357,12.96837],[77.46334,12.96707],[77.46321,12.96682],[77.46353,12.96605],[77.46388,12.96495],[77.46387,12.96482],[77.46339,12.96482],[77.46344,12.96524],[77.4634,12.96577],[77.46324,12.96603],[77.46308,12.96614],[77.46288,12.96617],[77.46211,12.96611],[77.46122,12.96595],[77.4606,12.96605],[77.46044,12.96597],[77.46027,12.96578],[77.46008,12.96539],[77.46003,12.96506],[77.45986,12.96473],[77.45975,12.96463],[77.45946,12.96459],[77.45862,12.96428],[77.45838,12.96428],[77.45803,12.96442],[77.45803,12.96476],[77.45838,12.96492],[77.45857,12.96508],[77.45882,12.96504],[77.45918,12.96508],[77.45924,12.96518],[77.45918,12.96522],[77.45936,12.96548],[77.45931,12.9656],[77.45975,12.96615],[77.46,12.96656],[77.46002,12.96688],[77.45999,12.96749],[77.45955,12.96808],[77.45926,12.96807],[77.45983,12.96906],[77.46368,12.96902],[77.46357,12.96837]]]]}},{"type":"Feature","properties":{"id":"lake-1212","name":"Mapped lake/tank"},"geometry":{"type":"MultiPolygon","coordinates":[[[[77.44722,12.92513],[77.44618,12.92472],[77.44628,12.92547],[77.44658,12.92611],[77.44663,12.92615],[77.44704,12.92616],[77.44722,12.92513]]]]}},{"type":"Feature","properties":{"id":"lake-1213","name":"Manganahalli Lake 2"},"geometry":{"type":"MultiPolygon","coordinates":[[[[77.47104,12.9576],[77.47074,12.95731],[77.46952,12.95654],[77.46944,12.95708],[77.46927,12.95722],[77.46912,12.95755],[77.46917,12.95768],[77.46923,12.95769],[77.47065,12.95758],[77.47104,12.9576]]]]}},{"type":"Feature","properties":{"id":"lake-1214","name":"ChikkaKere (Chikkabasthi)"},"geometry":{"type":"MultiPolygon","coordinates":[[[[77.47153,12.94583],[77.47094,12.946],[77.4703,12.94604],[77.47074,12.94814],[77.47189,12.94791],[77.47153,12.94583]]]]}},{"type":"Feature","properties":{"id":"lake-1215","name":"Mapped lake/tank"},"geometry":{"type":"MultiPolygon","coordinates":[[[[77.4522,12.93134],[77.45207,12.93166],[77.45207,12.93176],[77.4522,12.93232],[77.45231,12.93245],[77.45248,12.93232],[77.45268,12.93225],[77.45283,12.932],[77.45303,12.93182],[77.45314,12.93153],[77.4531,12.93144],[77.4522,12.93134]]]]}},{"type":"Feature","properties":{"id":"lake-1216","name":"Mapped lake/tank"},"geometry":{"type":"MultiPolygon","coordinates":[[[[77.44557,12.94661],[77.44592,12.94804],[77.44601,12.94816],[77.44611,12.9481],[77.44644,12.94763],[77.4466,12.94691],[77.44697,12.94668],[77.44703,12.94656],[77.44696,12.94651],[77.44584,12.94651],[77.44557,12.94661]]]]}},{"type":"Feature","properties":{"id":"lake-1217","name":"Mapped lake/tank"},"geometry":{"type":"MultiPolygon","coordinates":[[[[77.48138,12.96264],[77.48146,12.96208],[77.48157,12.96176],[77.48203,12.96092],[77.48215,12.96076],[77.4824,12.9605],[77.48317,12.95988],[77.48401,12.95957],[77.48396,12.95941],[77.48327,12.95937],[77.48228,12.95987],[77.48177,12.95995],[77.48149,12.95994],[77.48127,12.95993],[77.48071,12.95977],[77.47996,12.95942],[77.47956,12.95915],[77.47953,12.96176],[77.47958,12.96223],[77.47968,12.96259],[77.47978,12.96258],[77.48018,12.9628],[77.48033,12.96354],[77.48123,12.96325],[77.48138,12.96264]]]]}},{"type":"Feature","properties":{"id":"lake-1218","name":"Ramasandra (Hire Kere)"},"geometry":{"type":"MultiPolygon","coordinates":[[[[77.46032,12.95565],[77.46044,12.95566],[77.46054,12.95561],[77.46106,12.95507],[77.4613,12.95322],[77.46163,12.95155],[77.46154,12.95125],[77.46128,12.95077],[77.46115,12.9504],[77.46118,12.94977],[77.46105,12.94874],[77.46127,12.94793],[77.46128,12.94756],[77.46143,12.94737],[77.46157,12.94706],[77.46159,12.94659],[77.46165,12.94635],[77.46144,12.94647],[77.46131,12.94707],[77.46124,12.94725],[77.46104,12.94749],[77.46092,12.94759],[77.46066,12.94769],[77.46029,12.94768],[77.45901,12.94722],[77.4585,12.94699],[77.45823,12.94694],[77.45801,12.94684],[77.45776,12.94661],[77.45765,12.94638],[77.45761,12.94617],[77.45763,12.94564],[77.45758,12.94557],[77.45752,12.94556],[77.4574,12.94568],[77.45717,12.94661],[77.45734,12.94671],[77.4574,12.94682],[77.45738,12.94754],[77.45728,12.94787],[77.4569,12.94837],[77.4567,12.94847],[77.45631,12.94853],[77.4559,12.94901],[77.45588,12.95087],[77.45591,12.95119],[77.45607,12.95148],[77.45611,12.95166],[77.45626,12.95187],[77.45646,12.95244],[77.45684,12.95222],[77.45781,12.95185],[77.45793,12.95221],[77.45831,12.95214],[77.45844,12.95222],[77.45864,12.95283],[77.45892,12.95331],[77.45901,12.95363],[77.45899,12.95399],[77.45893,12.95405],[77.45874,12.9541],[77.45871,12.95416],[77.45874,12.95536],[77.4588,12.95565],[77.45953,12.95551],[77.45966,12.95553],[77.45991,12.95569],[77.46032,12.95565]]]]}},{"type":"Feature","properties":{"id":"lake-1219","name":"Ramasandra (Hire Kere)"},"geometry":{"type":"MultiPolygon","coordinates":[[[[77.46138,12.9558],[77.46107,12.95513],[77.4605,12.95568],[77.46069,12.95561],[77.4609,12.95563],[77.46123,12.95581],[77.46138,12.9558]]]]}},{"type":"Feature","properties":{"id":"lake-1220","name":"Ramasandra (Hire Kere)"},"geometry":{"type":"MultiPolygon","coordinates":[[[[77.45593,12.95132],[77.45584,12.95101],[77.45586,12.949],[77.45625,12.94856],[77.45616,12.94849],[77.45578,12.94856],[77.4551,12.94856],[77.45505,12.94904],[77.45529,12.94954],[77.45529,12.94963],[77.45547,12.95009],[77.45529,12.95013],[77.45552,12.95175],[77.45587,12.95167],[77.45592,12.95157],[77.45593,12.95132]]]]}},{"type":"Feature","properties":{"id":"lake-1221","name":"Mapped lake/tank"},"geometry":{"type":"MultiPolygon","coordinates":[[[[77.47326,12.95849],[77.47327,12.95842],[77.47309,12.95805],[77.47292,12.95797],[77.47284,12.95713],[77.47277,12.95708],[77.47264,12.9571],[77.47256,12.95716],[77.47233,12.95751],[77.47195,12.95785],[77.47195,12.95835],[77.47274,12.95842],[77.47279,12.95847],[77.47282,12.95864],[77.47288,12.95867],[77.47326,12.95849]]]]}},{"type":"Feature","properties":{"id":"lake-1222","name":"Mapped lake/tank"},"geometry":{"type":"MultiPolygon","coordinates":[[[[77.44225,12.87887],[77.44187,12.87887],[77.44187,12.87896],[77.44216,12.87893],[77.44234,12.87899],[77.44225,12.87887]]]]}},{"type":"Feature","properties":{"id":"lake-1223","name":"Bhimmanakuppe Govt. Lake (Hunasemaradapalya Kere)"},"geometry":{"type":"MultiPolygon","coordinates":[[[[77.44816,12.9191],[77.44812,12.91841],[77.44816,12.91803],[77.44778,12.91623],[77.44772,12.91624],[77.44739,12.91654],[77.44605,12.91707],[77.4454,12.91741],[77.4454,12.91748],[77.44551,12.91757],[77.44577,12.91748],[77.44597,12.91751],[77.44642,12.91777],[77.44687,12.91856],[77.44699,12.91925],[77.44816,12.9191]]]]}},{"type":"Feature","properties":{"id":"lake-1224","name":"Mapped lake/tank"},"geometry":{"type":"MultiPolygon","coordinates":[[[[77.45383,12.9116],[77.45386,12.91074],[77.45351,12.91072],[77.45322,12.91063],[77.45332,12.911],[77.45324,12.91113],[77.45321,12.9113],[77.45339,12.91133],[77.45355,12.91162],[77.45383,12.9116]]]]}},{"type":"Feature","properties":{"id":"lake-1225","name":"Kambhipura Govt. Karabu Kere-2"},"geometry":{"type":"MultiPolygon","coordinates":[[[[77.46854,12.88694],[77.46787,12.88698],[77.46737,12.88694],[77.46759,12.88827],[77.46782,12.88909],[77.46825,12.88852],[77.4684,12.88842],[77.46854,12.88694]]]]}},{"type":"Feature","properties":{"id":"lake-1226","name":"Govt. MaggeKere"},"geometry":{"type":"MultiPolygon","coordinates":[[[[77.44619,12.88446],[77.44621,12.88367],[77.44617,12.8836],[77.44591,12.8836],[77.44572,12.88367],[77.44577,12.88382],[77.44567,12.88399],[77.44533,12.88405],[77.44525,12.88388],[77.44476,12.88405],[77.44473,12.88426],[77.44617,12.88519],[77.44619,12.88446]]]]}},{"type":"Feature","properties":{"id":"lake-1227","name":"Mapped lake/tank"},"geometry":{"type":"MultiPolygon","coordinates":[[[[77.44478,12.89138],[77.44519,12.89136],[77.44577,12.8911],[77.44607,12.89084],[77.44609,12.89061],[77.44587,12.89034],[77.44572,12.89028],[77.44547,12.8903],[77.44525,12.8904],[77.44497,12.89073],[77.4449,12.8909],[77.44452,12.89104],[77.44434,12.89125],[77.44437,12.89136],[77.44446,12.89145],[77.44478,12.89138]]]]}},{"type":"Feature","properties":{"id":"lake-1228","name":"Mapped lake/tank"},"geometry":{"type":"MultiPolygon","coordinates":[[[[77.45648,12.91507],[77.45627,12.9151],[77.45618,12.91591],[77.45618,12.91595],[77.45655,12.916],[77.45667,12.91591],[77.45682,12.91586],[77.45677,12.91566],[77.45703,12.91561],[77.45704,12.91548],[77.45697,12.91537],[77.45648,12.91507]]]]}},{"type":"Feature","properties":{"id":"lake-1229","name":"Kambhipura Govt. Kharabu Kere"},"geometry":{"type":"MultiPolygon","coordinates":[[[[77.45867,12.89031],[77.4586,12.88964],[77.4579,12.88981],[77.45752,12.88997],[77.45767,12.8905],[77.45791,12.89089],[77.45803,12.89086],[77.45831,12.89055],[77.45835,12.89039],[77.45867,12.89031]]]]}},{"type":"Feature","properties":{"id":"lake-1230","name":"Mapped lake/tank"},"geometry":{"type":"MultiPolygon","coordinates":[[[[77.46447,12.89025],[77.46403,12.89034],[77.46378,12.89052],[77.46377,12.89059],[77.46415,12.89107],[77.46467,12.89054],[77.46462,12.89035],[77.46447,12.89025]]]]}},{"type":"Feature","properties":{"id":"lake-1231","name":"Mapped lake/tank"},"geometry":{"type":"MultiPolygon","coordinates":[[[[77.47946,12.92349],[77.479,12.9237],[77.4812,12.92368],[77.48106,12.92344],[77.48105,12.92313],[77.47952,12.92367],[77.47946,12.92349]]]]}},{"type":"Feature","properties":{"id":"lake-1232","name":"Mapped lake/tank"},"geometry":{"type":"MultiPolygon","coordinates":[[[[77.48606,12.89161],[77.48578,12.89171],[77.48553,12.89194],[77.48547,12.89208],[77.48539,12.89243],[77.48539,12.89266],[77.48557,12.89332],[77.48594,12.89327],[77.48603,12.8932],[77.4862,12.89295],[77.48614,12.89224],[77.48617,12.892],[77.48606,12.89161]]]]}},{"type":"Feature","properties":{"id":"lake-1233","name":"Mapped lake/tank"},"geometry":{"type":"MultiPolygon","coordinates":[[[[77.48553,12.89331],[77.48538,12.89282],[77.48536,12.89243],[77.4855,12.89193],[77.48577,12.89168],[77.48605,12.89158],[77.48589,12.89099],[77.48512,12.89117],[77.48466,12.8912],[77.48332,12.89118],[77.48286,12.89127],[77.48185,12.89193],[77.48175,12.89205],[77.4816,12.8925],[77.48128,12.89287],[77.48125,12.89312],[77.4813,12.89342],[77.48153,12.89385],[77.48266,12.89348],[77.48393,12.89318],[77.4846,12.89312],[77.48512,12.8933],[77.48553,12.89331]]]]}},{"type":"Feature","properties":{"id":"lake-1234","name":"Mapped lake/tank"},"geometry":{"type":"MultiPolygon","coordinates":[[[[77.48788,12.91626],[77.48756,12.91633],[77.48746,12.91642],[77.48738,12.91658],[77.4874,12.91672],[77.48753,12.91687],[77.48777,12.91697],[77.48804,12.91692],[77.48817,12.91663],[77.48812,12.91647],[77.48788,12.91626]]]]}},{"type":"Feature","properties":{"id":"lake-1235","name":"Mapped lake/tank"},"geometry":{"type":"MultiPolygon","coordinates":[[[[77.45742,12.84203],[77.45679,12.84222],[77.45691,12.84244],[77.45688,12.84292],[77.45625,12.84293],[77.45624,12.84344],[77.4565,12.84345],[77.45655,12.84413],[77.45638,12.84416],[77.45639,12.8448],[77.45663,12.84474],[77.4568,12.84439],[77.45681,12.84408],[77.4569,12.84369],[77.45692,12.84323],[77.45703,12.843],[77.45706,12.84273],[77.4574,12.84229],[77.45742,12.84203]]]]}},{"type":"Feature","properties":{"id":"lake-1236","name":"Gollahalli Govt. Lake (H Gollahalli  Lake )"},"geometry":{"type":"MultiPolygon","coordinates":[[[[77.48283,12.87374],[77.48273,12.87411],[77.48243,12.87454],[77.4821,12.87492],[77.48208,12.87499],[77.48279,12.87551],[77.4831,12.87583],[77.48331,12.87617],[77.48349,12.8762],[77.48379,12.87606],[77.48392,12.87593],[77.48329,12.87476],[77.48327,12.87443],[77.48338,12.87417],[77.48362,12.87382],[77.48486,12.87306],[77.4849,12.87265],[77.48468,12.87179],[77.48457,12.87181],[77.48388,12.87215],[77.48269,12.87242],[77.48263,12.87247],[77.4826,12.87257],[77.48263,12.87267],[77.48293,12.8732],[77.48293,12.87338],[77.48283,12.87374]]]]}},{"type":"Feature","properties":{"id":"lake-1237","name":"Mapped lake/tank"},"geometry":{"type":"MultiPolygon","coordinates":[[[[77.45831,12.84358],[77.45854,12.84351],[77.45907,12.8435],[77.45914,12.84336],[77.45937,12.84313],[77.45961,12.84299],[77.45933,12.84252],[77.45894,12.84157],[77.45862,12.84178],[77.45847,12.84175],[77.4581,12.84157],[77.4576,12.84169],[77.45731,12.84163],[77.45704,12.84174],[77.45725,12.8419],[77.4574,12.84196],[77.45748,12.84211],[77.45741,12.84235],[77.45709,12.84275],[77.45707,12.84301],[77.45696,12.84323],[77.4569,12.84392],[77.45727,12.84397],[77.45762,12.84381],[77.45774,12.8437],[77.45831,12.84358]]]]}},{"type":"Feature","properties":{"id":"lake-1238","name":"Devagere Kere (Veerannakere)"},"geometry":{"type":"MultiPolygon","coordinates":[[[[77.46263,12.85513],[77.46297,12.8549],[77.46299,12.85467],[77.46344,12.85378],[77.46359,12.85366],[77.46401,12.85353],[77.46367,12.85321],[77.46276,12.85321],[77.46248,12.85312],[77.46194,12.85282],[77.46186,12.85304],[77.46194,12.85334],[77.46213,12.85374],[77.46212,12.8544],[77.46191,12.85524],[77.46201,12.85533],[77.4622,12.85531],[77.46263,12.85513]]]]}},{"type":"Feature","properties":{"id":"lake-1239","name":"Kumbalagodu Gollahalli Govt. Lake"},"geometry":{"type":"MultiPolygon","coordinates":[[[[77.44826,12.83946],[77.44811,12.83961],[77.44771,12.83984],[77.4476,12.83988],[77.44728,12.83989],[77.4471,12.8398],[77.44627,12.83902],[77.44618,12.839],[77.44617,12.83904],[77.44674,12.84016],[77.44713,12.84116],[77.44711,12.84124],[77.44668,12.84137],[77.4468,12.84169],[77.44732,12.8416],[77.44762,12.84169],[77.44786,12.84168],[77.44827,12.84156],[77.44845,12.84139],[77.44861,12.84095],[77.44879,12.84076],[77.44868,12.84042],[77.44838,12.83985],[77.44826,12.83946]]]]}},{"type":"Feature","properties":{"id":"lake-1240","name":"Mapped lake/tank"},"geometry":{"type":"MultiPolygon","coordinates":[[[[77.44204,12.87859],[77.44186,12.87847],[77.44187,12.87887],[77.44225,12.87887],[77.44204,12.87859]]]]}},{"type":"Feature","properties":{"id":"lake-1241","name":"Kumbalagodu Gollahalli Govt. Lake"},"geometry":{"type":"MultiPolygon","coordinates":[[[[77.44701,12.83625],[77.44629,12.8365],[77.44592,12.83655],[77.44538,12.83651],[77.44517,12.83671],[77.44514,12.83689],[77.44514,12.83695],[77.44561,12.8372],[77.44596,12.83772],[77.44627,12.83771],[77.44654,12.83813],[77.44662,12.83832],[77.44675,12.83822],[77.44731,12.83821],[77.44748,12.83813],[77.44739,12.8374],[77.44751,12.83709],[77.44724,12.83654],[77.44724,12.83616],[77.44701,12.83625]]]]}},{"type":"Feature","properties":{"id":"lake-1242","name":"Agara Kere"},"geometry":{"type":"MultiPolygon","coordinates":[[[[77.48748,12.83499],[77.48747,12.83327],[77.48715,12.83327],[77.48715,12.8337],[77.48725,12.8342],[77.48723,12.83428],[77.4868,12.83456],[77.48673,12.83471],[77.48676,12.83513],[77.48748,12.83499]]]]}},{"type":"Feature","properties":{"id":"lake-1243","name":"Mapped lake/tank"},"geometry":{"type":"MultiPolygon","coordinates":[[[[77.77705,12.90752],[77.77703,12.9075],[77.77701,12.90791],[77.77719,12.90795],[77.77705,12.90752]]]]}},{"type":"Feature","properties":{"id":"lake-1244","name":"Mapped lake/tank"},"geometry":{"type":"MultiPolygon","coordinates":[[[[77.77694,12.9079],[77.77698,12.9079],[77.77699,12.90746],[77.77622,12.9074],[77.77617,12.90759],[77.77628,12.90797],[77.77641,12.90786],[77.77665,12.90798],[77.77694,12.9079]]]]}},{"type":"Feature","properties":{"id":"lake-1245","name":"Mapped lake/tank"},"geometry":{"type":"MultiPolygon","coordinates":[[[[77.77591,12.90727],[77.77579,12.90727],[77.77574,12.90735],[77.77571,12.90755],[77.77581,12.90808],[77.7759,12.90828],[77.77601,12.9083],[77.77632,12.90816],[77.77615,12.90768],[77.77614,12.90755],[77.77619,12.90741],[77.77591,12.90727]]]]}},{"type":"Feature","properties":{"id":"lake-1246","name":"Mapped lake/tank"},"geometry":{"type":"MultiPolygon","coordinates":[[[[77.77648,12.9086],[77.77633,12.90819],[77.77608,12.90831],[77.77594,12.90832],[77.77607,12.90846],[77.77621,12.90893],[77.7763,12.90911],[77.77668,12.90943],[77.77655,12.90917],[77.77648,12.9086]]]]}},{"type":"Feature","properties":{"id":"lake-1247","name":"Mapped lake/tank"},"geometry":{"type":"MultiPolygon","coordinates":[[[[77.77704,12.90847],[77.77718,12.90798],[77.77695,12.90793],[77.77665,12.90801],[77.77644,12.90789],[77.77634,12.90793],[77.77629,12.908],[77.77651,12.90859],[77.77659,12.90921],[77.77672,12.90945],[77.77684,12.9095],[77.77691,12.9095],[77.7769,12.90918],[77.77704,12.90847]]]]}},{"type":"Feature","properties":{"id":"lake-1248","name":"Mapped lake/tank"},"geometry":{"type":"MultiPolygon","coordinates":[[[[77.78328,12.9096],[77.78323,12.90959],[77.78326,12.90964],[77.78328,12.9096]]]]}},{"type":"Feature","properties":{"id":"lake-1249","name":"Mapped lake/tank"},"geometry":{"type":"MultiPolygon","coordinates":[[[[77.77812,12.908],[77.77815,12.90786],[77.7781,12.90785],[77.77747,12.908],[77.77722,12.90799],[77.77707,12.90848],[77.77694,12.90918],[77.77695,12.9095],[77.77713,12.90954],[77.77726,12.91007],[77.77751,12.90977],[77.77758,12.90912],[77.77812,12.908]]]]}},{"type":"Feature","properties":{"id":"lake-1250","name":"Mapped lake/tank"},"geometry":{"type":"MultiPolygon","coordinates":[[[[77.78361,12.90965],[77.78331,12.9096],[77.78323,12.9098],[77.78302,12.91009],[77.78301,12.9102],[77.78395,12.90997],[77.7844,12.9099],[77.78439,12.90982],[77.78361,12.90965]]]]}},{"type":"Feature","properties":{"id":"lake-1251","name":"Mapped lake/tank"},"geometry":{"type":"MultiPolygon","coordinates":[[[[77.78299,12.91008],[77.78325,12.90968],[77.78319,12.90959],[77.7824,12.90954],[77.78233,12.90948],[77.78223,12.90958],[77.78212,12.90959],[77.78188,12.90937],[77.78114,12.90915],[77.78051,12.90858],[77.78007,12.90831],[77.77973,12.90828],[77.77961,12.90817],[77.77851,12.90804],[77.77817,12.90786],[77.77807,12.90821],[77.7776,12.90913],[77.77753,12.90978],[77.77727,12.91011],[77.77758,12.91011],[77.77795,12.91027],[77.77824,12.9105],[77.77865,12.91102],[77.77878,12.91109],[77.77894,12.91142],[77.77867,12.91191],[77.77904,12.9118],[77.77982,12.91122],[77.78063,12.91075],[77.7817,12.91045],[77.78297,12.91021],[77.78299,12.91008]]]]}},{"type":"Feature","properties":{"id":"lake-1252","name":"Mapped lake/tank"},"geometry":{"type":"MultiPolygon","coordinates":[[[[77.76473,12.87698],[77.765,12.87611],[77.76482,12.87604],[77.76469,12.87635],[77.76456,12.87648],[77.76443,12.87656],[77.76414,12.87661],[77.76414,12.877],[77.76473,12.87698]]]]}},{"type":"Feature","properties":{"id":"lake-1253","name":"Mapped lake/tank"},"geometry":{"type":"MultiPolygon","coordinates":[[[[77.76481,12.87566],[77.76413,12.87567],[77.76414,12.87658],[77.76446,12.87652],[77.76467,12.87634],[77.76481,12.87602],[77.76481,12.87566]]]]}},{"type":"Feature","properties":{"id":"lake-1254","name":"Mapped lake/tank"},"geometry":{"type":"MultiPolygon","coordinates":[[[[77.76505,12.87566],[77.76483,12.87566],[77.76483,12.87602],[77.76501,12.87608],[77.76505,12.87566]]]]}},{"type":"Feature","properties":{"id":"lake-1255","name":"Mapped lake/tank"},"geometry":{"type":"MultiPolygon","coordinates":[[[[77.78228,12.88986],[77.78169,12.88997],[77.78133,12.89014],[77.78119,12.89014],[77.78113,12.89023],[77.78118,12.89025],[77.78214,12.88998],[77.78228,12.88992],[77.78228,12.88986]]]]}},{"type":"Feature","properties":{"id":"lake-1256","name":"Mapped lake/tank"},"geometry":{"type":"MultiPolygon","coordinates":[[[[77.78083,12.89002],[77.78103,12.89004],[77.78111,12.8902],[77.78117,12.89013],[77.78104,12.88994],[77.78083,12.89002]]]]}},{"type":"Feature","properties":{"id":"lake-1257","name":"Mapped lake/tank"},"geometry":{"type":"MultiPolygon","coordinates":[[[[77.78226,12.88984],[77.78179,12.88939],[77.78155,12.88907],[77.78126,12.88853],[77.78085,12.8875],[77.78081,12.88744],[77.7806,12.88738],[77.78036,12.88745],[77.78032,12.88759],[77.7804,12.88802],[77.78021,12.8882],[77.78014,12.88849],[77.78014,12.88877],[77.78026,12.88964],[77.78027,12.89009],[77.78038,12.88993],[77.7805,12.88987],[77.78063,12.88988],[77.78083,12.88999],[77.78105,12.88991],[77.78118,12.8901],[77.78125,12.89013],[77.78174,12.88993],[77.78226,12.88984]]]]}},{"type":"Feature","properties":{"id":"lake-1258","name":"Mapped lake/tank"},"geometry":{"type":"MultiPolygon","coordinates":[[[[77.78083,12.89002],[77.78062,12.88991],[77.7805,12.8899],[77.7804,12.88995],[77.78029,12.89011],[77.78052,12.89003],[77.78083,12.89002]]]]}},{"type":"Feature","properties":{"id":"lake-1259","name":"Mapped lake/tank"},"geometry":{"type":"MultiPolygon","coordinates":[[[[77.78681,12.91582],[77.78656,12.91527],[77.78643,12.9151],[77.7862,12.9151],[77.78576,12.91529],[77.7859,12.91573],[77.7859,12.91619],[77.78599,12.91663],[77.78626,12.91712],[77.78682,12.91783],[77.78658,12.9173],[77.78673,12.91679],[77.78673,12.91636],[77.78666,12.91616],[77.78681,12.91582]]]]}},{"type":"Feature","properties":{"id":"lake-1260","name":"Mapped lake/tank"},"geometry":{"type":"MultiPolygon","coordinates":[[[[77.78861,12.91831],[77.7888,12.91828],[77.78901,12.91831],[77.78959,12.91878],[77.79006,12.91904],[77.79096,12.91928],[77.79148,12.91925],[77.79192,12.91914],[77.79228,12.919],[77.79258,12.91903],[77.79277,12.919],[77.79328,12.91885],[77.79334,12.91876],[77.7933,12.91859],[77.79318,12.91854],[77.79261,12.91862],[77.7921,12.91859],[77.79168,12.91865],[77.79132,12.91856],[77.7911,12.91845],[77.79066,12.91842],[77.79027,12.91834],[77.78982,12.91789],[77.78951,12.91773],[77.78932,12.91754],[77.78871,12.91719],[77.78787,12.91652],[77.78683,12.91585],[77.78669,12.91616],[77.78675,12.91636],[77.78675,12.91679],[77.78662,12.91734],[77.78684,12.91786],[77.78703,12.91815],[77.7873,12.91906],[77.78727,12.91938],[77.78731,12.9195],[77.78741,12.91949],[77.78762,12.91909],[77.78779,12.91897],[77.78808,12.91857],[77.78861,12.91831]]]]}},{"type":"Feature","properties":{"id":"lake-1261","name":"Mapped lake/tank"},"geometry":{"type":"MultiPolygon","coordinates":[[[[77.77605,12.8756],[77.77637,12.87554],[77.77565,12.87562],[77.77548,12.87555],[77.7741,12.87556],[77.77417,12.87576],[77.77422,12.87579],[77.77435,12.87608],[77.77582,12.8756],[77.77605,12.8756]]]]}},{"type":"Feature","properties":{"id":"lake-1262","name":"Mapped lake/tank"},"geometry":{"type":"MultiPolygon","coordinates":[[[[77.77584,12.87555],[77.77554,12.87555],[77.77563,12.87559],[77.77584,12.87555]]]]}},{"type":"Feature","properties":{"id":"lake-1263","name":"Mapped lake/tank"},"geometry":{"type":"MultiPolygon","coordinates":[[[[77.77609,12.87554],[77.77596,12.87554],[77.77598,12.87555],[77.77599,12.87555],[77.77601,12.87555],[77.77605,12.87555],[77.77609,12.87554],[77.77609,12.87554]]]]}},{"type":"Feature","properties":{"id":"lake-1264","name":"Mapped lake/tank"},"geometry":{"type":"MultiPolygon","coordinates":[[[[77.78445,12.87545],[77.78354,12.87546],[77.78354,12.87563],[77.78363,12.87569],[77.78378,12.87567],[77.78445,12.87545]]]]}},{"type":"Feature","properties":{"id":"lake-1265","name":"Mapped lake/tank"},"geometry":{"type":"MultiPolygon","coordinates":[[[[77.78681,12.87564],[77.78703,12.87549],[77.78702,12.87543],[77.78471,12.87545],[77.78488,12.87561],[77.78532,12.87555],[77.78565,12.87574],[77.7862,12.87584],[77.78649,12.87583],[77.78681,12.87564]]]]}},{"type":"Feature","properties":{"id":"lake-1266","name":"Mapped lake/tank"},"geometry":{"type":"MultiPolygon","coordinates":[[[[77.80909,12.9118],[77.8092,12.91183],[77.80946,12.91202],[77.80986,12.91206],[77.80994,12.91192],[77.80982,12.91177],[77.80972,12.91156],[77.80963,12.91099],[77.80921,12.91101],[77.80897,12.91113],[77.80875,12.91093],[77.80846,12.91087],[77.8074,12.91123],[77.80763,12.91136],[77.8077,12.91151],[77.8077,12.91205],[77.80762,12.91219],[77.80909,12.9118]]]]}},{"type":"Feature","properties":{"id":"lake-1267","name":"Mapped lake/tank"},"geometry":{"type":"MultiPolygon","coordinates":[[[[77.80708,12.91245],[77.80708,12.91237],[77.80633,12.91248],[77.80649,12.91323],[77.80657,12.91325],[77.80673,12.91315],[77.80707,12.91312],[77.80708,12.91245]]]]}},{"type":"Feature","properties":{"id":"lake-1268","name":"Mapped lake/tank"},"geometry":{"type":"MultiPolygon","coordinates":[[[[77.80847,12.91222],[77.80844,12.91201],[77.80711,12.91236],[77.8071,12.91311],[77.80743,12.91318],[77.80748,12.91357],[77.80766,12.9138],[77.80783,12.91365],[77.80797,12.9136],[77.80833,12.91327],[77.80847,12.91222]]]]}},{"type":"Feature","properties":{"id":"lake-1269","name":"Mapped lake/tank"},"geometry":{"type":"MultiPolygon","coordinates":[[[[77.80784,12.9138],[77.80775,12.91375],[77.80768,12.91382],[77.80799,12.91423],[77.80817,12.91455],[77.80841,12.91477],[77.80817,12.91435],[77.80809,12.9141],[77.80784,12.9138]]]]}},{"type":"Feature","properties":{"id":"lake-1270","name":"Mapped lake/tank"},"geometry":{"type":"MultiPolygon","coordinates":[[[[77.80936,12.91597],[77.80974,12.91623],[77.80987,12.91639],[77.80981,12.91617],[77.80975,12.91609],[77.80964,12.91602],[77.80936,12.91597]]]]}},{"type":"Feature","properties":{"id":"lake-1271","name":"Mapped lake/tank"},"geometry":{"type":"MultiPolygon","coordinates":[[[[77.81058,12.91247],[77.81057,12.91189],[77.81036,12.912],[77.80997,12.91194],[77.80985,12.91209],[77.80945,12.91204],[77.8091,12.91183],[77.80846,12.912],[77.80851,12.91227],[77.80844,12.91249],[77.80837,12.91326],[77.80799,12.91362],[77.80777,12.91373],[77.80793,12.91384],[77.80811,12.91408],[77.80819,12.91434],[77.80842,12.91473],[77.80874,12.91543],[77.80933,12.91594],[77.80965,12.916],[77.80981,12.9161],[77.81009,12.9168],[77.81013,12.91675],[77.81012,12.91652],[77.81002,12.91564],[77.80968,12.91443],[77.80964,12.91331],[77.80968,12.91314],[77.80997,12.91273],[77.81032,12.91254],[77.81058,12.91247]]]]}},{"type":"Feature","properties":{"id":"lake-1272","name":"Mapped lake/tank"},"geometry":{"type":"MultiPolygon","coordinates":[[[[77.76412,12.8747],[77.76412,12.87442],[77.7641,12.87442],[77.7641,12.87446],[77.7641,12.87446],[77.76411,12.87452],[77.76412,12.8747]]]]}},{"type":"Feature","properties":{"id":"lake-1273","name":"Mapped lake/tank"},"geometry":{"type":"MultiPolygon","coordinates":[[[[77.76412,12.87474],[77.76407,12.87442],[77.76394,12.87424],[77.76365,12.87433],[77.76345,12.8746],[77.76231,12.875],[77.76224,12.8751],[77.76223,12.87569],[77.76413,12.87567],[77.76412,12.87474]]]]}},{"type":"Feature","properties":{"id":"lake-1274","name":"Mapped lake/tank"},"geometry":{"type":"MultiPolygon","coordinates":[[[[77.41339,13.14355],[77.41373,13.14322],[77.41432,13.14239],[77.41481,13.14213],[77.41481,13.14203],[77.41489,13.14196],[77.41571,13.14164],[77.41584,13.14168],[77.41602,13.14165],[77.41644,13.14145],[77.41699,13.14128],[77.4172,13.14123],[77.41778,13.14128],[77.41795,13.14125],[77.41901,13.14053],[77.42054,13.14007],[77.42127,13.13972],[77.42156,13.13967],[77.42216,13.13924],[77.42245,13.13919],[77.42302,13.13897],[77.42337,13.13894],[77.42355,13.13897],[77.42367,13.13893],[77.42354,13.1385],[77.42342,13.13836],[77.42333,13.13832],[77.4232,13.13833],[77.42291,13.13848],[77.42275,13.1385],[77.42253,13.13845],[77.42229,13.13829],[77.42049,13.13601],[77.42032,13.13572],[77.42027,13.13546],[77.42,13.13503],[77.41954,13.13545],[77.41902,13.13643],[77.4185,13.13709],[77.41875,13.13721],[77.41896,13.13747],[77.4191,13.13758],[77.41884,13.13822],[77.41845,13.13872],[77.4164,13.14019],[77.41554,13.14059],[77.41517,13.14083],[77.41431,13.14127],[77.41406,13.14177],[77.41341,13.14244],[77.41319,13.14275],[77.41276,13.14322],[77.41261,13.14327],[77.41235,13.14323],[77.41213,13.14324],[77.41265,13.14407],[77.41317,13.1446],[77.41339,13.14355]]]]}},{"type":"Feature","properties":{"id":"lake-1275","name":"Mapped lake/tank"},"geometry":{"type":"MultiPolygon","coordinates":[[[[77.53522,13.21368],[77.53645,13.21366],[77.53682,13.21371],[77.53738,13.21385],[77.53737,13.21307],[77.53633,13.21272],[77.53624,13.21296],[77.53589,13.21279],[77.53588,13.21257],[77.53507,13.21239],[77.53512,13.21188],[77.53462,13.2118],[77.53468,13.21048],[77.53585,13.21051],[77.53591,13.20969],[77.53569,13.20965],[77.53585,13.20899],[77.53561,13.20893],[77.53528,13.20866],[77.53521,13.20864],[77.53496,13.20875],[77.53484,13.20873],[77.53453,13.20842],[77.5344,13.20812],[77.53426,13.20798],[77.53404,13.20785],[77.53378,13.2078],[77.53345,13.20845],[77.53361,13.20874],[77.53385,13.20933],[77.53392,13.21147],[77.53349,13.21391],[77.53373,13.21396],[77.5341,13.21392],[77.53476,13.21372],[77.53522,13.21368]],[[77.53421,13.20819],[77.53438,13.20853],[77.53422,13.20872],[77.53401,13.20882],[77.53377,13.20837],[77.5339,13.2082],[77.5341,13.20808],[77.53421,13.20819]]]]}},{"type":"Feature","properties":{"id":"lake-1276","name":"Mapped lake/tank"},"geometry":{"type":"MultiPolygon","coordinates":[[[[77.49852,13.22896],[77.49875,13.22816],[77.49874,13.22804],[77.49847,13.22715],[77.49845,13.22685],[77.4985,13.22637],[77.49863,13.22554],[77.49891,13.22458],[77.49905,13.22419],[77.49945,13.22344],[77.49954,13.22312],[77.49934,13.22241],[77.49916,13.22333],[77.49883,13.22375],[77.49834,13.22411],[77.49678,13.22507],[77.49672,13.22514],[77.49665,13.22575],[77.49658,13.22598],[77.49636,13.2261],[77.49602,13.22617],[77.49584,13.22616],[77.49577,13.22611],[77.49566,13.2257],[77.49548,13.22551],[77.49468,13.22524],[77.49382,13.22504],[77.49228,13.22455],[77.49204,13.22512],[77.49151,13.22695],[77.49156,13.22732],[77.49181,13.22749],[77.4941,13.22762],[77.49452,13.2276],[77.49479,13.22744],[77.49479,13.22752],[77.495,13.22736],[77.49522,13.22738],[77.49536,13.22732],[77.49561,13.22736],[77.49573,13.22725],[77.49582,13.22722],[77.49633,13.22732],[77.49686,13.22728],[77.4971,13.22736],[77.4971,13.2276],[77.49765,13.22767],[77.49788,13.22776],[77.49799,13.22796],[77.4981,13.22905],[77.49852,13.22896]],[[77.49742,13.22701],[77.49723,13.22734],[77.49707,13.22727],[77.49642,13.22716],[77.49578,13.22711],[77.4957,13.22702],[77.49545,13.22703],[77.49542,13.22699],[77.49565,13.22661],[77.49574,13.22657],[77.49631,13.22656],[77.49647,13.22664],[77.49655,13.22684],[77.49661,13.22687],[77.49716,13.22692],[77.49724,13.22686],[77.49725,13.22675],[77.49737,13.22673],[77.49744,13.22685],[77.49742,13.22701]],[[77.49462,13.22613],[77.4946,13.22622],[77.49453,13.22626],[77.4936,13.22617],[77.4936,13.22582],[77.49369,13.22578],[77.49363,13.22603],[77.49368,13.22609],[77.49373,13.22607],[77.49377,13.2258],[77.49446,13.22579],[77.49454,13.22584],[77.49462,13.22613]]]]}},{"type":"Feature","properties":{"id":"lake-1277","name":"Mahadevanakodaganahalli Lake"},"geometry":{"type":"MultiPolygon","coordinates":[[[[77.69356,13.14298],[77.69343,13.14278],[77.69299,13.14281],[77.69282,13.14265],[77.69272,13.14269],[77.69263,13.14254],[77.69259,13.14256],[77.69243,13.14249],[77.69235,13.1424],[77.69165,13.14219],[77.6914,13.14232],[77.6912,13.14226],[77.69122,13.14202],[77.69103,13.14198],[77.69074,13.1422],[77.6904,13.14222],[77.69016,13.14178],[77.68977,13.14193],[77.68951,13.14153],[77.68904,13.14168],[77.68876,13.14113],[77.68892,13.14106],[77.68888,13.14096],[77.68865,13.14058],[77.68869,13.14056],[77.68816,13.13963],[77.68794,13.13968],[77.68788,13.13952],[77.68763,13.13962],[77.68778,13.14006],[77.68751,13.14017],[77.68792,13.14075],[77.68819,13.14124],[77.68837,13.14128],[77.68877,13.14204],[77.68892,13.14266],[77.68922,13.14302],[77.6893,13.14302],[77.6895,13.14288],[77.69,13.14274],[77.69002,13.14254],[77.69013,13.14245],[77.69054,13.14237],[77.69121,13.14243],[77.69159,13.14257],[77.69163,13.14264],[77.69161,13.14274],[77.69144,13.14296],[77.69147,13.14306],[77.69193,13.14306],[77.69263,13.14295],[77.69276,13.1433],[77.69289,13.14335],[77.69318,13.14327],[77.69333,13.14304],[77.69356,13.14298]],[[77.68953,13.14241],[77.68939,13.14249],[77.68922,13.14226],[77.68908,13.14228],[77.68881,13.14178],[77.68901,13.14173],[77.68922,13.14212],[77.68931,13.1421],[77.68934,13.14215],[77.68942,13.14215],[77.68953,13.14241]]]]}},{"type":"Feature","properties":{"id":"lake-1278","name":"Bengaluru"},"geometry":{"type":"MultiPolygon","coordinates":[[[[77.61488,13.08034],[77.61476,13.08023],[77.61443,13.08018],[77.6143,13.08031],[77.61405,13.08108],[77.61339,13.08153],[77.61216,13.08197],[77.612,13.08198],[77.61189,13.08193],[77.61179,13.08176],[77.61161,13.08089],[77.61133,13.0799],[77.61123,13.07933],[77.61101,13.07922],[77.61053,13.07906],[77.61019,13.07936],[77.61032,13.07995],[77.61019,13.08148],[77.60982,13.08251],[77.60958,13.08352],[77.60945,13.08368],[77.60928,13.08405],[77.60926,13.08519],[77.60899,13.08654],[77.60872,13.087],[77.60861,13.08759],[77.60786,13.08977],[77.60753,13.09025],[77.60632,13.0928],[77.60621,13.09311],[77.60622,13.09405],[77.60782,13.09433],[77.60805,13.09431],[77.60829,13.09417],[77.60845,13.09393],[77.60919,13.09212],[77.60983,13.09084],[77.61003,13.09057],[77.61023,13.09044],[77.61028,13.09014],[77.61098,13.08922],[77.61179,13.0884],[77.61208,13.08779],[77.6124,13.08761],[77.61254,13.08747],[77.61275,13.08643],[77.61295,13.08597],[77.61321,13.08571],[77.61343,13.08409],[77.61342,13.08389],[77.61361,13.08293],[77.61387,13.0821],[77.61403,13.08168],[77.61413,13.08151],[77.61443,13.08123],[77.61469,13.08056],[77.61488,13.08034]],[[77.61024,13.08345],[77.61027,13.08364],[77.61019,13.08373],[77.60998,13.08364],[77.60992,13.08353],[77.60997,13.08344],[77.61024,13.08345]],[[77.61064,13.08354],[77.61073,13.08365],[77.61071,13.08375],[77.61055,13.08382],[77.61047,13.08376],[77.61045,13.08361],[77.61049,13.08356],[77.61064,13.08354]],[[77.61064,13.08664],[77.61078,13.0868],[77.61081,13.08692],[77.61075,13.0871],[77.61062,13.08725],[77.61035,13.0873],[77.61016,13.08715],[77.61009,13.08682],[77.61023,13.08667],[77.61034,13.08662],[77.6105,13.0866],[77.61064,13.08664]]]]}},{"type":"Feature","properties":{"id":"lake-1279","name":"Mapped lake/tank"},"geometry":{"type":"MultiPolygon","coordinates":[[[[77.59123,13.0927],[77.59057,13.0921],[77.58952,13.09145],[77.58927,13.09122],[77.5889,13.09029],[77.58872,13.08973],[77.58861,13.08909],[77.58855,13.08906],[77.5878,13.08931],[77.5873,13.08957],[77.58717,13.08982],[77.587,13.08993],[77.58582,13.09029],[77.58478,13.0907],[77.58453,13.09085],[77.58448,13.09114],[77.58437,13.09121],[77.58469,13.09224],[77.58571,13.09222],[77.58623,13.09214],[77.58762,13.0923],[77.58921,13.0923],[77.58987,13.0924],[77.59027,13.09255],[77.591,13.09296],[77.5911,13.09289],[77.59123,13.0927]],[[77.58546,13.09111],[77.58552,13.09116],[77.58553,13.09125],[77.58545,13.09141],[77.58534,13.09147],[77.58515,13.09145],[77.58513,13.09132],[77.58523,13.09112],[77.58531,13.09109],[77.58546,13.09111]],[[77.58829,13.09099],[77.58843,13.09099],[77.5885,13.09108],[77.58854,13.09115],[77.58849,13.09127],[77.58837,13.0913],[77.58825,13.09125],[77.58819,13.09115],[77.58822,13.09106],[77.58829,13.09099]]]]}},{"type":"Feature","properties":{"id":"lake-1280","name":"Bengaluru"},"geometry":{"type":"MultiPolygon","coordinates":[[[[77.59984,13.06248],[77.59969,13.06225],[77.59965,13.06213],[77.59964,13.06165],[77.59953,13.06093],[77.59957,13.06071],[77.59963,13.06062],[77.6001,13.06023],[77.60008,13.06],[77.59988,13.0599],[77.5997,13.06003],[77.59946,13.06033],[77.59924,13.06042],[77.5982,13.06071],[77.59633,13.06115],[77.59618,13.06196],[77.59625,13.06239],[77.59633,13.06249],[77.59665,13.06246],[77.59788,13.06257],[77.59798,13.06262],[77.59804,13.06275],[77.59929,13.0628],[77.60017,13.06309],[77.60066,13.06347],[77.6005,13.06295],[77.59984,13.06248]],[[77.59797,13.06193],[77.59808,13.06205],[77.59806,13.06218],[77.59785,13.06228],[77.59773,13.06225],[77.59768,13.06216],[77.59768,13.06201],[77.59797,13.06193]]]]}},{"type":"Feature","properties":{"id":"lake-1281","name":"Mapped lake/tank"},"geometry":{"type":"MultiPolygon","coordinates":[[[[77.61873,13.05907],[77.61855,13.0589],[77.61842,13.05888],[77.61751,13.05911],[77.61683,13.05909],[77.61617,13.05878],[77.61547,13.05869],[77.61523,13.05847],[77.6148,13.05789],[77.61439,13.05789],[77.61454,13.05843],[77.6144,13.0591],[77.6142,13.05963],[77.61376,13.06032],[77.6131,13.06117],[77.61241,13.06167],[77.611,13.0625],[77.61011,13.06283],[77.60923,13.06307],[77.60931,13.06349],[77.61044,13.06343],[77.61054,13.06451],[77.61123,13.06526],[77.61135,13.06557],[77.61156,13.06557],[77.61157,13.06776],[77.61298,13.0676],[77.61336,13.06737],[77.61367,13.06681],[77.61421,13.06559],[77.61467,13.06501],[77.61478,13.06479],[77.61598,13.06226],[77.6164,13.06198],[77.61647,13.06188],[77.61714,13.06029],[77.61766,13.05971],[77.61789,13.05952],[77.61839,13.05921],[77.61873,13.05907]],[[77.61394,13.06237],[77.61404,13.06241],[77.61417,13.06258],[77.61415,13.0628],[77.61409,13.06292],[77.61402,13.06302],[77.61384,13.06309],[77.61359,13.06305],[77.61348,13.06294],[77.61343,13.06276],[77.61349,13.06256],[77.61369,13.06242],[77.61394,13.06237]]]]}},{"type":"Feature","properties":{"id":"lake-1282","name":"Yelahanka Lake"},"geometry":{"type":"MultiPolygon","coordinates":[[[[77.58759,13.11371],[77.58788,13.11401],[77.58797,13.11423],[77.5877,13.11647],[77.58763,13.11661],[77.58756,13.11666],[77.58719,13.11676],[77.58698,13.11689],[77.58667,13.11933],[77.58673,13.11951],[77.58741,13.12006],[77.58754,13.12012],[77.58765,13.12011],[77.5897,13.11911],[77.59295,13.11728],[77.59334,13.11705],[77.59336,13.11676],[77.59599,13.11593],[77.59653,13.11584],[77.59729,13.11564],[77.59842,13.11529],[77.59873,13.1151],[77.59917,13.11334],[77.5995,13.11237],[77.59915,13.11167],[77.59834,13.11024],[77.59778,13.10936],[77.59746,13.10896],[77.59722,13.10823],[77.59638,13.10647],[77.59632,13.10603],[77.59641,13.10565],[77.59582,13.10554],[77.59572,13.10563],[77.59561,13.10596],[77.59552,13.10651],[77.5948,13.10816],[77.59465,13.10844],[77.59397,13.10922],[77.59331,13.11032],[77.59265,13.11074],[77.59205,13.11127],[77.59149,13.11155],[77.59038,13.11246],[77.59023,13.11261],[77.59013,13.11283],[77.58996,13.11284],[77.58978,13.11275],[77.5893,13.1129],[77.58843,13.11297],[77.58778,13.11351],[77.58759,13.11371]],[[77.59434,13.11382],[77.59448,13.11405],[77.59441,13.11434],[77.59421,13.11451],[77.59393,13.11449],[77.59372,13.11435],[77.59367,13.11416],[77.59377,13.11389],[77.59394,13.11379],[77.59415,13.11375],[77.59434,13.11382]],[[77.58895,13.11577],[77.58875,13.11576],[77.58859,13.11565],[77.58849,13.11572],[77.58834,13.11567],[77.58848,13.1155],[77.5887,13.11546],[77.5889,13.11561],[77.58895,13.11577]],[[77.58887,13.11596],[77.58874,13.11604],[77.5885,13.11603],[77.58832,13.11579],[77.58851,13.11579],[77.58859,13.11587],[77.58876,13.11583],[77.58893,13.11586],[77.58887,13.11596]]]]}},{"type":"Feature","properties":{"id":"lake-1283","name":"Mapped lake/tank"},"geometry":{"type":"MultiPolygon","coordinates":[[[[77.61766,13.10722],[77.61757,13.10728],[77.61749,13.10746],[77.6176,13.10834],[77.61758,13.10886],[77.61762,13.10929],[77.61752,13.11027],[77.61742,13.11046],[77.61686,13.11048],[77.61587,13.11065],[77.61564,13.11064],[77.61516,13.11052],[77.61431,13.1102],[77.61422,13.11043],[77.61486,13.11094],[77.61557,13.11167],[77.61605,13.11177],[77.61672,13.1118],[77.61709,13.1123],[77.61967,13.11253],[77.6201,13.11251],[77.62019,13.11244],[77.62061,13.11194],[77.6221,13.11086],[77.62206,13.11034],[77.62169,13.10961],[77.62077,13.10804],[77.61812,13.10748],[77.61776,13.10731],[77.61766,13.10722]],[[77.61903,13.10937],[77.61908,13.10942],[77.61907,13.10953],[77.61901,13.1096],[77.61883,13.10957],[77.61879,13.10947],[77.61884,13.1094],[77.61895,13.10933],[77.61903,13.10937]],[[77.62039,13.11058],[77.62046,13.11064],[77.62046,13.11069],[77.62035,13.11073],[77.62029,13.11063],[77.62039,13.11058]]]]}},{"type":"Feature","properties":{"id":"lake-1284","name":"Mapped lake/tank"},"geometry":{"type":"MultiPolygon","coordinates":[[[[77.76415,12.87477],[77.76412,12.87474],[77.76413,12.87567],[77.76481,12.87566],[77.76487,12.87539],[77.76484,12.87526],[77.76445,12.875],[77.76427,12.87498],[77.76415,12.87477]]]]}},{"type":"Feature","properties":{"id":"lake-1285","name":"Mapped lake/tank"},"geometry":{"type":"MultiPolygon","coordinates":[[[[77.76484,12.87437],[77.76412,12.87442],[77.76412,12.8747],[77.76428,12.87495],[77.76447,12.87497],[77.76486,12.87524],[77.7649,12.87536],[77.76483,12.87566],[77.76505,12.87566],[77.76501,12.87472],[77.76493,12.87448],[77.76484,12.87437]]]]}},{"type":"Feature","properties":{"id":"lake-1286","name":"Mapped lake/tank"},"geometry":{"type":"MultiPolygon","coordinates":[[[[77.77454,12.87539],[77.77412,12.87542],[77.7741,12.87556],[77.77548,12.87555],[77.77454,12.87539]]]]}},{"type":"Feature","properties":{"id":"lake-1287","name":"Mapped lake/tank"},"geometry":{"type":"MultiPolygon","coordinates":[[[[77.77697,12.87539],[77.77688,12.87519],[77.77694,12.87487],[77.77686,12.87476],[77.77647,12.87457],[77.77623,12.87417],[77.77595,12.87383],[77.77592,12.87352],[77.77598,12.87329],[77.77578,12.87324],[77.77561,12.87329],[77.77512,12.87354],[77.77492,12.87373],[77.77452,12.87391],[77.77411,12.87423],[77.77377,12.87425],[77.77393,12.87468],[77.77451,12.87484],[77.7745,12.87515],[77.77414,12.87539],[77.77446,12.87536],[77.7748,12.87539],[77.77554,12.87555],[77.77609,12.87554],[77.77697,12.87539]]]]}},{"type":"Feature","properties":{"id":"lake-1288","name":"Mapped lake/tank"},"geometry":{"type":"MultiPolygon","coordinates":[[[[77.77672,12.87548],[77.77691,12.87543],[77.77625,12.87554],[77.77672,12.87548]]]]}},{"type":"Feature","properties":{"id":"lake-1289","name":"Mapped lake/tank"},"geometry":{"type":"MultiPolygon","coordinates":[[[[77.78354,12.87546],[77.78356,12.87531],[77.78344,12.87517],[77.78328,12.87513],[77.78298,12.87519],[77.78285,12.87516],[77.78281,12.87509],[77.78287,12.87496],[77.78299,12.8749],[77.78305,12.87477],[77.7831,12.8741],[77.78307,12.87386],[77.78299,12.87374],[77.78265,12.8735],[77.7826,12.87342],[77.78278,12.87277],[77.78262,12.87242],[77.78261,12.87181],[77.78251,12.87178],[77.78209,12.87177],[77.78188,12.87185],[77.78128,12.87183],[77.78092,12.87188],[77.7808,12.87197],[77.78066,12.87218],[77.78038,12.87285],[77.78015,12.87304],[77.77994,12.87313],[77.77903,12.8733],[77.77858,12.87359],[77.77706,12.8743],[77.77687,12.87427],[77.77673,12.87412],[77.77664,12.87393],[77.77633,12.87385],[77.77637,12.87374],[77.7766,12.87352],[77.77659,12.87324],[77.77652,12.87304],[77.77642,12.87307],[77.77622,12.87323],[77.77598,12.87329],[77.77594,12.8734],[77.77592,12.87368],[77.77595,12.87383],[77.77623,12.87417],[77.77647,12.87457],[77.77686,12.87476],[77.77694,12.87487],[77.77688,12.87519],[77.77697,12.87539],[77.77746,12.87535],[77.7783,12.87517],[77.77913,12.87506],[77.77975,12.87501],[77.78057,12.87502],[77.78112,12.87496],[77.78116,12.87482],[77.78114,12.87467],[77.78121,12.87455],[77.78132,12.87456],[77.78143,12.8748],[77.78155,12.87484],[77.78166,12.87482],[77.78194,12.87455],[77.78206,12.87453],[77.78231,12.8747],[77.78242,12.87465],[77.78249,12.87472],[77.78248,12.87489],[77.78229,12.87493],[77.7822,12.87499],[77.78219,12.87511],[77.78235,12.87528],[77.78237,12.87537],[77.78231,12.87542],[77.78161,12.87541],[77.78114,12.87549],[77.78354,12.87546]]]]}},{"type":"Feature","properties":{"id":"lake-1290","name":"Mapped lake/tank"},"geometry":{"type":"MultiPolygon","coordinates":[[[[77.78467,12.87543],[77.78445,12.87545],[77.78471,12.87545],[77.78467,12.87543]]]]}},{"type":"Feature","properties":{"id":"lake-1291","name":"Mapped lake/tank"},"geometry":{"type":"MultiPolygon","coordinates":[[[[77.55204,13.03522],[77.55184,13.03565],[77.55188,13.03603],[77.55154,13.03617],[77.55141,13.03616],[77.55124,13.03609],[77.55112,13.03584],[77.55114,13.03572],[77.55128,13.03555],[77.55147,13.0355],[77.55158,13.03541],[77.55168,13.03516],[77.55148,13.03512],[77.55138,13.03506],[77.55118,13.03468],[77.55101,13.03446],[77.55014,13.03401],[77.5498,13.03401],[77.54947,13.03423],[77.54932,13.03456],[77.54931,13.03506],[77.54941,13.03515],[77.54978,13.03525],[77.54997,13.03535],[77.55037,13.0361],[77.55061,13.03617],[77.5509,13.03611],[77.55106,13.03616],[77.5511,13.03632],[77.55088,13.0366],[77.55095,13.0367],[77.55137,13.03706],[77.55156,13.03703],[77.55205,13.03665],[77.55215,13.03648],[77.55249,13.03618],[77.55257,13.03603],[77.55261,13.03589],[77.55258,13.03579],[77.55225,13.03534],[77.55204,13.03522]],[[77.55143,13.03683],[77.5511,13.03674],[77.55104,13.03665],[77.55106,13.03655],[77.55139,13.03628],[77.55145,13.03629],[77.55162,13.03654],[77.55158,13.03665],[77.55145,13.0367],[77.55143,13.03683]],[[77.5497,13.03459],[77.54986,13.03456],[77.54992,13.03459],[77.55002,13.03475],[77.54998,13.03492],[77.54973,13.03504],[77.54954,13.03487],[77.54953,13.03467],[77.5497,13.03459]]]]}},{"type":"Feature","properties":{"id":"lake-1292","name":"Halasuru Lake"},"geometry":{"type":"MultiPolygon","coordinates":[[[[77.62218,12.98742],[77.62227,12.98736],[77.62217,12.98537],[77.62206,12.9845],[77.622,12.98446],[77.62197,12.98435],[77.62195,12.98367],[77.62219,12.9832],[77.62241,12.98253],[77.62246,12.98216],[77.62254,12.98202],[77.62277,12.98186],[77.62284,12.98165],[77.62279,12.98155],[77.62104,12.98024],[77.62097,12.98013],[77.62096,12.97999],[77.62049,12.9798],[77.62042,12.97969],[77.62033,12.97909],[77.62041,12.97882],[77.6204,12.97857],[77.62023,12.97818],[77.62014,12.97787],[77.62014,12.97743],[77.61996,12.97742],[77.6199,12.97744],[77.61967,12.978],[77.61916,12.97884],[77.6184,12.97999],[77.61789,12.98066],[77.61747,12.98092],[77.61679,12.98106],[77.6163,12.98124],[77.61609,12.98154],[77.61591,12.98168],[77.61589,12.98188],[77.61604,12.9826],[77.61613,12.98278],[77.61623,12.98285],[77.61709,12.98335],[77.61742,12.98359],[77.61915,12.98546],[77.6198,12.9864],[77.62023,12.98719],[77.62218,12.98742]],[[77.62054,12.98456],[77.62074,12.98467],[77.62088,12.98486],[77.62094,12.98507],[77.62092,12.98518],[77.62078,12.98529],[77.62045,12.98537],[77.6202,12.98526],[77.62013,12.98516],[77.62008,12.98493],[77.62024,12.98467],[77.62054,12.98456]],[[77.61932,12.98105],[77.61949,12.98106],[77.61966,12.98121],[77.61967,12.98145],[77.6196,12.98155],[77.61928,12.98161],[77.61909,12.98151],[77.61904,12.98129],[77.61908,12.98118],[77.61919,12.98105],[77.61932,12.98105]],[[77.61793,12.98177],[77.61805,12.98186],[77.61797,12.98214],[77.61748,12.98222],[77.61728,12.9822],[77.61726,12.98214],[77.61738,12.98195],[77.61775,12.98176],[77.61793,12.98177]],[[77.62118,12.98655],[77.62134,12.98678],[77.6213,12.98696],[77.62122,12.98703],[77.621,12.98705],[77.6208,12.98694],[77.62078,12.98676],[77.62084,12.9867],[77.62096,12.98661],[77.62118,12.98655]],[[77.62197,12.98671],[77.62203,12.98676],[77.62205,12.98691],[77.62195,12.98708],[77.62172,12.98714],[77.62163,12.9871],[77.62157,12.98703],[77.62156,12.98689],[77.62166,12.98673],[77.62187,12.98666],[77.62197,12.98671]],[[77.62084,12.98295],[77.62095,12.98298],[77.62097,12.98313],[77.62091,12.98323],[77.62069,12.98331],[77.62057,12.9833],[77.62052,12.98324],[77.62053,12.98305],[77.6206,12.98298],[77.62084,12.98295]]]]}},{"type":"Feature","properties":{"id":"lake-1293","name":"Madiwala Lake(BTM Lake)"},"geometry":{"type":"MultiPolygon","coordinates":[[[[77.61948,12.91235],[77.61972,12.91229],[77.62025,12.91233],[77.6211,12.91253],[77.62121,12.91236],[77.62125,12.91221],[77.62115,12.9117],[77.62115,12.91119],[77.62111,12.91089],[77.62083,12.91072],[77.62068,12.91049],[77.62056,12.91],[77.62051,12.90889],[77.62073,12.90792],[77.6207,12.90785],[77.62032,12.90759],[77.62011,12.90717],[77.61926,12.90629],[77.61895,12.90589],[77.61864,12.90517],[77.61824,12.90338],[77.6184,12.90276],[77.61834,12.90268],[77.61823,12.90266],[77.61767,12.90279],[77.61756,12.90277],[77.61743,12.90265],[77.61729,12.90215],[77.61662,12.90189],[77.61543,12.90167],[77.61466,12.90158],[77.61391,12.90157],[77.6133,12.90162],[77.61259,12.90186],[77.61221,12.90209],[77.61193,12.90233],[77.61159,12.90283],[77.61272,12.9027],[77.61293,12.90436],[77.61265,12.90439],[77.61285,12.90496],[77.61338,12.90614],[77.61345,12.90623],[77.61363,12.90633],[77.61394,12.90675],[77.61423,12.90759],[77.61443,12.90775],[77.61467,12.90817],[77.61493,12.90839],[77.61519,12.90847],[77.61524,12.90854],[77.61583,12.91071],[77.61625,12.91279],[77.61655,12.91462],[77.61672,12.9147],[77.61691,12.91463],[77.61751,12.91388],[77.61846,12.91288],[77.61894,12.91248],[77.61948,12.91235]],[[77.61635,12.90498],[77.61656,12.90523],[77.61666,12.90544],[77.61671,12.90631],[77.61658,12.90644],[77.61606,12.90664],[77.61599,12.90678],[77.61582,12.90679],[77.61565,12.90662],[77.61527,12.90566],[77.61532,12.90513],[77.61542,12.90491],[77.61562,12.90479],[77.61584,12.90485],[77.61593,12.90483],[77.61599,12.90475],[77.61612,12.90473],[77.61635,12.90498]]]]}},{"type":"Feature","properties":{"id":"lake-1294","name":"Sarakki Lake"},"geometry":{"type":"MultiPolygon","coordinates":[[[[77.58024,12.90167],[77.5802,12.89785],[77.5789,12.89721],[77.57849,12.89706],[77.57789,12.89669],[77.57699,12.89804],[77.57718,12.89835],[77.57747,12.89905],[77.57787,12.90016],[77.578,12.9004],[77.57923,12.90169],[77.58024,12.90167]],[[77.57816,12.89745],[77.57853,12.89776],[77.57863,12.89801],[77.57869,12.89837],[77.57867,12.89855],[77.57862,12.89868],[77.57852,12.89877],[77.57839,12.89876],[77.57822,12.89861],[77.57803,12.89836],[77.57796,12.89819],[77.57784,12.89808],[77.57782,12.89792],[77.5779,12.89757],[77.57799,12.89749],[77.57816,12.89745]]]]}},{"type":"Feature","properties":{"id":"lake-1295","name":"Mapped lake/tank"},"geometry":{"type":"MultiPolygon","coordinates":[[[[77.54999,12.90397],[77.55043,12.90396],[77.55083,12.90383],[77.55202,12.90358],[77.55282,12.90339],[77.55313,12.90321],[77.55314,12.90313],[77.553,12.90268],[77.55272,12.90196],[77.55262,12.90191],[77.55219,12.9019],[77.55153,12.90204],[77.55134,12.90197],[77.55112,12.90158],[77.55101,12.90151],[77.54994,12.90135],[77.54932,12.90138],[77.54905,12.90145],[77.54882,12.90174],[77.54881,12.90185],[77.54908,12.9026],[77.54913,12.90287],[77.5492,12.90355],[77.54915,12.90408],[77.54926,12.90412],[77.54999,12.90397]],[[77.55071,12.90259],[77.55081,12.90265],[77.55084,12.9028],[77.55072,12.90286],[77.55056,12.90283],[77.55051,12.90267],[77.55058,12.90258],[77.55071,12.90259]]]]}},{"type":"Feature","properties":{"id":"lake-1296","name":"Mapped lake/tank"},"geometry":{"type":"MultiPolygon","coordinates":[[[[77.51271,13.04171],[77.51332,13.04191],[77.51349,13.04187],[77.51389,13.04168],[77.51393,13.04146],[77.51386,13.04108],[77.51352,13.04051],[77.51307,13.04036],[77.51287,13.03993],[77.5128,13.03987],[77.51173,13.03991],[77.51133,13.03983],[77.51091,13.03964],[77.51078,13.03967],[77.51073,13.03985],[77.51086,13.0402],[77.51108,13.04155],[77.51105,13.04183],[77.51094,13.04198],[77.51108,13.04215],[77.51271,13.04171]],[[77.51209,13.04026],[77.51218,13.04031],[77.51223,13.04047],[77.51218,13.04055],[77.51201,13.04059],[77.51191,13.04053],[77.51188,13.04041],[77.51196,13.04029],[77.51209,13.04026]]]]}},{"type":"Feature","properties":{"id":"lake-1297","name":"Kengeri Lake"},"geometry":{"type":"MultiPolygon","coordinates":[[[[77.49077,12.91816],[77.49032,12.91749],[77.48967,12.91677],[77.48917,12.91638],[77.48828,12.91587],[77.4883,12.91766],[77.48846,12.91765],[77.48862,12.91768],[77.48872,12.91776],[77.48885,12.918],[77.48926,12.91808],[77.48959,12.91835],[77.49025,12.91832],[77.49042,12.91828],[77.4906,12.91835],[77.49077,12.91816]],[[77.48998,12.91752],[77.48992,12.91771],[77.4898,12.91769],[77.48963,12.91759],[77.48933,12.91757],[77.4892,12.91752],[77.48911,12.91742],[77.48903,12.91717],[77.48908,12.91707],[77.48927,12.91694],[77.48944,12.91693],[77.48964,12.91746],[77.4899,12.91736],[77.48998,12.91752]]]]}},{"type":"Feature","properties":{"id":"lake-1298","name":"Mapped lake/tank"},"geometry":{"type":"MultiPolygon","coordinates":[[[[77.4883,12.91766],[77.48828,12.91587],[77.48796,12.91572],[77.48758,12.91544],[77.48568,12.91336],[77.48544,12.91362],[77.48566,12.91391],[77.48579,12.91417],[77.48622,12.91581],[77.48657,12.9168],[77.48672,12.9171],[77.48679,12.91717],[77.48716,12.91713],[77.48746,12.91745],[77.48767,12.91757],[77.48806,12.91768],[77.4883,12.91766]],[[77.48788,12.91626],[77.48812,12.91647],[77.48817,12.91663],[77.48804,12.91692],[77.48777,12.91697],[77.48753,12.91687],[77.4874,12.91672],[77.48738,12.91658],[77.48746,12.91642],[77.48756,12.91633],[77.48788,12.91626]]]]}},{"type":"Feature","properties":{"id":"lake-1299","name":"Mapped lake/tank"},"geometry":{"type":"MultiPolygon","coordinates":[[[[77.59106,13.04795],[77.59108,13.04767],[77.59092,13.04754],[77.59076,13.04731],[77.59078,13.04684],[77.59088,13.0467],[77.59076,13.04609],[77.59102,13.04604],[77.59078,13.04559],[77.5907,13.04536],[77.59055,13.04431],[77.59043,13.04431],[77.59033,13.04425],[77.59034,13.04371],[77.59028,13.04358],[77.59,13.04343],[77.58957,13.04332],[77.58911,13.04334],[77.58874,13.04325],[77.58847,13.04324],[77.58776,13.04439],[77.58753,13.04465],[77.58737,13.04475],[77.5872,13.04477],[77.58681,13.04469],[77.58638,13.04457],[77.58581,13.04431],[77.58545,13.04426],[77.58524,13.04428],[77.58469,13.04444],[77.58419,13.04465],[77.58403,13.04476],[77.58391,13.0449],[77.58383,13.04546],[77.58364,13.04582],[77.58317,13.04648],[77.58273,13.04687],[77.58269,13.04697],[77.58267,13.04715],[77.58285,13.04755],[77.58296,13.04793],[77.583,13.04842],[77.58296,13.04862],[77.58302,13.04906],[77.5831,13.04922],[77.58345,13.04942],[77.58413,13.04996],[77.58557,13.0495],[77.58661,13.0491],[77.58799,13.0485],[77.58932,13.04817],[77.58949,13.04804],[77.5897,13.04794],[77.58988,13.04797],[77.58996,13.04812],[77.59009,13.04822],[77.59042,13.04835],[77.59076,13.04831],[77.59087,13.04824],[77.59106,13.04795]],[[77.58907,13.0456],[77.58893,13.04561],[77.58873,13.04551],[77.58867,13.04535],[77.58843,13.04515],[77.58837,13.045],[77.5884,13.04467],[77.58848,13.04444],[77.58863,13.04431],[77.58902,13.04433],[77.5894,13.04467],[77.58946,13.04478],[77.58951,13.04503],[77.58947,13.04533],[77.58925,13.04556],[77.58907,13.0456]],[[77.58511,13.04905],[77.58469,13.04902],[77.58449,13.04887],[77.58431,13.04862],[77.58426,13.04835],[77.58428,13.04818],[77.58449,13.04804],[77.58454,13.04788],[77.58472,13.04795],[77.58486,13.04792],[77.58505,13.04813],[77.58518,13.04836],[77.58526,13.0484],[77.58535,13.04887],[77.5852,13.04897],[77.58526,13.049],[77.58524,13.04905],[77.58511,13.04905]],[[77.5872,13.04622],[77.5873,13.04625],[77.58741,13.04636],[77.58741,13.0465],[77.58752,13.04665],[77.58748,13.04685],[77.58734,13.04697],[77.58705,13.04693],[77.58689,13.04684],[77.5868,13.04671],[77.58678,13.04654],[77.58695,13.04629],[77.58708,13.04622],[77.5872,13.04622]],[[77.58928,13.04741],[77.58945,13.04753],[77.58954,13.04768],[77.58951,13.04785],[77.5894,13.04782],[77.58924,13.04752],[77.58923,13.04743],[77.58928,13.04741]]]]}},{"type":"Feature","properties":{"id":"lake-1300","name":"Mapped lake/tank"},"geometry":{"type":"MultiPolygon","coordinates":[[[[77.65983,12.70498],[77.66001,12.70494],[77.66045,12.70508],[77.66064,12.70503],[77.66082,12.70505],[77.66085,12.705],[77.66083,12.70496],[77.66033,12.70481],[77.6592,12.70467],[77.65781,12.70434],[77.65763,12.70424],[77.65744,12.70391],[77.65739,12.70387],[77.6568,12.70396],[77.65564,12.70398],[77.65549,12.70404],[77.65585,12.70441],[77.65611,12.70474],[77.65647,12.70499],[77.65665,12.70503],[77.65754,12.70503],[77.65817,12.70511],[77.65833,12.70517],[77.65845,12.70531],[77.65856,12.70556],[77.65866,12.70625],[77.6595,12.70655],[77.65999,12.70656],[77.65975,12.70638],[77.65956,12.70533],[77.65959,12.70518],[77.65983,12.70498]]]]}},{"type":"Feature","properties":{"id":"lake-1301","name":"Mapped lake/tank"},"geometry":{"type":"MultiPolygon","coordinates":[[[[77.66023,12.70669],[77.66022,12.70661],[77.65971,12.70664],[77.65938,12.70659],[77.65867,12.70632],[77.65887,12.7068],[77.65898,12.70688],[77.66011,12.70699],[77.66024,12.7069],[77.66023,12.70669]]]]}},{"type":"Feature","properties":{"id":"lake-1302","name":"Mapped lake/tank"},"geometry":{"type":"MultiPolygon","coordinates":[[[[77.63217,12.72606],[77.63168,12.72579],[77.63161,12.72585],[77.63162,12.72602],[77.63152,12.72604],[77.6311,12.72594],[77.63097,12.72604],[77.63094,12.72621],[77.63098,12.72635],[77.6311,12.72647],[77.63147,12.72651],[77.63217,12.72674],[77.63264,12.72683],[77.63288,12.72641],[77.63217,12.72606]]]]}},{"type":"Feature","properties":{"id":"lake-1303","name":"Mapped lake/tank"},"geometry":{"type":"MultiPolygon","coordinates":[[[[77.63328,12.72645],[77.63318,12.72639],[77.63298,12.72645],[77.6329,12.72643],[77.6327,12.72674],[77.63268,12.72684],[77.63297,12.72701],[77.63312,12.72703],[77.63331,12.72666],[77.63328,12.72645]]]]}},{"type":"Feature","properties":{"id":"lake-1304","name":"Mapped lake/tank"},"geometry":{"type":"MultiPolygon","coordinates":[[[[77.76215,12.75957],[77.76183,12.75947],[77.7607,12.75934],[77.75994,12.75936],[77.75946,12.75931],[77.75921,12.75936],[77.75906,12.75956],[77.75896,12.7596],[77.75835,12.75956],[77.7582,12.75945],[77.75818,12.75918],[77.75811,12.75905],[77.75799,12.75897],[77.7576,12.75884],[77.75716,12.75858],[77.75676,12.75806],[77.75596,12.75807],[77.75585,12.75822],[77.75596,12.75864],[77.75583,12.75824],[77.75552,12.75829],[77.75533,12.75815],[77.75513,12.75812],[77.75477,12.75815],[77.75461,12.7581],[77.75448,12.75765],[77.75434,12.75756],[77.75381,12.75771],[77.75365,12.75807],[77.75356,12.75805],[77.75351,12.75797],[77.7535,12.75781],[77.75342,12.75772],[77.7528,12.75774],[77.7524,12.75779],[77.75211,12.75789],[77.75195,12.75801],[77.75188,12.7582],[77.75191,12.75864],[77.752,12.75911],[77.75231,12.75989],[77.75245,12.76035],[77.75243,12.76048],[77.75229,12.76057],[77.75231,12.76071],[77.75277,12.76135],[77.75299,12.76198],[77.75322,12.76216],[77.7533,12.76239],[77.75339,12.76242],[77.754,12.76237],[77.75451,12.76252],[77.75494,12.76274],[77.75539,12.76304],[77.75577,12.76319],[77.75586,12.76356],[77.75711,12.76368],[77.75719,12.76352],[77.75734,12.76345],[77.75783,12.76333],[77.75826,12.76329],[77.75846,12.76333],[77.75899,12.76391],[77.75939,12.76406],[77.75958,12.764],[77.75963,12.76389],[77.75951,12.76375],[77.75898,12.76354],[77.75891,12.76347],[77.75889,12.76333],[77.75898,12.76317],[77.7593,12.76285],[77.75938,12.76223],[77.75949,12.76201],[77.75968,12.76195],[77.75983,12.76199],[77.76034,12.76225],[77.76045,12.76235],[77.76054,12.76254],[77.76054,12.76277],[77.76063,12.76285],[77.76086,12.76288],[77.76105,12.76287],[77.76125,12.76272],[77.76136,12.76256],[77.76154,12.76243],[77.76197,12.76238],[77.76216,12.76222],[77.76216,12.76208],[77.76207,12.76198],[77.7617,12.76191],[77.76161,12.76178],[77.76182,12.76137],[77.76198,12.76122],[77.76245,12.76093],[77.7625,12.76078],[77.7625,12.76056],[77.76231,12.76013],[77.76215,12.75957]],[[77.75964,12.76015],[77.75964,12.7603],[77.75934,12.7603],[77.75934,12.76015],[77.75964,12.76015]]]]}},{"type":"Feature","properties":{"id":"lake-1305","name":"Mapped lake/tank"},"geometry":{"type":"MultiPolygon","coordinates":[[[[77.73696,12.7587],[77.73788,12.75848],[77.73881,12.75814],[77.73917,12.75809],[77.73955,12.7581],[77.73984,12.75817],[77.74016,12.75845],[77.74045,12.75885],[77.74065,12.75862],[77.74102,12.75845],[77.74172,12.75843],[77.74204,12.75853],[77.74183,12.75815],[77.74167,12.75804],[77.74153,12.75784],[77.7413,12.75771],[77.74079,12.75766],[77.74032,12.75775],[77.74023,12.75764],[77.7402,12.75715],[77.74043,12.75671],[77.74054,12.75633],[77.74054,12.75585],[77.74065,12.755],[77.74061,12.75399],[77.74067,12.75335],[77.74082,12.75308],[77.74184,12.75201],[77.74228,12.75174],[77.7423,12.75157],[77.742,12.75154],[77.74153,12.75191],[77.74104,12.75201],[77.74047,12.75203],[77.73967,12.75189],[77.73918,12.75195],[77.73893,12.75211],[77.73885,12.75255],[77.73872,12.75263],[77.73842,12.75269],[77.73816,12.7532],[77.73787,12.75345],[77.73754,12.75353],[77.73697,12.75344],[77.73672,12.75347],[77.73665,12.75352],[77.73654,12.75372],[77.73635,12.75386],[77.73541,12.75418],[77.73475,12.75462],[77.73425,12.75472],[77.73446,12.75541],[77.73501,12.75821],[77.73326,12.75873],[77.73326,12.75911],[77.73334,12.75917],[77.73371,12.75918],[77.73385,12.75943],[77.73412,12.75953],[77.73531,12.7595],[77.73585,12.75935],[77.73617,12.75917],[77.73665,12.75883],[77.73696,12.7587]],[[77.73759,12.75848],[77.73749,12.75848],[77.73749,12.75842],[77.73758,12.75841],[77.73759,12.75848]]]]}},{"type":"Feature","properties":{"id":"lake-1306","name":"Mapped lake/tank"},"geometry":{"type":"MultiPolygon","coordinates":[[[[77.76379,12.76398],[77.76407,12.76398],[77.76425,12.76372],[77.76429,12.7636],[77.76427,12.76349],[77.76406,12.76318],[77.76375,12.76307],[77.76326,12.76232],[77.76309,12.76215],[77.76295,12.76184],[77.76288,12.76156],[77.76291,12.76436],[77.76321,12.76429],[77.76367,12.764],[77.76379,12.76398]]]]}},{"type":"Feature","properties":{"id":"lake-1307","name":"Mapped lake/tank"},"geometry":{"type":"MultiPolygon","coordinates":[[[[77.76403,12.76998],[77.76369,12.76992],[77.76357,12.76923],[77.76297,12.76901],[77.76297,12.76955],[77.76313,12.76952],[77.76323,12.76957],[77.76362,12.76998],[77.76372,12.77002],[77.76403,12.76998]]]]}},{"type":"Feature","properties":{"id":"lake-1308","name":"Mapped lake/tank"},"geometry":{"type":"MultiPolygon","coordinates":[[[[77.7792,12.7943],[77.77901,12.79434],[77.77898,12.79442],[77.77908,12.79472],[77.77928,12.79499],[77.7793,12.79522],[77.7793,12.79498],[77.7791,12.79457],[77.7792,12.7943]]]]}},{"type":"Feature","properties":{"id":"lake-1309","name":"Mapped lake/tank"},"geometry":{"type":"MultiPolygon","coordinates":[[[[77.78216,12.79974],[77.78213,12.79972],[77.78243,12.80006],[77.78265,12.80041],[77.78258,12.79998],[77.78216,12.79974]]]]}},{"type":"Feature","properties":{"id":"lake-1310","name":"Mapped lake/tank"},"geometry":{"type":"MultiPolygon","coordinates":[[[[77.78535,12.80002],[77.78538,12.79992],[77.78533,12.79957],[77.78431,12.79973],[77.78342,12.79976],[77.78266,12.79996],[77.78277,12.80071],[77.78286,12.80037],[77.78303,12.80027],[77.78333,12.80021],[77.78379,12.8002],[77.78463,12.8],[77.78489,12.80003],[77.78506,12.80017],[77.78528,12.80096],[77.7854,12.80103],[77.78546,12.80102],[77.78533,12.80043],[77.78531,12.80015],[77.78535,12.80002]]]]}},{"type":"Feature","properties":{"id":"lake-1311","name":"Mapped lake/tank"},"geometry":{"type":"MultiPolygon","coordinates":[[[[77.77571,12.8002],[77.77643,12.80009],[77.77672,12.80011],[77.7771,12.80032],[77.7772,12.80043],[77.77731,12.80071],[77.77736,12.80109],[77.77736,12.80141],[77.77729,12.80181],[77.77732,12.80197],[77.77739,12.80207],[77.77775,12.80205],[77.77857,12.80126],[77.77864,12.80112],[77.77897,12.80085],[77.77907,12.80067],[77.77912,12.8003],[77.77888,12.79968],[77.77892,12.79954],[77.77973,12.79942],[77.77993,12.79931],[77.77996,12.79914],[77.77984,12.79891],[77.77948,12.79861],[77.77935,12.79861],[77.77891,12.79889],[77.77868,12.79896],[77.7785,12.79897],[77.77835,12.79889],[77.77828,12.79874],[77.77817,12.79821],[77.77808,12.79812],[77.77783,12.79808],[77.77767,12.798],[77.77748,12.79756],[77.77731,12.7969],[77.7768,12.79674],[77.77615,12.79682],[77.77479,12.79715],[77.77369,12.79729],[77.77322,12.79742],[77.77305,12.79757],[77.77298,12.7978],[77.77286,12.7979],[77.77133,12.79848],[77.77104,12.79849],[77.77088,12.79809],[77.77071,12.79798],[77.76978,12.79814],[77.76963,12.79805],[77.76867,12.79869],[77.76868,12.79903],[77.7688,12.79957],[77.76873,12.79963],[77.76907,12.80055],[77.76931,12.8007],[77.76943,12.80088],[77.7692,12.80109],[77.76888,12.80123],[77.76859,12.8016],[77.76791,12.80205],[77.76639,12.80404],[77.76622,12.8043],[77.76619,12.8047],[77.76608,12.80507],[77.76597,12.80601],[77.76589,12.80626],[77.76589,12.80649],[77.76599,12.8068],[77.76617,12.807],[77.76622,12.80744],[77.76639,12.80776],[77.76642,12.80797],[77.76627,12.80812],[77.76573,12.80843],[77.76559,12.80877],[77.76571,12.80897],[77.76597,12.80913],[77.76622,12.80915],[77.76685,12.80887],[77.76674,12.80845],[77.76679,12.80833],[77.76693,12.8082],[77.76691,12.80782],[77.76728,12.80703],[77.76751,12.80684],[77.76826,12.80669],[77.76847,12.80632],[77.76897,12.80565],[77.76975,12.80434],[77.76996,12.8041],[77.77035,12.80379],[77.77028,12.80361],[77.77037,12.8035],[77.77117,12.803],[77.77155,12.80271],[77.77174,12.8025],[77.77214,12.80218],[77.77321,12.80098],[77.77359,12.80073],[77.77416,12.80053],[77.77571,12.8002]]]]}},{"type":"Feature","properties":{"id":"lake-1312","name":"Mapped lake/tank"},"geometry":{"type":"MultiPolygon","coordinates":[[[[77.78444,12.78495],[77.78467,12.78512],[77.78562,12.78511],[77.78567,12.78496],[77.78559,12.78472],[77.78548,12.78473],[77.78517,12.78487],[77.78497,12.78458],[77.78444,12.78495]],[[77.78469,12.78485],[77.78463,12.78486],[77.78481,12.78474],[77.78487,12.78482],[77.78483,12.78485],[77.78481,12.78482],[77.78473,12.78491],[77.78469,12.78485]]]]}},{"type":"Feature","properties":{"id":"lake-1313","name":"Mapped lake/tank"},"geometry":{"type":"MultiPolygon","coordinates":[[[[77.77933,12.75284],[77.77925,12.75274],[77.77913,12.75288],[77.77912,12.753],[77.77918,12.75317],[77.77912,12.75342],[77.77914,12.75358],[77.77984,12.75468],[77.77977,12.75441],[77.77979,12.75392],[77.77955,12.75345],[77.77946,12.75301],[77.77933,12.75284]]]]}},{"type":"Feature","properties":{"id":"lake-1314","name":"Mapped lake/tank"},"geometry":{"type":"MultiPolygon","coordinates":[[[[77.78199,12.75556],[77.78217,12.75557],[77.78246,12.75571],[77.7834,12.75639],[77.7836,12.75641],[77.78367,12.75636],[77.78367,12.75592],[77.78331,12.75589],[77.78276,12.75554],[77.7827,12.75538],[77.78268,12.75486],[77.78249,12.75464],[77.78241,12.75461],[77.78236,12.75435],[77.782,12.75378],[77.78194,12.75285],[77.78145,12.75278],[77.78124,12.75297],[77.78061,12.75301],[77.78031,12.75295],[77.78019,12.75279],[77.77974,12.75287],[77.77927,12.75272],[77.77947,12.75297],[77.77958,12.75344],[77.77982,12.75391],[77.77979,12.75441],[77.77989,12.75475],[77.77994,12.75517],[77.77989,12.7556],[77.78004,12.756],[77.78003,12.75635],[77.78011,12.75665],[77.7801,12.75709],[77.7803,12.75699],[77.78038,12.75689],[77.78049,12.75654],[77.78051,12.75616],[77.78064,12.75594],[77.78118,12.75569],[77.78199,12.75556]],[[77.78244,12.75528],[77.78234,12.7547],[77.78257,12.75491],[77.78255,12.75528],[77.78244,12.75528]]]]}},{"type":"Feature","properties":{"id":"lake-1315","name":"Mapped lake/tank"},"geometry":{"type":"MultiPolygon","coordinates":[[[[77.67921,12.77486],[77.67918,12.77457],[77.67912,12.77443],[77.67994,12.77425],[77.68017,12.77414],[77.68009,12.77401],[77.68001,12.77405],[77.68001,12.77417],[77.67997,12.77418],[77.67994,12.77407],[77.67937,12.7741],[77.67928,12.77398],[77.67928,12.77374],[77.67937,12.77365],[77.6799,12.77357],[77.67983,12.77349],[77.67909,12.77179],[77.67908,12.77161],[77.67919,12.77099],[77.67916,12.77037],[77.67911,12.77017],[77.67893,12.77003],[77.67861,12.76995],[77.67713,12.76985],[77.67683,12.76975],[77.67666,12.76956],[77.67663,12.76961],[77.67667,12.76976],[77.67674,12.76989],[77.67684,12.76998],[77.67698,12.77002],[77.67757,12.77005],[77.67782,12.77015],[77.67811,12.77017],[77.67839,12.77043],[77.67848,12.77063],[77.67873,12.77081],[77.67894,12.77107],[77.67902,12.77143],[77.67877,12.7719],[77.67878,12.77209],[77.67889,12.77234],[77.67886,12.77292],[77.67873,12.77294],[77.67859,12.77272],[77.67841,12.77265],[77.67833,12.77228],[77.67757,12.77217],[77.67743,12.77226],[77.67736,12.77271],[77.6769,12.77295],[77.67642,12.77292],[77.6762,12.77266],[77.67622,12.77247],[77.67618,12.77228],[77.67597,12.77209],[77.67598,12.77197],[77.67583,12.77162],[77.67588,12.7714],[77.67577,12.77132],[77.67562,12.7713],[77.67581,12.77226],[77.67584,12.77281],[77.67575,12.77374],[77.67555,12.77423],[77.6757,12.77421],[77.67573,12.77425],[77.67573,12.77437],[77.67567,12.77448],[77.67569,12.77463],[77.67573,12.77466],[77.6756,12.77475],[77.67524,12.77477],[77.67481,12.77523],[77.67477,12.77542],[77.67519,12.7753],[77.67579,12.77504],[77.67612,12.77501],[77.67664,12.77508],[77.67718,12.77525],[77.67747,12.7753],[77.67805,12.77553],[77.67823,12.77566],[77.67846,12.77602],[77.67892,12.77696],[77.67904,12.77729],[77.67924,12.77761],[77.67995,12.7777],[77.67994,12.77738],[77.67952,12.77718],[77.6792,12.77645],[77.6792,12.77585],[77.67928,12.77519],[77.67921,12.77486]],[[77.67914,12.77581],[77.6791,12.77581],[77.67909,12.77576],[77.67913,12.77576],[77.67914,12.77581]],[[77.67955,12.77354],[77.67941,12.77355],[77.6794,12.77348],[77.67955,12.77348],[77.67955,12.77354]]]]}},{"type":"Feature","properties":{"id":"lake-1316","name":"Mapped lake/tank"},"geometry":{"type":"MultiPolygon","coordinates":[[[[77.56224,12.88105],[77.56174,12.88091],[77.56168,12.88083],[77.56163,12.88065],[77.56142,12.88074],[77.55995,12.88205],[77.55996,12.88271],[77.56106,12.88256],[77.56127,12.88257],[77.56134,12.88283],[77.56143,12.88293],[77.56221,12.88353],[77.56252,12.88367],[77.56266,12.88369],[77.56283,12.88362],[77.56293,12.88335],[77.56291,12.8831],[77.5628,12.88286],[77.5622,12.88195],[77.56212,12.88175],[77.56212,12.88157],[77.56224,12.88105]],[[77.56128,12.88163],[77.56139,12.88165],[77.56139,12.88184],[77.56128,12.88185],[77.56119,12.88176],[77.56123,12.88161],[77.56128,12.88163]]]]}},{"type":"Feature","properties":{"id":"lake-1317","name":"Hoskote Kere"},"geometry":{"type":"MultiPolygon","coordinates":[[[[77.763,13.09359],[77.76288,13.0934],[77.7629,13.09265],[77.76326,13.09261],[77.7633,13.09168],[77.76335,13.09156],[77.76334,13.09151],[77.76324,13.09148],[77.76309,13.0916],[77.76291,13.09156],[77.76275,13.09147],[77.76275,13.09127],[77.76286,13.09115],[77.76308,13.09118],[77.76339,13.09111],[77.76351,13.09115],[77.76365,13.09129],[77.76387,13.09124],[77.76409,13.09133],[77.76498,13.09143],[77.76594,13.09149],[77.76602,13.09152],[77.76607,13.09191],[77.76652,13.09194],[77.76624,13.06697],[77.76597,13.0671],[77.76574,13.06733],[77.76577,13.06765],[77.76534,13.06841],[77.76512,13.06897],[77.7646,13.06997],[77.76439,13.07021],[77.76404,13.07046],[77.76377,13.07076],[77.76323,13.07104],[77.76334,13.07127],[77.76333,13.07135],[77.76296,13.072],[77.76265,13.07227],[77.76248,13.07269],[77.76252,13.0732],[77.76245,13.07353],[77.76248,13.07379],[77.76229,13.07429],[77.76223,13.07457],[77.76225,13.07534],[77.76231,13.07599],[77.76226,13.07619],[77.76214,13.07639],[77.76188,13.07654],[77.76166,13.07664],[77.7608,13.07682],[77.76073,13.07693],[77.76039,13.07771],[77.76016,13.0781],[77.75998,13.0783],[77.75982,13.07893],[77.75951,13.0791],[77.75945,13.0792],[77.75972,13.08055],[77.75958,13.08068],[77.75925,13.08072],[77.75881,13.08086],[77.75831,13.08086],[77.75779,13.08101],[77.75779,13.08121],[77.75849,13.08213],[77.76031,13.08146],[77.76144,13.08153],[77.76211,13.08257],[77.76209,13.08263],[77.76077,13.08416],[77.7598,13.08429],[77.75987,13.08511],[77.76003,13.08523],[77.76008,13.08543],[77.76008,13.08622],[77.76006,13.08627],[77.75949,13.08623],[77.75957,13.08736],[77.75933,13.08735],[77.75928,13.0876],[77.7593,13.08781],[77.75925,13.08781],[77.75927,13.0886],[77.75927,13.08867],[77.76001,13.08865],[77.76002,13.08778],[77.7612,13.08762],[77.76127,13.08769],[77.76147,13.08833],[77.76172,13.0888],[77.76193,13.08963],[77.76206,13.08985],[77.76205,13.09029],[77.76202,13.09047],[77.76158,13.09058],[77.76153,13.09062],[77.76151,13.09142],[77.76147,13.09146],[77.76042,13.09151],[77.76057,13.09272],[77.76085,13.09275],[77.76098,13.09282],[77.76109,13.09295],[77.76143,13.09289],[77.76156,13.09304],[77.76185,13.0937],[77.762,13.09381],[77.76231,13.09379],[77.763,13.09359]],[[77.76464,13.09022],[77.76469,13.09046],[77.76462,13.09058],[77.76465,13.09074],[77.76456,13.09088],[77.76422,13.09099],[77.76415,13.09045],[77.76434,13.0904],[77.76433,13.09027],[77.76436,13.09025],[77.76464,13.09022]]]]}},{"type":"Feature","properties":{"id":"lake-1318","name":"Mapped lake/tank"},"geometry":{"type":"MultiPolygon","coordinates":[[[[77.49359,12.98377],[77.49294,12.98334],[77.49194,12.98248],[77.49166,12.982],[77.49148,12.98201],[77.49137,12.98218],[77.49125,12.98249],[77.49132,12.98334],[77.49154,12.98348],[77.49273,12.98353],[77.49295,12.98361],[77.49328,12.98386],[77.49359,12.98377]]]]}},{"type":"Feature","properties":{"id":"lake-1319","name":"Mapped lake/tank"},"geometry":{"type":"MultiPolygon","coordinates":[[[[77.51638,12.997],[77.51675,12.99869],[77.51686,12.99876],[77.51727,12.99876],[77.51736,12.99873],[77.51743,12.99864],[77.51744,12.99852],[77.51741,12.99747],[77.51736,12.99721],[77.51725,12.99714],[77.51638,12.997]]]]}},{"type":"Feature","properties":{"id":"lake-1320","name":"Mapped lake/tank"},"geometry":{"type":"MultiPolygon","coordinates":[[[[77.49019,12.98892],[77.49,12.98898],[77.48988,12.98915],[77.48994,12.98938],[77.49017,12.98947],[77.49038,12.9894],[77.49045,12.98919],[77.49034,12.98899],[77.49019,12.98892]]]]}},{"type":"Feature","properties":{"id":"lake-1321","name":"Mapped lake/tank"},"geometry":{"type":"MultiPolygon","coordinates":[[[[77.51555,13.01074],[77.51548,13.0104],[77.51522,13.00974],[77.51519,13.00955],[77.5146,13.00957],[77.51445,13.00962],[77.51391,13.01014],[77.51397,13.01041],[77.51432,13.01038],[77.51433,13.01043],[77.51464,13.01043],[77.5147,13.01093],[77.51468,13.01115],[77.5148,13.01114],[77.515,13.01068],[77.51518,13.0107],[77.5152,13.01078],[77.51555,13.01074]]]]}},{"type":"Feature","properties":{"id":"lake-1322","name":"Mapped lake/tank"},"geometry":{"type":"MultiPolygon","coordinates":[[[[77.52783,12.97797],[77.52743,12.97789],[77.52702,12.97763],[77.52744,12.97787],[77.52783,12.97794],[77.52804,12.97792],[77.52799,12.97632],[77.52769,12.9763],[77.52769,12.97789],[77.52766,12.97753],[77.52706,12.97755],[77.52695,12.97771],[77.52685,12.97798],[77.52711,12.9781],[77.52775,12.97819],[77.52791,12.97856],[77.52808,12.97863],[77.5282,12.97862],[77.52825,12.97846],[77.52821,12.97827],[77.52792,12.97807],[77.52783,12.97797]]]]}},{"type":"Feature","properties":{"id":"lake-1323","name":"Mapped lake/tank"},"geometry":{"type":"MultiPolygon","coordinates":[[[[77.49157,12.99015],[77.49234,12.98993],[77.49253,12.98982],[77.49257,12.98975],[77.49256,12.98925],[77.49189,12.98915],[77.49188,12.98895],[77.49093,12.9886],[77.4901,12.98809],[77.49009,12.98758],[77.49013,12.98731],[77.49009,12.98728],[77.48963,12.98715],[77.48948,12.98732],[77.48924,12.98732],[77.48923,12.98766],[77.489,12.98842],[77.48902,12.99002],[77.48918,12.98988],[77.48942,12.98989],[77.4896,12.98999],[77.48973,12.99019],[77.48994,12.99023],[77.49073,12.99016],[77.4911,12.98993],[77.49135,12.98994],[77.49151,12.98989],[77.49157,12.99015]],[[77.49019,12.98892],[77.49034,12.98899],[77.49045,12.98919],[77.49038,12.9894],[77.49017,12.98947],[77.48994,12.98938],[77.48988,12.98915],[77.49,12.98898],[77.49019,12.98892]]]]}},{"type":"Feature","properties":{"id":"lake-1324","name":"Mapped lake/tank"},"geometry":{"type":"MultiPolygon","coordinates":[[[[77.57642,12.70686],[77.57651,12.70676],[77.57664,12.7065],[77.57663,12.70637],[77.57655,12.70628],[77.57612,12.70629],[77.57552,12.70597],[77.57518,12.70598],[77.57494,12.7061],[77.57495,12.70619],[77.57519,12.7062],[77.57531,12.70639],[77.57566,12.70637],[77.57575,12.70641],[77.57586,12.70668],[77.57593,12.70675],[77.57629,12.70686],[77.57642,12.70686]]]]}},{"type":"Feature","properties":{"id":"lake-1325","name":"Mapped lake/tank"},"geometry":{"type":"MultiPolygon","coordinates":[[[[77.57125,12.70562],[77.57132,12.70559],[77.57134,12.70553],[77.57119,12.70529],[77.57107,12.70526],[77.57109,12.70546],[77.571,12.70557],[77.57099,12.70564],[77.57109,12.70564],[77.57114,12.70558],[77.57125,12.70562]]]]}},{"type":"Feature","properties":{"id":"lake-1326","name":"Mapped lake/tank"},"geometry":{"type":"MultiPolygon","coordinates":[[[[77.56404,12.71159],[77.56405,12.71128],[77.56423,12.71119],[77.56428,12.71111],[77.56428,12.71082],[77.5644,12.71073],[77.56457,12.71078],[77.56481,12.71072],[77.56475,12.71043],[77.56437,12.71029],[77.56417,12.71035],[77.56407,12.71053],[77.56405,12.71085],[77.56372,12.7111],[77.56391,12.71162],[77.56404,12.71159]]]]}},{"type":"Feature","properties":{"id":"lake-1327","name":"Mapped lake/tank"},"geometry":{"type":"MultiPolygon","coordinates":[[[[77.56066,12.71813],[77.56028,12.71806],[77.56002,12.71817],[77.5597,12.71863],[77.55965,12.71903],[77.5597,12.71928],[77.55993,12.71934],[77.56015,12.71923],[77.56025,12.71914],[77.56074,12.71839],[77.56077,12.71824],[77.56072,12.71815],[77.56066,12.71813]]]]}},{"type":"Feature","properties":{"id":"lake-1328","name":"Mapped lake/tank"},"geometry":{"type":"MultiPolygon","coordinates":[[[[77.56284,12.71624],[77.5631,12.71586],[77.56274,12.71574],[77.56268,12.71575],[77.56254,12.71603],[77.56247,12.71622],[77.56249,12.71637],[77.56267,12.71638],[77.56284,12.71624]]]]}},{"type":"Feature","properties":{"id":"lake-1329","name":"Mapped lake/tank"},"geometry":{"type":"MultiPolygon","coordinates":[[[[77.34896,12.87846],[77.34768,12.87826],[77.34754,12.8783],[77.34751,12.87846],[77.34775,12.87955],[77.34848,12.87966],[77.34854,12.87882],[77.34862,12.8787],[77.34892,12.87855],[77.34896,12.87846]]]]}},{"type":"Feature","properties":{"id":"lake-1330","name":"Mapped lake/tank"},"geometry":{"type":"MultiPolygon","coordinates":[[[[77.34783,12.87165],[77.34776,12.87136],[77.34743,12.87136],[77.34731,12.87142],[77.34727,12.87161],[77.34735,12.87175],[77.34775,12.87171],[77.34783,12.87165]]]]}},{"type":"Feature","properties":{"id":"lake-1331","name":"Mapped lake/tank"},"geometry":{"type":"MultiPolygon","coordinates":[[[[77.39072,12.8763],[77.39056,12.87624],[77.3904,12.87607],[77.39004,12.87599],[77.38989,12.87649],[77.38996,12.87663],[77.39009,12.87671],[77.39079,12.87678],[77.39088,12.87672],[77.39094,12.87653],[77.39072,12.8763]]]]}},{"type":"Feature","properties":{"id":"lake-1332","name":"Mapped lake/tank"},"geometry":{"type":"MultiPolygon","coordinates":[[[[77.37781,12.86531],[77.37779,12.86524],[77.37762,12.86508],[77.37751,12.86488],[77.3773,12.8641],[77.3771,12.8638],[77.37656,12.86439],[77.37665,12.86479],[77.37689,12.86511],[77.37753,12.86528],[77.37781,12.86531]]]]}},{"type":"Feature","properties":{"id":"lake-1333","name":"Mapped lake/tank"},"geometry":{"type":"MultiPolygon","coordinates":[[[[77.37378,12.85942],[77.37359,12.85901],[77.37352,12.8586],[77.37345,12.85859],[77.3733,12.85873],[77.37311,12.85877],[77.37309,12.85888],[77.37332,12.85941],[77.37371,12.85944],[77.37378,12.85942]]]]}},{"type":"Feature","properties":{"id":"lake-1334","name":"Mapped lake/tank"},"geometry":{"type":"MultiPolygon","coordinates":[[[[77.42661,12.86902],[77.42731,12.86905],[77.42831,12.86861],[77.42797,12.86784],[77.42734,12.86789],[77.42738,12.86826],[77.42616,12.86854],[77.42613,12.86832],[77.42579,12.86832],[77.42571,12.8681],[77.42538,12.86813],[77.42539,12.86821],[77.4255,12.8683],[77.42555,12.8686],[77.42568,12.86895],[77.42567,12.86904],[77.42553,12.86923],[77.42555,12.86933],[77.42561,12.8694],[77.42618,12.86911],[77.42661,12.86902]]]]}},{"type":"Feature","properties":{"id":"lake-1335","name":"Mapped lake/tank"},"geometry":{"type":"MultiPolygon","coordinates":[[[[77.44186,12.87846],[77.44144,12.87832],[77.44098,12.87838],[77.43991,12.87784],[77.43932,12.87772],[77.43893,12.87757],[77.43856,12.87765],[77.43824,12.8779],[77.4377,12.8781],[77.43774,12.87817],[77.4378,12.87819],[77.43811,12.8781],[77.43845,12.87817],[77.43865,12.87832],[77.4392,12.8789],[77.44187,12.87887],[77.44186,12.87846]]]]}},{"type":"Feature","properties":{"id":"lake-1336","name":"Mapped lake/tank"},"geometry":{"type":"MultiPolygon","coordinates":[[[[77.43192,12.86782],[77.43178,12.86782],[77.43167,12.86793],[77.43158,12.86794],[77.43124,12.8679],[77.43035,12.86803],[77.43029,12.86843],[77.43031,12.86859],[77.43036,12.86864],[77.43091,12.86864],[77.43134,12.86887],[77.43147,12.8691],[77.43148,12.86921],[77.43157,12.86923],[77.43169,12.86915],[77.43179,12.86902],[77.43206,12.86817],[77.43204,12.8679],[77.43192,12.86782]]]]}},{"type":"Feature","properties":{"id":"lake-1337","name":"Mapped lake/tank"},"geometry":{"type":"MultiPolygon","coordinates":[[[[77.43521,12.86861],[77.4355,12.86864],[77.43605,12.86854],[77.43689,12.86828],[77.4374,12.86823],[77.43691,12.86706],[77.43633,12.86621],[77.43604,12.86657],[77.43613,12.86708],[77.4361,12.86722],[77.43594,12.8674],[77.4356,12.86751],[77.4342,12.86828],[77.43371,12.86833],[77.43352,12.86844],[77.43351,12.86848],[77.43351,12.86861],[77.43361,12.86886],[77.43379,12.86886],[77.43474,12.86864],[77.43521,12.86861]]]]}},{"type":"Feature","properties":{"id":"lake-1338","name":"Mapped lake/tank"},"geometry":{"type":"MultiPolygon","coordinates":[[[[77.4839,12.77036],[77.48366,12.7704],[77.48367,12.77053],[77.48382,12.77057],[77.48393,12.77054],[77.48398,12.77046],[77.4839,12.77036]]]]}},{"type":"Feature","properties":{"id":"lake-1339","name":"Mapped lake/tank"},"geometry":{"type":"MultiPolygon","coordinates":[[[[77.48268,12.75279],[77.48265,12.75272],[77.48127,12.75241],[77.48117,12.75246],[77.48117,12.75253],[77.48129,12.75267],[77.48151,12.75332],[77.4816,12.75341],[77.48232,12.75336],[77.48268,12.75279]]]]}},{"type":"Feature","properties":{"id":"lake-1340","name":"Mapped lake/tank"},"geometry":{"type":"MultiPolygon","coordinates":[[[[77.48144,12.78411],[77.481,12.78386],[77.48071,12.78377],[77.48062,12.78405],[77.48058,12.78437],[77.48062,12.78483],[77.48068,12.78503],[77.4808,12.78507],[77.48094,12.785],[77.48107,12.78441],[77.48144,12.78411]]]]}},{"type":"Feature","properties":{"id":"lake-1341","name":"Mapped lake/tank"},"geometry":{"type":"MultiPolygon","coordinates":[[[[77.48452,12.76702],[77.48455,12.76654],[77.48442,12.76646],[77.48401,12.76649],[77.48397,12.76667],[77.48409,12.76694],[77.48439,12.76707],[77.48452,12.76702]]]]}},{"type":"Feature","properties":{"id":"lake-1342","name":"Mapped lake/tank"},"geometry":{"type":"MultiPolygon","coordinates":[[[[77.50604,12.74218],[77.50601,12.74184],[77.50588,12.74145],[77.50574,12.74126],[77.50563,12.74123],[77.50554,12.74128],[77.50546,12.74149],[77.50555,12.74192],[77.50564,12.74211],[77.50583,12.7423],[77.50594,12.74231],[77.50604,12.74218]]]]}},{"type":"Feature","properties":{"id":"lake-1343","name":"Mapped lake/tank"},"geometry":{"type":"MultiPolygon","coordinates":[[[[77.47426,12.76561],[77.47454,12.76551],[77.47458,12.76536],[77.47452,12.7649],[77.47496,12.76486],[77.47501,12.76482],[77.47494,12.76457],[77.475,12.76425],[77.4754,12.76416],[77.4769,12.76404],[77.477,12.76448],[77.47714,12.76444],[77.47728,12.76453],[77.47747,12.76457],[77.47762,12.76452],[77.47762,12.76443],[77.47751,12.76424],[77.47732,12.76419],[77.47733,12.76412],[77.4771,12.76401],[77.47685,12.76331],[77.47681,12.76272],[77.47649,12.76269],[77.47408,12.76211],[77.47403,12.76215],[77.47401,12.76236],[77.47415,12.76304],[77.47411,12.76314],[77.47383,12.76336],[77.4738,12.76373],[77.47373,12.76392],[77.4738,12.76438],[77.47377,12.76461],[77.47364,12.76475],[77.4734,12.76486],[77.47306,12.76497],[77.47293,12.76494],[77.47279,12.765],[77.47263,12.76511],[77.47257,12.76536],[77.47251,12.76541],[77.4726,12.76554],[77.47287,12.76553],[77.47293,12.76557],[77.47301,12.76579],[77.47329,12.76578],[77.47426,12.76561]]]]}},{"type":"Feature","properties":{"id":"lake-1344","name":"Mapped lake/tank"},"geometry":{"type":"MultiPolygon","coordinates":[[[[77.54342,12.74748],[77.5432,12.7472],[77.54314,12.74685],[77.54314,12.74652],[77.54323,12.74623],[77.5435,12.74577],[77.54456,12.7448],[77.54472,12.7446],[77.54475,12.7444],[77.54469,12.74426],[77.54455,12.74417],[77.54429,12.74415],[77.54402,12.74431],[77.54364,12.74427],[77.54379,12.74404],[77.54381,12.74385],[77.54376,12.74372],[77.54361,12.74359],[77.54332,12.74315],[77.54324,12.74308],[77.54315,12.7431],[77.54302,12.74323],[77.54294,12.74313],[77.54271,12.74304],[77.54252,12.74301],[77.54236,12.74304],[77.54225,12.74314],[77.54215,12.74353],[77.54196,12.74379],[77.54148,12.74393],[77.54142,12.74446],[77.54127,12.7444],[77.54082,12.74377],[77.54073,12.74371],[77.54058,12.74373],[77.54047,12.74398],[77.54053,12.74413],[77.54053,12.7443],[77.54041,12.7445],[77.53995,12.74452],[77.53983,12.74475],[77.53984,12.74527],[77.53991,12.74533],[77.53996,12.7458],[77.53976,12.74596],[77.53934,12.74619],[77.53907,12.74615],[77.53905,12.74609],[77.53911,12.74583],[77.53862,12.74587],[77.53818,12.74597],[77.53812,12.74605],[77.53795,12.74646],[77.53764,12.74666],[77.53761,12.74674],[77.53762,12.74689],[77.53791,12.7477],[77.53791,12.7483],[77.53783,12.74868],[77.53748,12.74896],[77.53741,12.74909],[77.5377,12.74912],[77.54103,12.75156],[77.54121,12.75154],[77.54131,12.75149],[77.54177,12.75094],[77.54208,12.75002],[77.54267,12.74925],[77.54324,12.74901],[77.54332,12.74885],[77.54354,12.74801],[77.54354,12.74774],[77.54342,12.74748]]]]}},{"type":"Feature","properties":{"id":"lake-1345","name":"Mapped lake/tank"},"geometry":{"type":"MultiPolygon","coordinates":[[[[77.54887,12.78513],[77.54824,12.78666],[77.54832,12.7871],[77.54856,12.78751],[77.55174,12.78748],[77.55166,12.78726],[77.55148,12.78708],[77.55136,12.78664],[77.55159,12.78629],[77.55181,12.78616],[77.55183,12.78598],[77.5517,12.78584],[77.55128,12.78574],[77.55102,12.78573],[77.55093,12.78562],[77.55096,12.78544],[77.55123,12.78514],[77.5513,12.78497],[77.55131,12.78475],[77.55122,12.7847],[77.55066,12.78475],[77.55015,12.78467],[77.5498,12.78499],[77.54972,12.78503],[77.54907,12.78504],[77.54887,12.78513]]]]}},{"type":"Feature","properties":{"id":"lake-1346","name":"Mapped lake/tank"},"geometry":{"type":"MultiPolygon","coordinates":[[[[77.53789,12.77839],[77.53808,12.77767],[77.53808,12.77742],[77.53814,12.77708],[77.53824,12.77686],[77.5384,12.77665],[77.53852,12.7763],[77.53857,12.77579],[77.53848,12.77556],[77.53822,12.77511],[77.53819,12.77494],[77.53824,12.77469],[77.53866,12.77419],[77.53893,12.77369],[77.53896,12.77352],[77.53888,12.77328],[77.53854,12.77309],[77.53828,12.77299],[77.53823,12.77286],[77.53846,12.77183],[77.53858,12.7706],[77.5387,12.77029],[77.5389,12.76948],[77.53911,12.76927],[77.53918,12.76909],[77.53915,12.76897],[77.53899,12.76885],[77.53881,12.76857],[77.53896,12.76822],[77.5387,12.76797],[77.5379,12.76846],[77.53768,12.76878],[77.53723,12.7691],[77.53692,12.76955],[77.53683,12.7701],[77.5367,12.7703],[77.53662,12.77069],[77.53644,12.77103],[77.53622,12.77132],[77.53608,12.77141],[77.53582,12.77149],[77.53567,12.77163],[77.53563,12.77178],[77.53567,12.77216],[77.53544,12.77239],[77.53547,12.77263],[77.53568,12.77293],[77.53567,12.77328],[77.53559,12.77344],[77.53557,12.77363],[77.53562,12.77399],[77.53552,12.77424],[77.53524,12.77455],[77.5347,12.77484],[77.53435,12.77497],[77.53397,12.77467],[77.53379,12.77466],[77.53362,12.77476],[77.53358,12.77509],[77.53362,12.77556],[77.53348,12.77578],[77.53325,12.77637],[77.53317,12.77649],[77.53303,12.77653],[77.53302,12.77661],[77.5332,12.77704],[77.53363,12.77722],[77.53398,12.77731],[77.53465,12.77778],[77.5348,12.77842],[77.53504,12.77899],[77.53515,12.77898],[77.53527,12.77887],[77.53551,12.77878],[77.53584,12.77897],[77.53599,12.77891],[77.53622,12.7789],[77.53644,12.77878],[77.53671,12.77844],[77.53693,12.77835],[77.53716,12.77852],[77.53727,12.77867],[77.53757,12.77936],[77.53767,12.77946],[77.53779,12.77949],[77.53793,12.77941],[77.53798,12.77924],[77.53785,12.77876],[77.53789,12.77839]]],[[[77.53923,12.76818],[77.53912,12.76818],[77.53899,12.76823],[77.53884,12.76852],[77.53888,12.76865],[77.5392,12.769],[77.53919,12.76879],[77.53945,12.76859],[77.53933,12.76827],[77.53923,12.76818]]],[[[77.53712,12.7692],[77.53715,12.76917],[77.53685,12.76958],[77.53675,12.77018],[77.53681,12.77009],[77.53689,12.76954],[77.53712,12.7692]]]]}},{"type":"Feature","properties":{"id":"lake-1347","name":"Mapped lake/tank"},"geometry":{"type":"MultiPolygon","coordinates":[[[[77.53549,12.76502],[77.53587,12.76492],[77.53632,12.76453],[77.53632,12.7643],[77.53626,12.76396],[77.5359,12.76393],[77.53539,12.7638],[77.53516,12.76347],[77.53495,12.76344],[77.53489,12.76347],[77.53485,12.76358],[77.53495,12.76398],[77.53475,12.76476],[77.53462,12.76502],[77.53445,12.76523],[77.53446,12.76539],[77.53468,12.76593],[77.53472,12.76597],[77.53479,12.7659],[77.53512,12.76515],[77.53549,12.76502]]]]}},{"type":"Feature","properties":{"id":"lake-1348","name":"Mapped lake/tank"},"geometry":{"type":"MultiPolygon","coordinates":[[[[77.53807,12.78617],[77.53761,12.78564],[77.53723,12.78543],[77.53706,12.78542],[77.537,12.78536],[77.53696,12.78517],[77.53706,12.78505],[77.53716,12.78503],[77.53746,12.78514],[77.53757,12.78503],[77.53749,12.78441],[77.53725,12.78428],[77.53685,12.78423],[77.53625,12.78351],[77.53614,12.78314],[77.53612,12.78282],[77.53599,12.78226],[77.53601,12.78203],[77.53621,12.78182],[77.53685,12.78149],[77.53658,12.78118],[77.53639,12.78113],[77.53562,12.78127],[77.53494,12.78215],[77.53441,12.78238],[77.53421,12.78236],[77.53375,12.78201],[77.53362,12.782],[77.53362,12.78207],[77.53408,12.78275],[77.53412,12.78298],[77.53385,12.78423],[77.53369,12.7852],[77.5337,12.78537],[77.53376,12.78545],[77.53391,12.78546],[77.53419,12.78535],[77.53422,12.78511],[77.53428,12.78504],[77.53449,12.78488],[77.53463,12.78483],[77.53524,12.78568],[77.53575,12.78597],[77.53624,12.78658],[77.5367,12.78673],[77.5369,12.78665],[77.53717,12.78663],[77.53773,12.78679],[77.53786,12.78688],[77.538,12.78723],[77.53817,12.78745],[77.53838,12.78756],[77.53874,12.7876],[77.53875,12.78733],[77.53854,12.78674],[77.53839,12.78649],[77.53807,12.78617]]]]}},{"type":"Feature","properties":{"id":"lake-1349","name":"Mapped lake/tank"},"geometry":{"type":"MultiPolygon","coordinates":[[[[77.57825,12.73587],[77.57811,12.73586],[77.57806,12.7359],[77.57793,12.73617],[77.5778,12.73633],[77.57734,12.73658],[77.57727,12.73666],[77.5773,12.73685],[77.57757,12.73735],[77.57771,12.73752],[77.5779,12.73763],[77.57797,12.73762],[77.57801,12.73756],[77.57805,12.73655],[77.57828,12.736],[77.57825,12.73587]]]]}},{"type":"Feature","properties":{"id":"lake-1350","name":"Mapped lake/tank"},"geometry":{"type":"MultiPolygon","coordinates":[[[[77.56968,12.72574],[77.56962,12.72579],[77.56953,12.72599],[77.56941,12.7263],[77.56942,12.7264],[77.56977,12.72639],[77.57003,12.72631],[77.56981,12.72588],[77.56968,12.72574]]]]}},{"type":"Feature","properties":{"id":"lake-1351","name":"Mapped lake/tank"},"geometry":{"type":"MultiPolygon","coordinates":[[[[77.56926,12.73631],[77.56926,12.73644],[77.56951,12.73708],[77.56957,12.73735],[77.56973,12.73736],[77.5699,12.73719],[77.5703,12.73701],[77.5704,12.73692],[77.57043,12.73681],[77.57035,12.73653],[77.57018,12.73625],[77.57007,12.73582],[77.56998,12.73567],[77.56984,12.73564],[77.56969,12.7359],[77.56935,12.73614],[77.56926,12.73631]]]]}},{"type":"Feature","properties":{"id":"lake-1352","name":"Mapped lake/tank"},"geometry":{"type":"MultiPolygon","coordinates":[[[[77.56816,12.7213],[77.56783,12.72142],[77.56778,12.72151],[77.56793,12.72184],[77.56812,12.72197],[77.56827,12.72189],[77.56817,12.72167],[77.5683,12.7215],[77.56824,12.72132],[77.56816,12.7213]]]]}},{"type":"Feature","properties":{"id":"lake-1353","name":"Mapped lake/tank"},"geometry":{"type":"MultiPolygon","coordinates":[[[[77.5601,12.72147],[77.56016,12.72146],[77.56016,12.72135],[77.56029,12.72126],[77.56029,12.7212],[77.56042,12.7213],[77.56068,12.7212],[77.56068,12.72077],[77.56037,12.72042],[77.5603,12.7204],[77.55924,12.72064],[77.55923,12.72072],[77.55972,12.72074],[77.55984,12.72105],[77.55976,12.72127],[77.55995,12.72122],[77.56002,12.72147],[77.5601,12.72147]]]]}},{"type":"Feature","properties":{"id":"lake-1354","name":"Mapped lake/tank"},"geometry":{"type":"MultiPolygon","coordinates":[[[[77.57847,12.72763],[77.57819,12.72775],[77.57814,12.72784],[77.57827,12.72809],[77.57847,12.72832],[77.57847,12.72763]]]]}},{"type":"Feature","properties":{"id":"lake-1355","name":"Mapped lake/tank"},"geometry":{"type":"MultiPolygon","coordinates":[[[[77.37306,12.87195],[77.37316,12.87181],[77.37334,12.87169],[77.37335,12.87131],[77.3732,12.87082],[77.37293,12.87047],[77.37278,12.87043],[77.37266,12.87046],[77.37243,12.87063],[77.3726,12.87176],[77.3729,12.87195],[77.37306,12.87195]]]]}}]}